id,pixel_00,pixel_01,pixel_02,pixel_03,pixel_04,pixel_05,pixel_06,pixel_07,pixel_08,pixel_09,pixel_10,pixel_11,pixel_12,pixel_13,pixel_14,pixel_15,pixel_16,pixel_17,pixel_18,pixel_19,pixel_20,pixel_21,pixel_22,pixel_23,pixel_24,pixel_25,pixel_26,pixel_27,pixel_28,pixel_29,pixel_30,pixel_31,pixel_32,pixel_33,pixel_34,pixel_35,pixel_36,pixel_37,pixel_38,pixel_39,pixel_40,pixel_41,pixel_42,pixel_43,pixel_44,pixel_45,pixel_46,pixel_47,pixel_48,pixel_49,pixel_50,pixel_51,pixel_52,pixel_53,pixel_54,pixel_55,pixel_56,pixel_57,pixel_58,pixel_59,pixel_60,pixel_61,pixel_62,pixel_63
img_0000,0,0,6,15,14,2,0,0,0,5,16,11,14,12,0,0,0,5,11,3,16,5,0,0,0,0,0,14,16,7,0,0,0,0,0,8,10,16,3,0,0,1,4,0,0,12,7,0,0,7,16,5,6,16,5,0,0,1,8,15,16,12,1,0
img_0001,0,0,0,7,15,1,0,0,0,0,0,15,16,1,0,0,0,0,9,16,16,2,0,0,0,2,16,16,16,0,0,0,0,10,16,16,16,16,8,0,0,8,15,15,14,8,5,0,0,0,0,11,12,0,0,0,0,0,0,6,15,1,0,0
img_0002,0,0,0,0,7,15,1,0,0,0,0,0,11,16,0,0,0,0,0,0,16,14,0,0,0,0,0,10,16,15,0,0,0,0,12,16,16,11,0,0,0,5,16,6,15,12,0,0,0,0,1,0,12,16,0,0,0,0,0,0,4,15,4,0
img_0003,0,0,7,13,16,5,0,0,0,6,15,7,6,14,0,0,0,9,5,1,10,9,0,0,0,0,0,8,16,5,0,0,0,0,0,1,6,15,1,0,0,0,0,0,0,1,12,0,0,0,4,5,2,5,13,0,0,0,6,12,16,14,5,0
img_0004,0,0,2,10,16,13,0,0,0,3,16,8,2,16,1,0,0,8,13,0,2,16,6,0,0,6,16,12,16,16,7,0,0,0,2,4,8,12,1,0,0,0,0,1,15,3,0,0,0,0,0,9,10,0,0,0,0,0,1,16,3,0,0,0
img_0005,0,0,7,14,8,4,0,0,0,0,16,8,15,14,1,0,0,4,16,4,0,8,4,0,0,8,14,0,0,4,4,0,0,8,16,0,0,4,5,0,0,3,16,1,0,11,4,0,0,0,15,16,16,12,0,0,0,0,6,13,7,0,0,0
img_0006,0,0,7,7,13,16,4,0,0,0,13,13,6,12,7,0,0,0,10,4,10,11,1,0,0,0,8,16,10,0,0,0,0,3,14,16,0,0,0,0,0,8,8,11,5,0,0,0,0,4,10,9,8,0,0,0,0,1,11,16,6,0,0,0
img_0007,0,0,0,3,13,1,0,0,0,0,0,8,16,3,0,0,0,0,1,15,16,4,0,0,0,0,8,16,16,1,0,0,0,2,16,14,16,5,1,0,0,11,16,16,16,16,10,0,0,5,8,11,16,4,1,0,0,0,0,2,16,2,0,0
img_0008,0,2,6,10,12,1,0,0,0,14,13,10,5,1,0,0,0,10,6,0,0,0,0,0,0,10,13,12,12,5,0,0,0,2,8,5,7,14,8,0,0,0,0,0,0,5,12,0,0,0,2,2,1,10,10,0,0,0,5,16,16,14,1,0
img_0009,0,0,13,13,1,0,0,0,0,7,16,13,12,13,0,0,0,8,13,1,15,16,4,0,0,4,15,13,15,15,10,0,0,0,6,11,3,9,13,0,0,0,0,0,0,5,16,0,0,1,7,0,1,9,15,1,0,1,13,16,16,16,6,0
img_0010,0,0,7,13,11,1,0,0,0,6,14,12,14,9,0,0,0,5,14,3,10,9,0,0,0,0,8,15,14,2,0,0,0,0,1,14,16,6,0,0,0,0,9,9,3,15,4,0,0,0,12,5,1,11,8,0,0,0,7,16,16,9,1,0
img_0011,0,0,6,15,12,5,0,0,0,0,8,16,16,13,1,0,0,0,8,16,16,12,0,0,0,0,8,16,16,10,0,0,0,0,16,16,16,5,0,0,0,5,16,16,16,1,0,0,0,3,15,16,16,2,0,0,0,0,10,16,15,3,0,0
img_0012,0,1,12,16,13,2,0,0,0,5,14,6,13,12,0,0,0,0,0,3,15,7,0,0,0,0,2,16,8,0,0,0,0,0,1,12,16,11,1,0,0,0,0,0,5,15,7,0,0,0,6,0,4,14,7,0,0,0,16,16,15,8,1,0
img_0013,0,0,1,14,16,16,15,1,0,0,11,14,8,13,11,0,0,0,15,6,0,14,3,0,0,0,5,1,5,13,1,0,0,0,0,13,16,16,9,0,0,0,2,16,15,9,1,0,0,0,0,11,9,0,0,0,0,0,3,16,2,0,0,0
img_0014,0,0,5,14,14,8,2,0,0,3,15,3,0,13,8,0,0,5,12,0,2,15,8,0,0,2,15,9,14,14,8,0,0,0,1,3,0,12,5,0,0,0,0,0,0,12,4,0,0,6,15,2,0,14,1,0,0,1,7,14,12,9,0,0
img_0015,0,0,4,13,16,16,16,10,0,0,11,15,12,13,16,5,0,0,0,0,0,12,11,0,0,0,1,0,5,15,2,0,0,0,14,13,15,15,6,0,0,0,15,16,15,9,2,0,0,0,1,16,7,0,0,0,0,0,6,14,2,0,0,0
img_0016,0,0,8,12,15,16,5,0,0,0,10,11,2,3,0,0,0,0,13,5,0,0,0,0,0,2,16,10,12,11,1,0,0,1,16,13,8,14,7,0,0,0,1,0,0,13,3,0,0,0,1,6,12,10,0,0,0,0,10,10,7,0,0,0
img_0017,0,0,10,16,13,12,15,5,0,4,16,8,12,16,6,0,0,6,12,2,16,7,0,0,0,1,5,9,14,1,0,0,0,1,7,16,12,2,0,0,0,8,16,16,12,5,0,0,0,1,11,10,0,0,0,0,0,0,14,6,0,0,0,0
img_0018,0,0,0,9,15,9,0,0,0,0,8,15,5,12,2,0,0,0,15,15,3,13,3,0,0,0,11,16,16,13,0,0,0,4,16,10,15,0,0,0,0,3,12,0,8,7,0,0,0,0,12,8,10,11,0,0,0,0,0,9,13,4,0,0
img_0019,0,0,0,1,13,13,0,0,0,0,4,15,15,16,0,0,0,8,16,10,6,14,0,0,0,10,6,0,8,13,0,0,0,0,0,0,10,13,0,0,0,0,0,0,13,9,0,0,0,0,0,0,14,7,0,0,0,0,0,0,16,7,0,0
img_0020,0,1,12,13,13,0,0,0,0,4,11,6,3,0,0,0,0,7,11,8,6,1,0,0,0,5,15,12,13,12,0,0,0,0,0,0,0,13,4,0,0,0,0,0,0,8,8,0,0,2,10,8,7,15,3,0,0,1,13,16,12,5,0,0
img_0021,0,0,7,14,16,8,0,0,0,0,14,14,16,14,0,0,0,0,0,0,10,12,0,0,0,0,4,4,14,9,2,0,0,7,16,16,16,16,7,0,0,6,12,16,11,1,0,0,0,0,2,16,3,0,0,0,0,0,6,13,0,0,0,0
img_0022,0,0,2,11,12,1,0,0,0,2,14,9,9,8,0,0,0,10,12,0,13,6,0,0,0,6,5,2,13,2,0,0,0,0,0,10,9,0,0,0,0,0,0,1,10,9,1,0,0,0,6,7,0,12,6,0,0,0,1,12,16,16,5,0
img_0023,0,0,8,15,12,4,0,0,0,5,14,4,11,7,0,0,0,0,0,1,14,3,0,0,0,0,2,15,14,1,0,0,0,0,0,8,13,11,0,0,0,0,0,0,0,13,5,0,0,0,12,2,3,12,7,0,0,0,13,16,15,8,0,0
img_0024,0,0,8,14,11,2,0,0,0,6,16,7,6,13,1,0,0,8,11,0,0,10,4,0,0,7,8,0,0,5,7,0,0,8,4,0,0,7,8,0,0,2,10,0,0,7,10,0,0,0,14,3,4,15,3,0,0,0,5,16,16,7,0,0
img_0025,0,0,2,13,11,0,0,0,0,0,11,14,11,9,0,0,0,0,15,7,6,12,0,0,0,0,8,5,9,12,0,0,0,0,0,1,14,7,0,0,0,0,0,7,16,0,0,0,0,0,1,12,12,4,4,1,0,0,1,15,16,16,16,7
img_0026,0,0,6,12,16,10,0,0,0,4,15,8,12,14,0,0,0,0,0,0,13,8,0,0,0,0,0,6,14,1,0,0,0,0,0,5,15,8,0,0,0,0,0,0,2,15,5,0,0,0,1,4,5,15,8,0,0,0,5,16,14,9,1,0
img_0027,0,0,0,12,7,0,0,0,0,0,6,15,1,1,0,0,0,1,14,8,10,8,0,0,0,6,15,0,13,12,6,0,0,14,15,12,16,16,9,0,0,10,16,15,16,8,1,0,0,0,0,10,16,1,0,0,0,0,0,12,9,0,0,0
img_0028,0,0,2,10,10,11,0,0,0,0,10,9,9,16,0,0,0,0,14,0,6,15,0,0,0,0,11,14,9,16,1,0,0,0,0,0,0,13,3,0,0,0,0,0,0,12,3,0,0,10,9,5,0,15,1,0,0,0,2,14,16,13,0,0
img_0029,0,2,15,16,16,13,2,0,0,7,16,13,8,8,3,0,0,4,16,4,0,0,0,0,0,0,16,11,0,0,0,0,0,0,12,16,3,0,0,0,0,0,2,13,11,0,0,0,0,3,8,15,8,0,0,0,0,2,15,15,1,0,0,0
img_0030,0,0,13,13,13,12,4,0,0,1,16,5,5,9,4,0,0,4,13,0,2,1,0,0,0,5,14,11,16,13,2,0,0,5,15,6,0,9,8,0,0,0,3,0,0,10,8,0,0,3,14,5,7,15,1,0,0,1,9,14,15,4,0,0
img_0031,0,1,10,16,3,0,0,0,0,5,16,14,8,0,0,0,0,10,11,8,12,0,0,0,0,1,1,8,12,0,0,0,0,0,0,12,8,0,0,0,0,0,2,15,5,1,2,0,0,0,10,16,14,14,12,0,0,0,14,16,16,13,7,0
img_0032,0,2,15,16,5,0,0,0,0,0,4,11,9,0,0,0,0,0,0,13,7,2,1,0,0,1,8,16,14,16,10,0,0,10,16,15,7,1,0,0,0,0,14,8,0,0,0,0,0,1,16,3,0,0,0,0,0,2,15,1,0,0,0,0
img_0033,0,0,1,10,9,0,0,0,0,0,9,15,4,0,0,0,0,1,16,5,0,0,0,0,0,4,16,1,4,14,4,0,0,4,16,12,14,16,5,0,0,0,1,7,16,9,0,0,0,0,0,2,16,4,0,0,0,0,0,10,13,0,0,0
img_0034,0,0,5,14,10,7,0,0,0,0,16,16,16,16,3,0,0,3,16,10,2,16,7,0,0,7,16,3,0,12,8,0,0,8,16,1,0,12,8,0,0,7,16,5,2,16,4,0,0,2,16,15,14,13,0,0,0,0,7,15,13,2,0,0
img_0035,0,1,9,15,16,6,0,0,0,13,15,10,16,11,0,0,0,5,3,4,16,7,0,0,0,0,0,8,16,7,0,0,0,0,0,1,13,15,5,0,0,0,0,0,2,13,11,0,0,0,12,5,3,13,14,0,0,0,10,16,16,14,5,0
img_0036,0,0,12,9,12,1,0,0,0,0,14,16,16,8,0,0,0,3,16,9,3,15,2,0,0,4,16,1,0,16,5,0,0,5,12,0,0,16,5,0,0,3,14,1,4,16,4,0,0,0,15,12,14,14,0,0,0,0,7,12,12,2,0,0
img_0037,0,0,1,9,15,11,3,0,0,0,12,9,1,11,6,0,0,0,13,7,6,16,8,0,0,0,4,10,12,15,4,0,0,0,0,0,0,12,6,0,0,8,7,0,0,15,5,0,0,1,12,10,4,16,3,0,0,0,0,13,16,8,0,0
img_0038,0,0,9,12,12,12,6,0,0,1,14,6,4,4,2,0,0,4,15,12,9,1,0,0,0,4,15,8,11,11,0,0,0,0,1,0,0,14,4,0,0,0,0,0,0,10,8,0,0,0,10,1,0,8,8,0,0,0,9,16,16,15,4,0
img_0039,0,1,8,13,15,5,0,0,0,8,14,7,16,14,0,0,0,10,12,1,10,16,2,0,0,2,12,14,15,16,4,0,0,0,0,4,4,15,8,0,0,0,0,0,0,9,9,0,0,0,9,7,1,10,12,0,0,0,6,13,16,15,6,0
img_0040,0,2,15,12,1,0,0,0,0,4,16,13,13,0,0,0,0,0,14,3,15,12,5,0,0,0,5,16,16,11,0,0,0,2,13,13,14,2,0,0,0,5,13,0,6,8,0,0,0,4,11,0,1,15,0,0,0,2,12,16,16,7,0,0
img_0041,0,0,2,15,10,1,0,0,0,2,13,12,14,9,0,0,0,6,16,1,1,14,2,0,0,8,16,0,0,10,5,0,0,8,14,2,0,8,8,0,0,6,14,0,0,8,8,0,0,1,14,12,8,15,6,0,0,0,3,13,16,8,1,0
img_0042,0,1,10,15,11,1,0,0,0,3,8,8,11,12,0,0,0,0,0,5,14,15,1,0,0,0,0,11,15,2,0,0,0,0,0,4,15,2,0,0,0,0,0,0,12,10,0,0,0,0,3,4,10,16,1,0,0,0,13,16,15,10,0,0
img_0043,0,1,8,14,15,2,0,0,0,2,13,9,14,8,0,0,0,0,0,0,12,9,0,0,0,0,2,13,13,0,0,0,0,0,3,15,16,6,0,0,0,1,1,0,12,14,0,0,0,5,13,5,6,16,1,0,0,1,9,12,13,9,0,0
img_0044,0,0,4,15,16,16,5,0,0,0,6,9,11,16,11,0,0,0,0,0,3,16,5,0,0,0,0,3,14,16,10,0,0,0,7,16,16,11,3,0,0,0,8,15,13,0,0,0,0,0,5,16,7,0,0,0,0,0,7,14,2,0,0,0
img_0045,0,0,0,8,14,0,0,0,0,0,5,16,7,1,9,3,0,2,15,12,0,13,16,4,0,9,16,10,10,16,11,0,0,4,15,16,16,14,1,0,0,0,0,1,15,9,0,0,0,0,0,5,16,3,0,0,0,0,0,11,14,0,0,0
img_0046,0,0,6,15,16,15,11,0,0,1,15,14,8,8,7,0,0,4,16,5,0,0,0,0,0,7,16,8,0,0,0,0,0,1,11,16,8,0,0,0,0,0,0,15,11,0,0,0,0,0,0,14,11,0,0,0,0,0,9,16,5,0,0,0
img_0047,0,4,16,16,3,0,0,0,0,11,14,11,11,0,0,0,0,11,7,2,16,1,0,0,0,0,0,3,16,0,0,0,0,0,0,10,12,0,0,0,0,0,3,16,8,5,3,0,0,0,12,16,16,16,16,0,0,3,16,15,8,7,4,0
img_0048,0,0,0,9,16,6,0,0,0,0,8,16,12,5,0,0,0,2,16,9,0,0,0,0,0,6,16,6,2,0,0,0,0,8,16,16,16,7,0,0,0,2,16,7,7,16,4,0,0,0,9,13,3,14,9,0,0,0,0,8,16,16,7,0
img_0049,0,0,5,12,13,12,0,0,0,7,13,5,8,15,0,0,0,4,14,4,13,16,3,0,0,0,6,12,8,9,4,0,0,0,0,0,0,8,8,0,0,0,0,0,0,6,8,0,0,0,1,3,2,13,6,0,0,0,6,16,16,8,1,0
img_0050,0,0,13,16,9,4,0,0,0,0,15,9,9,15,1,0,0,0,11,9,13,11,0,0,0,0,5,16,14,1,0,0,0,0,7,16,10,0,0,0,0,0,14,10,16,2,0,0,0,0,16,4,15,7,0,0,0,0,11,16,16,3,0,0
img_0051,0,2,9,15,16,15,2,0,0,11,11,5,9,16,3,0,0,0,0,0,9,12,0,0,0,0,0,0,6,15,1,0,0,0,0,0,0,14,9,0,0,0,0,0,0,12,12,0,0,0,5,3,6,15,7,0,0,0,12,16,15,9,1,0
img_0052,0,0,5,16,11,0,0,0,0,0,12,13,13,11,0,0,0,0,13,8,6,16,0,0,0,0,7,14,16,16,4,0,0,0,0,7,8,14,7,0,0,0,4,0,0,8,12,0,0,1,15,11,8,13,11,0,0,0,5,11,12,14,3,0
img_0053,0,0,0,12,4,0,0,0,0,0,6,15,2,0,0,0,0,0,16,5,0,4,4,0,0,4,15,2,3,15,9,0,0,2,15,16,16,16,4,0,0,0,2,8,16,8,0,0,0,0,0,8,15,0,0,0,0,0,0,11,9,0,0,0
img_0054,0,0,2,15,3,0,0,0,0,0,4,16,4,0,0,0,0,0,4,16,5,0,0,0,0,0,14,16,6,0,0,0,0,0,7,15,7,0,0,0,0,0,2,10,9,0,0,0,0,0,16,16,15,9,16,5,0,0,3,15,16,15,7,1
img_0055,0,0,13,16,15,2,0,0,0,5,14,5,15,7,0,0,0,0,2,0,12,7,0,0,0,0,5,9,16,7,0,0,0,0,8,16,16,16,10,0,0,0,2,16,3,0,0,0,0,0,8,13,0,0,0,0,0,0,15,7,0,0,0,0
img_0056,0,0,11,15,12,1,0,0,0,0,7,16,16,7,0,0,0,0,12,16,16,16,1,0,0,0,13,16,16,13,2,0,0,0,14,16,16,4,0,0,0,2,16,16,14,0,0,0,0,0,14,16,14,0,0,0,0,0,8,16,13,1,0,0
img_0057,0,0,0,9,11,0,0,0,0,0,5,14,3,2,0,0,0,0,15,2,1,14,3,0,0,5,13,0,13,8,1,0,0,8,13,3,16,14,6,0,0,6,15,16,13,3,0,0,0,0,0,9,11,0,0,0,0,0,0,11,7,0,0,0
img_0058,0,1,10,15,15,3,0,0,0,6,13,4,10,12,0,0,0,4,11,0,7,15,0,0,0,2,14,16,16,14,2,0,0,0,1,4,3,10,6,0,0,0,0,0,0,2,12,0,0,0,3,3,0,2,13,0,0,0,10,16,16,16,11,0
img_0059,0,0,5,15,2,0,0,0,0,0,1,16,8,0,0,0,0,0,0,14,12,0,0,0,0,0,2,16,16,3,0,0,0,0,2,9,14,6,0,0,0,0,0,0,6,13,0,0,0,0,2,10,12,16,4,4,0,0,4,15,16,16,16,16
img_0060,0,0,4,15,16,12,0,0,0,0,6,9,12,10,0,0,0,0,0,0,10,9,0,0,0,0,2,4,15,10,4,0,0,2,15,16,16,15,7,0,0,0,8,13,9,0,0,0,0,0,1,16,4,0,0,0,0,0,6,13,0,0,0,0
img_0061,0,0,1,10,15,2,0,0,0,0,7,16,7,3,5,0,0,3,16,7,3,16,11,0,0,9,14,1,10,14,2,0,0,11,16,16,16,10,0,0,0,2,4,8,16,3,0,0,0,0,0,9,13,0,0,0,0,0,0,12,9,0,0,0
img_0062,0,0,12,16,16,16,7,0,0,1,14,15,6,4,1,0,0,8,16,2,0,0,0,0,0,9,16,12,12,9,1,0,0,1,8,8,8,15,10,0,0,0,0,0,0,13,12,0,0,0,8,2,6,16,5,0,0,1,11,16,16,8,0,0
img_0063,0,0,9,16,16,10,0,0,0,2,16,9,11,11,0,0,0,0,15,7,12,16,3,0,0,0,7,16,15,15,7,0,0,0,0,0,0,10,10,0,0,0,0,0,0,11,10,0,0,0,11,2,6,16,6,0,0,0,9,16,16,11,1,0
img_0064,0,0,3,10,16,12,0,0,0,0,13,12,0,2,0,0,0,4,16,2,0,0,0,0,0,0,16,14,16,14,2,0,0,6,16,12,5,16,5,0,0,1,12,1,0,14,7,0,0,0,0,3,13,13,1,0,0,0,1,13,10,1,0,0
img_0065,0,0,3,11,0,0,0,0,0,0,9,13,0,0,0,0,0,0,15,4,0,0,0,0,0,2,15,0,1,0,0,0,0,4,15,14,16,13,2,0,0,3,16,11,3,7,12,0,0,0,13,6,3,8,14,0,0,0,4,14,16,14,7,0
img_0066,0,0,0,0,13,16,6,0,0,0,3,11,16,16,5,0,0,5,16,16,16,16,4,0,0,4,10,9,16,16,4,0,0,0,0,0,13,16,4,0,0,0,0,0,12,16,4,0,0,0,0,2,16,16,7,0,0,0,0,1,12,14,5,0
img_0067,0,0,10,13,2,0,0,0,0,0,12,16,10,0,0,0,0,0,7,14,16,0,0,0,0,0,0,2,16,1,0,0,0,0,0,2,16,1,0,0,0,0,4,8,15,0,0,0,0,0,16,16,16,13,11,0,0,0,8,14,8,11,14,1
img_0068,0,0,5,12,13,4,0,0,0,3,16,10,2,5,9,0,0,0,15,14,11,15,3,0,0,0,7,16,15,1,0,0,0,0,3,16,16,4,0,0,0,0,8,14,13,12,0,0,0,0,12,12,13,11,0,0,0,0,7,16,11,2,0,0
img_0069,0,0,2,14,13,8,0,0,0,0,12,13,12,13,0,0,0,0,11,6,6,16,4,0,0,0,5,16,15,16,8,0,0,0,0,2,4,11,8,0,0,0,0,0,0,11,9,0,0,2,13,7,1,11,10,0,0,0,2,10,15,16,2,0
img_0070,0,0,1,9,13,11,0,0,0,0,10,11,12,16,1,0,0,0,15,4,12,16,1,0,0,0,12,16,11,15,1,0,0,0,0,0,0,14,0,0,0,0,0,0,3,14,0,0,0,4,12,8,10,11,0,0,0,0,2,9,16,6,0,0
img_0071,0,0,4,13,12,6,0,0,0,4,15,5,10,16,0,0,0,4,16,1,11,16,0,0,0,1,10,16,13,16,2,0,0,0,0,4,0,15,3,0,0,0,0,0,0,12,4,0,0,0,6,6,0,9,8,0,0,0,5,12,15,16,7,0
img_0072,0,1,7,15,16,16,14,0,0,10,16,11,6,3,1,0,0,7,16,16,12,0,0,0,0,8,16,12,16,4,0,0,0,1,4,0,13,8,0,0,0,0,0,0,15,8,0,0,0,0,0,7,16,2,0,0,0,0,13,15,5,0,0,0
img_0073,0,0,0,5,14,0,0,0,0,0,1,15,13,0,0,0,0,0,9,16,13,0,0,0,0,5,16,15,13,0,0,0,0,8,16,16,16,15,9,0,0,0,4,10,14,8,5,0,0,0,0,8,12,0,0,0,0,0,0,7,10,0,0,0
img_0074,0,0,5,16,5,0,0,0,0,0,12,14,1,0,0,0,0,0,15,10,0,0,0,0,0,3,16,9,1,0,0,0,0,7,16,16,16,9,0,0,0,1,16,10,8,16,6,0,0,0,12,14,5,9,13,0,0,0,4,15,15,12,3,0
img_0075,0,0,3,10,13,7,0,0,0,1,14,13,15,14,0,0,0,0,15,5,14,9,0,0,0,0,0,10,16,5,0,0,0,0,0,7,14,16,3,0,0,4,5,0,2,16,4,0,0,10,16,10,8,16,3,0,0,0,5,12,14,8,0,0
img_0076,0,1,12,16,16,15,0,0,0,7,13,7,8,16,0,0,0,0,1,0,8,14,0,0,0,0,7,15,16,16,11,0,0,3,15,12,15,4,2,0,0,0,1,12,7,0,0,0,0,0,2,16,2,0,0,0,0,0,13,9,0,0,0,0
img_0077,0,0,5,13,16,16,6,0,0,0,12,6,4,13,9,0,0,0,0,0,1,15,3,0,0,0,0,2,10,13,2,0,0,2,12,16,16,12,5,0,0,1,6,9,11,0,0,0,0,0,0,15,1,0,0,0,0,0,6,11,0,0,0,0
img_0078,0,0,4,16,16,4,0,0,0,0,10,15,12,14,0,0,0,2,11,0,0,9,6,0,0,5,6,0,0,4,5,0,0,4,9,0,0,7,4,0,0,4,10,0,2,14,0,0,0,0,14,15,16,8,0,0,0,0,4,13,10,0,0,0
img_0079,0,0,6,16,16,12,3,0,0,0,13,12,10,16,2,0,0,1,16,3,10,11,0,0,0,1,7,1,16,3,0,0,0,0,0,7,15,4,1,0,0,0,10,16,16,16,4,0,0,0,2,16,8,3,0,0,0,0,6,16,3,0,0,0
img_0080,0,0,3,11,15,13,2,0,0,2,15,11,8,14,7,0,0,8,14,0,2,13,2,0,0,3,13,16,16,15,1,0,0,0,0,0,14,5,0,0,0,0,0,7,14,0,0,0,0,0,1,15,4,0,0,0,0,0,2,16,1,0,0,0
img_0081,0,0,0,14,8,0,0,0,0,0,3,16,3,0,0,0,0,0,12,9,9,7,0,0,0,6,15,1,14,11,6,0,0,13,14,8,16,16,7,0,0,8,16,16,16,3,0,0,0,0,1,11,14,0,0,0,0,0,0,14,14,0,0,0
img_0082,0,0,5,16,14,2,0,0,0,1,13,14,16,8,0,0,0,9,15,3,16,5,0,0,0,10,13,3,16,3,0,0,0,3,3,11,13,0,0,0,0,0,0,13,10,0,0,0,0,0,2,16,16,16,10,0,0,0,6,16,14,12,9,0
img_0083,0,0,12,16,12,0,0,0,0,3,16,12,16,3,0,0,0,1,8,4,16,3,0,0,0,0,0,7,16,1,0,0,0,0,0,10,12,0,0,0,0,0,4,16,2,0,0,0,0,0,11,15,8,8,2,0,0,0,12,16,16,12,1,0
img_0084,0,5,15,12,12,12,4,0,0,10,14,12,12,9,7,0,0,12,11,0,0,0,0,0,0,5,15,10,0,0,0,0,0,0,3,16,3,0,0,0,0,0,0,15,4,0,0,0,0,1,7,16,4,0,0,0,0,4,15,12,0,0,0,0
img_0085,0,0,1,12,7,0,0,0,0,0,8,14,1,0,0,0,0,0,15,7,0,3,5,0,0,5,16,0,4,15,4,0,0,5,16,16,16,15,2,0,0,0,11,12,16,8,0,0,0,0,0,5,16,3,0,0,0,0,0,13,10,0,0,0
img_0086,0,0,6,13,0,0,0,0,0,0,15,12,0,0,0,0,0,0,16,6,0,0,0,0,0,3,16,14,11,5,0,0,0,5,16,12,11,16,6,0,0,6,16,9,2,16,9,0,0,0,13,14,8,16,8,0,0,0,4,15,16,13,2,0
img_0087,0,0,11,15,15,16,9,0,0,4,16,14,8,9,3,0,0,4,12,0,0,0,0,0,0,6,16,15,3,0,0,0,0,3,11,11,12,0,0,0,0,0,0,2,16,0,0,0,0,2,12,9,16,0,0,0,0,0,11,16,8,0,0,0
img_0088,0,0,0,0,13,12,0,0,0,0,0,10,16,14,0,0,0,1,12,16,16,11,0,0,0,11,16,12,16,8,0,0,0,6,4,7,16,6,0,0,0,0,0,6,16,5,0,0,0,0,0,4,16,8,0,0,0,0,0,0,15,11,0,0
img_0089,0,0,7,13,10,1,0,0,0,1,15,3,9,10,0,0,0,3,16,4,13,11,0,0,0,0,6,12,12,16,0,0,0,0,0,0,0,12,5,0,0,0,0,0,0,5,11,0,0,1,11,2,0,7,11,0,0,0,7,13,16,15,4,0
img_0090,0,0,7,15,6,0,0,0,0,0,2,14,15,2,0,0,0,0,0,5,16,6,0,0,0,0,0,5,16,9,2,0,0,5,14,16,15,11,4,0,0,5,7,12,11,0,0,0,0,0,4,15,1,0,0,0,0,0,10,11,0,0,0,0
img_0091,0,0,1,13,4,0,0,0,0,0,5,15,2,0,0,0,0,0,12,7,0,0,0,0,0,0,14,6,0,0,0,0,0,0,16,12,15,15,7,0,0,0,14,14,6,4,14,1,0,0,9,14,3,4,14,2,0,0,1,7,14,16,11,0
img_0092,0,0,2,10,7,0,0,0,0,0,14,16,16,15,1,0,0,4,16,7,3,16,7,0,0,5,16,10,7,16,4,0,0,0,5,14,14,16,4,0,0,0,0,0,0,16,2,0,0,0,4,7,7,16,2,0,0,0,5,12,16,12,0,0
img_0093,0,0,9,12,14,6,0,0,0,0,16,6,0,0,0,0,0,2,15,0,0,0,0,0,0,8,15,12,16,9,1,0,0,1,8,6,2,12,7,0,0,0,0,0,0,11,7,0,0,0,0,0,8,15,2,0,0,0,12,14,9,2,0,0
img_0094,0,0,0,1,7,12,14,1,0,0,1,13,8,4,13,0,0,0,10,16,9,15,11,0,0,1,16,15,15,16,3,0,0,0,11,9,3,14,0,0,0,0,0,0,5,9,0,0,0,0,0,0,7,8,0,0,0,0,0,0,8,6,0,0
img_0095,0,0,3,14,16,14,0,0,0,0,13,13,13,16,2,0,0,0,1,0,9,15,0,0,0,0,9,12,15,16,10,0,0,4,16,16,16,11,3,0,0,0,4,9,14,2,0,0,0,0,2,15,9,0,0,0,0,0,4,13,1,0,0,0
img_0096,0,0,0,6,12,6,0,0,0,0,1,15,14,1,0,0,0,0,10,16,8,0,0,0,0,1,13,16,0,0,0,0,0,3,16,16,11,4,0,0,0,0,16,16,16,16,7,0,0,0,9,16,16,16,12,0,0,0,0,6,11,12,5,0
img_0097,0,0,2,10,16,12,0,0,0,2,15,14,8,1,0,0,0,2,16,4,0,0,0,0,0,6,16,14,13,3,0,0,0,10,16,7,11,12,0,0,0,0,1,0,4,16,0,0,0,0,0,0,7,16,2,0,0,0,2,14,16,8,0,0
img_0098,0,0,0,4,15,2,0,0,0,0,1,16,9,0,0,0,0,0,9,15,1,11,9,0,0,3,14,8,0,14,10,0,0,10,16,12,12,16,8,0,0,13,16,14,15,16,5,0,0,0,0,0,15,13,0,0,0,0,0,4,16,9,0,0
img_0099,0,0,3,11,16,10,0,0,0,0,10,16,10,14,6,0,0,0,15,7,0,11,8,0,0,3,16,2,0,8,8,0,0,4,12,0,0,9,8,0,0,6,15,1,0,12,8,0,0,3,15,10,8,15,4,0,0,0,5,12,14,9,0,0
img_0100,0,0,6,9,11,9,0,0,0,13,16,15,15,15,0,0,0,4,5,2,15,6,0,0,0,0,0,3,15,6,0,0,0,0,0,0,6,15,6,0,0,0,0,0,0,5,12,0,0,0,0,5,13,16,9,0,0,0,3,13,12,7,1,0
img_0101,0,0,0,14,14,1,0,0,0,0,7,16,10,2,0,0,0,0,14,14,1,0,0,0,0,0,14,16,14,4,0,0,0,1,16,16,8,16,2,0,0,0,14,11,0,13,9,0,0,0,9,14,6,16,7,0,0,0,0,14,16,14,0,0
img_0102,0,0,4,14,16,4,0,0,0,3,16,16,16,6,0,0,0,8,16,12,16,7,0,0,0,3,5,12,15,0,0,0,0,0,0,15,12,0,0,0,0,0,6,16,2,0,0,0,0,0,8,16,12,5,1,0,0,0,4,16,16,15,4,0
img_0103,0,0,9,16,16,7,0,0,0,13,15,9,12,15,0,0,0,5,4,0,13,13,0,0,0,0,0,11,16,5,0,0,0,0,0,11,16,10,3,0,0,0,0,0,4,12,13,0,0,0,7,1,1,12,14,0,0,0,9,16,16,14,5,0
img_0104,0,0,6,15,9,0,0,0,0,0,11,16,16,13,0,0,0,0,10,16,16,16,7,0,0,1,16,8,0,11,8,0,0,7,14,1,0,10,8,0,0,8,12,0,0,13,4,0,0,5,16,8,9,13,0,0,0,0,6,12,13,5,0,0
img_0105,0,0,0,13,12,0,0,0,0,0,0,14,16,1,0,0,0,0,1,15,16,1,0,0,0,0,4,16,16,3,0,0,0,0,5,15,16,9,0,0,0,0,0,0,12,15,1,0,0,0,1,11,9,16,11,2,0,0,0,11,16,16,16,16
img_0106,0,0,2,9,14,12,0,0,0,0,12,16,10,15,1,0,0,4,14,3,2,6,6,0,0,5,7,0,0,3,8,0,0,4,7,0,0,1,8,0,0,3,12,1,0,5,8,0,0,0,10,12,7,14,3,0,0,0,1,12,16,8,0,0
img_0107,0,0,3,14,7,0,0,0,0,0,14,16,14,9,0,0,0,4,16,16,11,15,3,0,0,5,15,6,0,4,8,0,0,8,8,0,0,4,8,0,0,5,11,0,0,6,6,0,0,0,13,10,5,15,5,0,0,0,2,12,14,8,0,0
img_0108,0,2,16,16,16,16,3,0,0,1,16,13,6,4,0,0,0,9,16,3,0,0,0,0,0,9,16,13,7,0,0,0,0,3,11,13,16,9,0,0,0,0,0,0,7,16,1,0,0,2,11,5,12,14,0,0,0,3,16,16,16,5,0,0
img_0109,0,0,9,8,12,13,1,0,0,3,15,8,5,4,0,0,0,6,9,2,6,2,0,0,0,6,16,14,9,13,4,0,0,2,7,0,0,7,8,0,0,0,0,0,0,7,10,0,0,0,8,5,6,14,3,0,0,0,10,14,15,5,0,0
img_0110,0,0,3,14,10,3,0,0,0,0,10,14,13,15,1,0,0,0,12,4,4,16,4,0,0,0,6,15,15,16,8,0,0,0,1,8,8,14,8,0,0,0,2,0,0,9,11,0,0,0,16,10,8,12,12,0,0,0,7,12,14,14,6,0
img_0111,0,0,2,13,16,8,0,0,0,0,11,16,6,2,0,0,0,2,16,8,0,0,0,0,0,5,16,9,1,0,0,0,0,5,16,16,13,2,0,0,0,1,16,6,8,14,0,0,0,0,11,10,1,16,5,0,0,0,3,15,16,16,3,0
img_0112,0,0,9,14,16,10,0,0,0,0,10,6,12,13,0,0,0,0,0,0,13,13,5,0,0,2,12,15,16,15,14,0,0,2,12,16,7,0,1,0,0,0,3,15,0,0,0,0,0,0,8,14,0,0,0,0,0,0,9,11,0,0,0,0
img_0113,0,0,4,12,13,3,0,0,0,0,7,14,16,9,0,0,0,0,0,12,16,8,0,0,0,0,0,6,16,6,0,0,0,0,0,9,16,6,0,0,0,0,0,12,16,3,0,0,0,0,0,13,16,3,0,0,0,0,0,15,16,11,0,0
img_0114,0,0,8,13,12,3,0,0,0,6,15,7,9,12,0,0,0,0,0,0,7,11,0,0,0,0,0,4,15,3,0,0,0,0,0,10,16,9,0,0,0,0,0,0,4,15,7,0,0,0,11,2,1,15,7,0,0,0,8,16,16,12,0,0
img_0115,0,0,2,11,14,12,3,0,0,0,14,14,9,15,8,0,0,5,12,0,5,15,2,0,0,3,16,11,15,3,0,0,0,0,1,14,16,4,0,0,0,0,0,15,5,15,0,0,0,0,1,16,10,11,0,0,0,0,0,15,13,2,0,0
img_0116,0,0,1,13,10,0,0,0,0,7,16,16,16,7,0,0,0,8,16,13,10,15,0,0,0,8,16,2,2,15,3,0,0,5,15,2,0,12,7,0,0,1,15,6,2,16,3,0,0,0,11,15,13,16,0,0,0,0,1,15,14,8,0,0
img_0117,0,0,1,9,13,1,0,0,0,1,12,14,5,0,0,0,0,2,16,5,0,0,0,0,0,5,15,0,3,0,0,0,0,3,16,16,16,15,3,0,0,2,16,11,1,9,11,0,0,0,11,13,6,12,11,0,0,0,0,6,16,15,2,0
img_0118,0,0,10,16,16,10,0,0,0,4,16,6,1,16,2,0,0,0,10,0,1,16,3,0,0,0,0,0,5,15,0,0,0,0,0,0,11,11,0,0,0,0,0,2,15,4,0,0,0,0,2,13,16,12,8,0,0,0,13,15,11,8,14,7
img_0119,0,0,0,2,15,5,0,0,0,0,2,4,10,12,0,0,0,3,15,14,10,8,0,0,0,8,15,1,11,4,0,0,0,1,8,15,16,0,0,0,0,0,0,6,16,12,1,0,0,0,0,4,14,15,4,0,0,0,0,2,14,11,0,0
img_0120,0,0,4,15,16,11,0,0,0,0,7,9,9,16,0,0,0,0,0,0,4,13,0,0,0,0,1,9,15,16,10,0,0,0,13,15,16,8,2,0,0,0,3,7,13,0,0,0,0,0,1,13,4,0,0,0,0,0,6,11,0,0,0,0
img_0121,0,0,6,12,15,9,1,0,0,5,14,4,5,16,3,0,0,9,8,3,13,16,4,0,0,3,15,15,7,10,8,0,0,0,0,1,0,12,8,0,0,0,0,0,0,11,2,0,0,0,7,4,5,13,0,0,0,0,5,14,15,4,0,0
img_0122,0,0,3,12,12,1,0,0,0,3,13,6,9,12,0,0,0,9,5,0,2,15,0,0,0,7,9,4,12,16,1,0,0,0,9,11,3,10,2,0,0,0,0,0,0,11,3,0,0,0,10,2,1,13,0,0,0,0,3,13,16,4,0,0
img_0123,0,1,11,12,14,6,0,0,0,1,6,4,8,16,7,0,0,0,0,0,3,16,5,0,0,0,0,2,14,9,0,0,0,0,0,4,16,7,0,0,0,0,0,1,14,13,0,0,0,0,0,1,12,14,0,0,0,5,12,15,9,1,0,0
img_0124,0,5,16,12,1,0,0,0,0,5,14,15,8,0,0,0,0,0,0,14,10,0,0,0,0,0,2,16,7,0,0,0,0,0,7,16,3,0,0,0,0,2,14,10,0,0,0,0,0,11,16,9,8,8,3,0,0,8,16,16,16,16,4,0
img_0125,0,0,0,10,10,0,0,0,0,0,6,16,6,0,0,0,0,1,14,10,0,0,0,0,0,7,16,3,11,7,0,0,0,12,16,8,16,9,1,0,0,10,16,16,16,16,6,0,0,0,0,10,16,0,0,0,0,0,0,10,11,0,0,0
img_0126,0,0,0,6,16,6,0,0,0,0,0,13,16,10,0,0,0,0,9,16,16,6,0,0,0,3,16,16,16,4,0,0,0,5,16,16,16,6,0,0,0,0,0,9,16,10,0,0,0,0,0,8,16,15,0,0,0,0,0,4,13,11,2,0
img_0127,0,0,4,14,6,0,0,0,0,0,10,15,2,0,0,0,0,0,16,11,0,0,0,0,0,0,13,11,0,0,0,0,0,3,16,12,8,3,0,0,0,2,16,14,8,12,9,0,0,0,16,13,4,12,12,0,0,0,6,15,16,12,1,0
img_0128,0,0,0,0,8,15,9,0,0,0,1,12,8,2,11,0,0,0,10,11,0,11,8,0,0,5,16,14,15,15,3,0,0,2,12,10,4,14,0,0,0,0,0,0,6,9,0,0,0,0,0,0,9,6,0,0,0,0,0,0,9,6,0,0
img_0129,0,0,0,11,13,0,0,0,0,0,1,16,12,0,0,0,0,0,4,16,6,0,0,0,0,0,7,16,16,7,0,0,0,0,8,16,16,14,11,0,0,0,9,16,3,5,16,4,0,0,6,15,5,14,16,2,0,0,1,11,16,15,4,0
img_0130,0,0,3,12,12,2,0,0,0,0,11,10,7,14,2,0,0,0,11,1,0,8,4,0,0,2,14,2,0,5,7,0,0,8,9,0,0,6,8,0,0,3,13,0,0,12,7,0,0,0,15,6,11,12,0,0,0,0,4,15,11,1,0,0
img_0131,0,0,8,14,12,3,0,0,0,6,16,6,14,14,0,0,0,6,13,0,8,14,0,0,0,2,14,14,14,16,3,0,0,0,2,4,6,16,5,0,0,0,0,0,0,16,5,0,0,0,0,0,5,16,3,0,0,0,7,16,16,8,0,0
img_0132,0,0,5,8,11,5,0,0,0,0,13,16,12,12,0,0,0,1,16,9,0,9,3,0,0,3,16,6,0,6,6,0,0,3,11,1,0,5,6,0,0,0,12,0,0,11,6,0,0,0,14,5,12,15,1,0,0,0,6,16,13,2,0,0
img_0133,0,0,5,15,15,2,0,0,0,3,16,9,16,5,0,0,0,5,9,1,16,1,0,0,0,0,0,10,9,0,0,0,0,0,1,16,3,0,0,0,0,0,9,9,0,0,0,0,0,0,11,14,7,6,2,0,0,0,6,16,16,15,2,0
img_0134,0,0,8,11,8,10,0,0,0,3,15,8,12,16,4,0,0,3,12,0,3,16,2,0,0,0,11,10,15,10,0,0,0,0,4,16,16,6,0,0,0,0,7,9,4,16,0,0,0,0,12,11,5,16,0,0,0,0,3,10,9,3,0,0
img_0135,0,0,11,16,10,1,0,0,0,1,15,14,15,11,0,0,0,7,14,1,4,16,3,0,0,7,13,0,0,10,11,0,0,9,12,0,0,8,12,0,0,5,14,0,0,7,13,0,0,1,16,10,5,15,8,0,0,0,7,16,16,15,0,0
img_0136,0,0,2,14,14,0,0,0,0,0,1,15,16,2,0,0,0,0,0,14,16,3,0,0,0,0,0,10,16,5,0,0,0,0,0,12,14,1,0,0,0,0,0,13,13,0,0,0,0,0,1,16,11,0,0,0,0,0,2,15,12,0,0,0
img_0137,0,4,15,14,11,2,0,0,0,7,10,1,11,11,0,0,0,1,13,4,13,16,2,0,0,0,3,11,7,9,6,0,0,0,0,0,0,5,8,0,0,0,0,0,0,5,8,0,0,3,12,0,3,13,5,0,0,2,13,16,16,8,0,0
img_0138,0,0,2,14,8,0,0,0,0,3,14,10,16,1,0,0,0,11,8,2,15,0,0,0,0,9,8,1,13,0,0,0,0,1,3,6,10,0,0,0,0,0,0,9,7,0,0,0,0,0,0,14,9,4,7,3,0,0,1,14,16,16,13,8
img_0139,0,0,4,12,14,5,0,0,0,0,11,16,16,16,3,0,0,3,16,14,2,16,7,0,0,8,16,7,0,16,6,0,0,4,16,4,3,16,4,0,0,4,16,5,10,14,0,0,0,0,14,16,16,10,0,0,0,0,4,14,14,2,0,0
img_0140,0,0,5,13,13,5,0,0,0,0,16,16,10,15,3,0,0,5,16,2,1,8,4,0,0,4,13,0,0,4,8,0,0,8,12,0,0,6,7,0,0,5,15,0,0,7,7,0,0,0,16,8,5,15,3,0,0,0,5,14,15,9,0,0
img_0141,0,0,8,16,15,6,0,0,0,5,14,4,4,15,0,0,0,6,13,0,1,15,2,0,0,1,11,11,13,10,0,0,0,0,1,16,16,3,0,0,0,0,12,9,5,13,2,0,0,0,16,2,1,13,8,0,0,0,8,15,16,14,1,0
img_0142,0,0,3,13,11,7,0,0,0,0,11,16,16,16,2,0,0,4,16,9,1,14,2,0,0,4,16,0,0,16,2,0,0,0,16,1,0,12,8,0,0,0,15,9,0,13,6,0,0,0,9,14,9,14,1,0,0,0,2,12,13,4,0,0
img_0143,0,0,6,14,11,0,0,0,0,3,16,9,16,0,0,0,0,3,7,5,12,0,0,0,0,0,1,14,8,2,0,0,0,0,2,16,16,16,4,0,0,0,0,0,0,11,8,0,0,0,0,4,10,15,2,0,0,0,5,16,12,4,0,0
img_0144,0,0,6,16,16,7,0,0,0,8,16,13,10,16,0,0,0,6,9,0,6,15,0,0,0,0,0,0,13,9,0,0,0,0,0,6,16,1,0,0,0,0,1,15,8,3,5,0,0,0,8,16,11,16,9,0,0,0,5,16,16,7,0,0
img_0145,0,0,13,14,3,0,0,0,0,4,16,15,11,0,0,0,0,7,12,4,16,0,0,0,0,3,6,4,16,0,0,0,0,0,0,9,12,0,0,0,0,0,1,14,7,0,0,0,0,1,14,16,10,10,2,0,0,0,11,12,14,14,6,0
img_0146,0,0,4,14,16,15,1,0,0,5,16,8,4,16,7,0,0,8,13,0,4,16,12,0,0,7,16,15,16,13,3,0,0,0,6,12,16,4,0,0,0,0,0,11,12,0,0,0,0,0,0,16,7,0,0,0,0,0,3,16,2,0,0,0
img_0147,0,0,0,2,13,0,0,0,0,0,0,8,15,0,0,0,0,0,5,16,5,2,0,0,0,0,15,12,1,16,4,0,0,4,16,2,9,16,8,0,0,0,10,14,16,16,4,0,0,0,0,0,13,8,0,0,0,0,0,0,13,6,0,0
img_0148,0,0,3,13,10,1,0,0,0,0,3,16,16,4,0,0,0,0,1,16,16,2,0,0,0,0,6,16,16,1,0,0,0,0,4,16,16,1,0,0,0,0,4,16,16,3,0,0,0,0,7,16,16,0,0,0,0,0,2,14,16,5,0,0
img_0149,0,0,0,14,12,1,0,0,0,0,4,15,7,10,0,0,0,2,16,15,5,12,2,0,0,7,16,0,0,11,5,0,0,5,12,0,0,12,4,0,0,1,15,0,0,14,2,0,0,0,9,6,7,15,0,0,0,0,1,13,16,8,0,0
img_0150,0,0,0,0,5,15,6,0,0,0,0,4,15,16,4,0,0,3,11,16,10,16,4,0,0,4,11,3,0,16,4,0,0,0,0,0,1,16,4,0,0,0,0,0,3,16,3,0,0,0,0,0,5,16,4,0,0,0,0,0,6,15,4,0
img_0151,0,0,5,15,14,3,0,0,0,0,13,15,9,15,2,0,0,4,16,12,0,10,6,0,0,8,16,9,0,8,10,0,0,7,15,5,0,12,11,0,0,7,13,0,5,16,6,0,0,0,16,12,15,13,1,0,0,0,6,16,12,2,0,0
img_0152,0,0,2,15,15,3,0,0,0,0,8,14,16,11,0,0,0,0,0,0,11,14,0,0,0,0,0,0,11,14,3,0,0,0,4,12,16,16,7,0,0,0,11,16,12,1,0,0,0,0,1,14,6,0,0,0,0,0,4,12,1,0,0,0
img_0153,0,0,1,13,15,8,0,0,0,0,11,14,8,15,0,0,0,2,16,3,0,13,2,0,0,5,15,0,0,10,5,0,0,3,10,0,0,10,5,0,0,3,13,0,1,15,3,0,0,0,12,10,11,11,0,0,0,0,1,12,11,4,0,0
img_0154,0,0,5,16,15,4,0,0,0,3,15,13,13,12,0,0,0,7,14,1,0,16,5,0,0,12,9,0,1,11,10,0,0,10,10,0,0,7,13,0,0,6,15,0,0,8,12,0,0,1,14,7,6,15,11,0,0,0,5,15,16,14,3,0
img_0155,0,0,3,15,4,0,0,0,0,0,0,15,11,0,0,0,0,0,0,15,16,2,0,0,0,0,0,14,16,8,0,0,0,0,0,7,13,14,0,0,0,0,0,0,4,16,4,0,0,0,3,9,13,16,12,5,0,0,3,15,16,16,16,16
img_0156,0,0,4,14,14,4,0,0,0,0,15,10,10,13,0,0,0,5,15,0,2,15,6,0,0,4,13,0,0,14,8,0,0,6,9,0,0,12,7,0,0,3,14,1,0,12,5,0,0,0,12,9,6,15,2,0,0,0,3,14,14,6,0,0
img_0157,0,1,14,16,14,8,0,0,0,5,12,5,14,9,0,0,0,2,15,9,13,12,0,0,0,0,3,8,8,16,2,0,0,0,0,0,0,11,6,0,0,0,4,0,0,8,8,0,0,4,14,4,5,14,7,0,0,1,13,16,16,10,1,0
img_0158,0,0,0,14,12,2,0,0,0,0,0,6,8,14,1,0,0,0,9,11,0,13,5,0,0,2,16,8,0,8,8,0,0,5,13,0,0,8,7,0,0,6,13,0,0,11,4,0,0,0,12,10,6,14,0,0,0,0,1,11,14,7,0,0
img_0159,0,3,15,13,12,8,1,0,0,4,16,14,12,12,2,0,0,0,16,4,0,0,0,0,0,0,12,9,0,0,0,0,0,0,7,16,3,0,0,0,0,0,0,14,8,0,0,0,0,0,5,15,10,0,0,0,0,2,15,16,2,0,0,0
img_0160,0,0,0,5,12,12,0,0,0,0,5,16,6,1,0,0,0,0,15,5,0,0,0,0,0,5,13,2,7,4,0,0,0,7,15,16,13,15,3,0,0,3,16,9,0,1,12,0,0,0,10,12,2,6,13,0,0,0,0,8,15,16,5,0
img_0161,0,0,7,13,16,11,0,0,0,3,16,5,4,14,2,0,0,8,11,1,4,15,2,0,0,3,12,14,16,8,0,0,0,0,8,16,15,1,0,0,0,1,15,5,11,12,0,0,0,3,16,5,7,16,1,0,0,0,5,14,16,15,2,0
img_0162,0,0,5,12,16,15,0,0,0,3,16,8,9,16,0,0,0,4,16,14,16,7,0,0,0,5,16,15,5,0,0,0,0,8,15,6,0,0,0,0,0,4,8,14,0,0,0,0,0,3,10,16,1,0,0,0,0,0,6,15,2,0,0,0
img_0163,0,0,1,8,10,8,3,0,0,0,1,16,16,16,8,0,0,0,0,14,16,16,3,0,0,0,1,16,16,15,0,0,0,0,6,16,16,10,0,0,0,0,10,16,15,4,0,0,0,0,8,16,14,0,0,0,0,0,1,8,8,1,0,0
img_0164,0,0,8,12,16,16,9,0,0,4,16,16,13,9,2,0,0,11,14,4,0,0,0,0,0,7,15,10,1,0,0,0,0,0,12,16,13,1,0,0,0,0,0,4,16,4,0,0,0,0,5,10,16,3,0,0,0,0,9,16,10,0,0,0
img_0165,0,0,9,7,0,0,0,0,0,0,9,11,0,0,0,0,0,0,15,4,0,0,0,0,0,2,16,1,0,0,0,0,0,5,16,8,14,9,0,0,0,5,16,15,8,9,10,0,0,3,16,2,0,7,11,0,0,0,7,14,16,12,1,0
img_0166,0,0,0,14,5,0,0,0,0,0,5,16,5,0,0,0,0,0,13,12,0,1,3,0,0,4,16,5,1,15,11,0,0,10,15,4,13,16,3,0,0,8,16,16,16,10,0,0,0,2,11,12,15,1,0,0,0,0,0,16,9,0,0,0
img_0167,0,0,1,14,7,0,0,0,0,0,6,16,16,1,0,0,0,0,7,16,15,0,0,0,0,0,6,16,15,0,0,0,0,0,6,16,15,0,0,0,0,0,4,16,16,1,0,0,0,0,4,16,16,6,0,0,0,0,1,15,16,8,0,0
img_0168,0,0,6,15,11,0,0,0,0,6,16,13,16,0,0,0,0,2,7,13,9,0,0,0,0,0,3,16,15,5,0,0,0,0,0,3,11,16,2,0,0,0,0,0,0,16,7,0,0,0,16,11,10,16,7,0,0,0,5,16,15,9,0,0
img_0169,0,0,2,15,15,3,0,0,0,3,12,15,10,13,0,0,0,3,16,14,11,14,0,0,0,0,7,16,16,9,0,0,0,0,5,16,13,0,0,0,0,0,13,16,11,0,0,0,0,0,13,16,15,0,0,0,0,0,2,15,10,0,0,0
img_0170,0,0,0,10,11,0,0,0,0,0,0,14,14,0,0,0,0,0,4,16,3,0,0,0,0,0,6,16,10,2,0,0,0,0,12,16,12,11,5,0,0,0,11,7,3,2,14,0,0,0,6,13,0,4,13,0,0,0,0,9,16,15,5,0
img_0171,0,0,0,2,13,1,0,0,0,0,0,9,15,2,0,0,0,0,4,16,16,8,0,0,0,0,12,9,14,6,0,0,0,5,14,0,13,7,1,0,0,9,15,12,16,16,4,0,0,2,8,9,16,10,1,0,0,0,0,1,13,2,0,0
img_0172,0,0,9,13,7,0,0,0,0,0,12,16,16,2,0,0,0,0,12,13,16,6,0,0,0,0,6,16,16,14,0,0,0,0,0,0,2,16,3,0,0,0,0,0,0,9,10,0,0,0,3,7,12,14,16,2,0,0,7,12,12,12,11,0
img_0173,0,0,1,8,11,13,15,3,0,0,7,16,10,10,16,5,0,1,13,3,0,9,14,0,0,3,15,0,2,15,4,0,0,5,8,0,10,11,0,0,0,0,0,2,15,4,0,0,0,0,0,8,14,0,0,0,0,0,0,13,7,0,0,0
img_0174,0,0,2,16,12,0,0,0,0,0,5,16,16,1,0,0,0,0,2,16,15,0,0,0,0,0,6,16,14,0,0,0,0,0,8,16,9,0,0,0,0,0,7,16,14,0,0,0,0,0,8,16,11,0,0,0,0,0,2,15,13,0,0,0
img_0175,0,0,0,5,15,2,0,0,0,0,0,14,10,2,0,0,0,0,12,14,4,15,0,0,0,6,16,4,9,15,8,0,0,14,15,11,15,16,9,0,0,7,15,15,16,11,0,0,0,0,0,3,16,6,0,0,0,0,0,6,16,2,0,0
img_0176,0,0,0,10,16,6,0,0,0,0,11,14,5,0,0,0,0,3,16,2,0,0,0,0,0,8,10,0,0,0,0,0,0,6,16,14,11,3,0,0,0,2,14,0,7,13,0,0,0,0,10,9,1,15,2,0,0,0,0,8,16,15,1,0
img_0177,0,1,11,14,9,1,0,0,0,3,16,8,16,4,0,0,0,0,0,3,16,3,0,0,0,0,1,14,13,0,0,0,0,0,0,7,14,10,0,0,0,0,0,0,3,16,4,0,0,1,3,1,8,16,4,0,0,3,10,16,16,8,0,0
img_0178,0,3,15,16,6,0,0,0,0,11,15,12,15,0,0,0,0,2,2,2,16,4,0,0,0,0,0,0,16,4,0,0,0,0,0,5,16,1,0,0,0,0,0,11,15,4,1,0,0,1,10,16,16,16,11,0,0,4,16,14,12,8,3,0
img_0179,0,0,1,14,16,8,0,0,0,0,10,16,11,4,0,0,0,0,1,11,1,0,0,0,0,1,12,3,0,0,0,0,0,2,16,14,13,8,1,0,0,3,16,16,13,16,8,0,0,0,12,16,7,15,12,0,0,0,1,13,16,16,8,0
img_0180,0,0,1,12,6,0,0,0,0,0,12,15,0,0,0,0,0,4,16,10,0,0,0,0,0,7,16,10,1,0,0,0,0,8,16,16,15,7,0,0,0,6,16,9,9,16,3,0,0,0,8,16,13,15,11,0,0,0,1,10,15,14,4,0
img_0181,0,1,11,16,16,12,0,0,0,8,16,13,16,16,3,0,0,1,5,7,16,14,0,0,0,0,0,11,16,4,0,0,0,0,0,2,15,9,0,0,0,0,0,0,11,13,0,0,0,0,3,7,15,14,0,0,0,0,14,16,16,6,0,0
img_0182,0,0,0,10,12,0,0,0,0,0,4,15,1,0,0,0,0,0,13,10,1,2,0,0,0,5,15,2,15,9,1,0,0,11,13,6,16,16,9,0,0,13,16,16,16,10,2,0,0,2,7,13,11,0,0,0,0,0,0,13,11,0,0,0
img_0183,0,0,6,13,16,6,0,0,0,3,16,14,15,16,1,0,0,0,5,0,8,16,2,0,0,0,0,0,8,16,3,0,0,3,15,16,16,16,9,0,0,5,13,14,16,11,3,0,0,0,0,12,15,1,0,0,0,0,4,16,7,0,0,0
img_0184,0,0,5,15,16,15,1,0,0,10,16,11,8,16,5,0,0,12,10,1,10,15,1,0,0,0,0,8,16,11,1,0,0,0,0,1,10,16,10,0,0,0,0,2,0,7,16,0,0,0,8,13,5,15,12,0,0,0,5,15,16,14,3,0
img_0185,0,0,1,13,8,0,0,0,0,0,7,16,3,0,0,0,0,0,14,9,0,7,7,0,0,3,16,3,2,15,9,0,0,9,16,8,12,15,0,0,0,6,16,16,16,7,0,0,0,0,3,12,15,1,0,0,0,0,0,13,9,0,0,0
img_0186,0,0,11,12,0,0,0,0,0,7,16,16,5,0,0,0,0,5,13,16,8,0,0,0,0,0,1,16,8,0,0,0,0,0,7,16,5,0,0,0,0,0,9,15,1,0,0,0,0,0,16,15,9,7,2,0,0,0,12,14,13,12,5,0
img_0187,0,0,0,11,16,3,0,0,0,0,5,16,16,5,0,0,0,6,16,15,16,3,0,0,0,11,11,10,16,1,0,0,0,0,0,10,15,0,0,0,0,0,0,11,13,0,0,0,0,0,0,10,16,2,0,0,0,0,0,7,16,2,0,0
img_0188,0,0,10,7,13,9,0,0,0,0,9,10,12,15,2,0,0,0,4,11,10,11,0,0,0,0,1,16,10,1,0,0,0,0,12,13,4,0,0,0,0,0,12,1,12,0,0,0,0,1,10,2,14,0,0,0,0,0,11,14,5,0,0,0
img_0189,0,0,0,10,12,15,16,13,0,0,6,15,6,4,14,9,0,0,10,6,0,3,14,2,0,1,14,1,0,12,6,0,0,0,3,0,5,13,0,0,0,0,0,1,13,3,0,0,0,0,0,6,13,0,0,0,0,0,0,14,6,0,0,0
img_0190,0,0,1,11,14,0,0,0,0,0,9,16,12,0,0,0,0,1,16,7,0,0,0,0,0,7,16,5,5,4,0,0,0,7,16,16,16,16,5,0,0,0,16,13,4,13,7,0,0,0,9,16,14,16,4,0,0,0,1,11,14,9,0,0
img_0191,0,0,0,4,13,16,15,2,0,0,2,15,13,13,16,6,0,0,7,7,0,3,16,4,0,0,0,4,4,8,14,0,0,0,14,16,16,16,6,0,0,0,11,9,10,12,0,0,0,0,0,0,13,3,0,0,0,0,0,4,10,0,0,0
img_0192,0,0,2,16,10,0,0,0,0,0,3,16,16,1,0,0,0,0,5,16,14,0,0,0,0,0,3,16,13,0,0,0,0,0,1,16,15,0,0,0,0,0,1,16,16,0,0,0,0,0,2,16,15,2,0,0,0,0,0,15,16,11,0,0
img_0193,0,0,0,8,15,1,0,0,0,0,1,14,13,1,1,0,0,0,10,15,3,15,11,0,0,7,16,7,1,16,8,0,0,9,16,13,14,16,5,0,0,1,10,15,16,14,0,0,0,0,0,1,16,10,0,0,0,0,0,10,15,4,0,0
img_0194,0,0,0,0,13,3,0,0,0,0,0,11,13,4,0,0,0,0,6,14,4,16,1,0,0,2,14,3,6,14,0,0,0,6,16,11,12,12,0,0,0,2,7,14,16,14,0,0,0,0,0,0,12,8,0,0,0,0,0,0,15,3,0,0
img_0195,0,1,13,13,10,0,0,0,0,1,13,16,15,0,0,0,0,0,12,16,16,0,0,0,0,0,16,16,12,0,0,0,0,0,15,16,13,1,0,0,0,0,15,16,11,0,0,0,0,0,16,16,16,5,0,0,0,0,14,16,15,8,1,0
img_0196,0,0,0,1,11,14,5,0,0,0,0,9,16,16,5,0,0,0,10,16,16,16,1,0,0,5,16,16,16,16,0,0,0,1,5,11,16,16,0,0,0,0,0,5,16,16,0,0,0,0,0,0,11,16,0,0,0,0,0,0,11,10,0,0
img_0197,0,0,0,1,9,16,7,0,0,0,4,13,16,16,2,0,0,8,16,15,13,16,3,0,0,3,7,0,8,16,2,0,0,0,0,0,8,16,5,0,0,0,0,0,8,16,4,0,0,0,0,0,8,16,8,0,0,0,0,0,12,16,7,0
img_0198,0,0,3,16,9,0,0,0,0,4,15,15,16,7,0,0,0,8,16,3,7,12,0,0,0,6,16,3,0,13,3,0,0,8,10,0,0,12,8,0,0,1,15,2,0,9,11,0,0,0,13,14,10,15,12,0,0,0,3,10,16,14,3,0
img_0199,0,2,12,13,16,15,1,0,0,8,16,14,11,7,0,0,0,8,16,7,0,0,0,0,0,7,16,16,11,1,0,0,0,0,2,6,15,9,0,0,0,0,0,0,9,15,0,0,0,0,1,7,16,11,0,0,0,1,16,16,13,1,0,0
img_0200,0,0,0,15,16,16,12,4,0,0,4,14,0,10,12,0,0,0,8,7,1,15,4,0,0,0,0,0,8,12,0,0,0,0,1,8,14,12,3,0,0,0,6,13,16,13,2,0,0,0,0,10,10,0,0,0,0,0,2,16,2,0,0,0
img_0201,0,0,8,12,13,1,0,0,0,5,12,2,6,13,0,0,0,11,5,0,6,12,0,0,0,7,10,4,13,15,0,0,0,1,11,12,7,12,4,0,0,0,0,0,0,4,9,0,0,0,10,5,0,3,13,0,0,0,6,12,16,13,10,0
img_0202,0,1,8,11,13,12,0,0,0,5,9,0,4,16,1,0,0,7,5,0,5,16,5,0,0,1,13,11,13,6,8,0,0,0,3,4,1,4,8,0,0,0,0,0,0,7,5,0,0,2,8,1,2,14,0,0,0,0,8,13,11,3,0,0
img_0203,0,0,4,12,16,12,0,0,0,5,16,8,4,12,2,0,0,12,6,0,0,13,4,0,0,6,16,13,16,16,7,0,0,0,3,4,1,8,8,0,0,0,0,0,0,4,12,0,0,0,8,9,2,9,9,0,0,0,2,13,16,15,3,0
img_0204,0,0,0,8,15,2,0,0,0,0,2,16,10,0,0,0,0,0,14,13,6,11,0,0,0,6,16,3,13,13,2,0,0,14,16,8,15,16,10,0,0,12,16,16,16,11,1,0,0,0,1,6,16,3,0,0,0,0,0,10,14,0,0,0
img_0205,0,0,13,16,15,4,0,0,0,0,9,8,13,16,3,0,0,0,0,0,13,16,7,0,0,0,0,1,16,12,0,0,0,0,0,0,15,10,0,0,0,0,0,0,8,15,0,0,0,0,3,6,15,16,7,0,0,0,15,16,16,11,1,0
img_0206,0,0,0,13,14,0,0,0,0,0,0,13,16,3,0,0,0,0,2,16,15,3,0,0,0,0,4,16,14,0,0,0,0,0,3,16,11,0,0,0,0,0,8,16,10,0,0,0,0,0,6,16,7,0,0,0,0,0,1,11,9,0,0,0
img_0207,0,0,3,12,8,1,0,0,0,0,14,16,16,15,1,0,0,3,15,2,1,12,4,0,0,6,9,0,0,7,8,0,0,7,8,0,0,5,8,0,0,4,12,0,0,9,6,0,0,0,15,11,9,16,2,0,0,0,3,11,15,7,0,0
img_0208,0,1,10,14,13,4,0,0,0,12,11,5,8,14,0,0,0,8,3,2,12,8,0,0,0,0,3,15,15,4,0,0,0,0,1,4,7,14,5,0,0,0,0,0,0,7,12,0,0,0,0,0,1,11,11,0,0,0,12,16,16,9,1,0
img_0209,0,0,5,16,16,3,0,0,0,0,9,16,7,0,0,0,0,0,12,15,2,0,0,0,0,1,15,16,15,4,0,0,0,0,9,13,16,9,0,0,0,0,0,0,14,12,0,0,0,0,5,12,16,8,0,0,0,0,3,15,15,1,0,0
img_0210,0,0,2,13,16,9,0,0,0,0,12,12,7,16,3,0,0,1,14,3,0,16,4,0,0,0,0,4,10,16,6,0,0,0,0,13,16,16,9,0,0,0,0,5,13,1,0,0,0,0,0,11,9,0,0,0,0,0,1,16,4,0,0,0
img_0211,0,0,0,10,12,3,0,0,0,0,8,16,15,14,0,0,0,0,5,16,10,16,1,0,0,0,5,16,16,10,1,0,0,1,16,12,16,8,0,0,0,1,16,3,4,16,4,0,0,0,12,11,4,16,9,0,0,0,2,10,14,13,4,0
img_0212,0,0,4,15,16,6,0,0,0,0,16,12,8,15,0,0,0,7,16,4,0,11,5,0,0,10,15,0,0,8,9,0,0,10,14,0,0,8,11,0,0,6,16,4,0,11,9,0,0,1,15,7,8,16,5,0,0,0,3,14,16,10,1,0
img_0213,0,0,9,16,16,13,2,0,0,2,15,2,3,3,0,0,0,7,9,0,1,4,0,0,0,8,12,7,13,14,7,0,0,6,16,8,0,5,8,0,0,1,3,0,0,9,6,0,0,0,3,4,1,15,0,0,0,0,7,16,12,7,0,0
img_0214,0,0,0,0,7,6,0,0,0,0,0,6,15,6,0,0,0,0,1,15,5,14,3,0,0,0,12,8,4,16,0,0,0,5,16,9,10,16,4,0,0,1,11,12,14,14,4,0,0,0,0,0,8,8,0,0,0,0,0,0,11,7,0,0
img_0215,0,0,2,14,11,0,0,0,0,0,10,16,1,0,0,0,0,1,16,9,0,0,0,0,0,4,16,5,0,0,0,0,0,5,16,12,12,11,1,0,0,4,16,14,10,14,11,0,0,2,15,10,6,16,10,0,0,0,3,15,16,10,1,0
img_0216,0,0,4,13,16,14,0,0,0,0,13,10,11,15,0,0,0,0,0,0,9,11,0,0,0,0,1,6,14,16,8,0,0,0,11,16,15,8,5,0,0,0,2,11,10,0,0,0,0,0,1,14,6,0,0,0,0,0,5,16,2,0,0,0
img_0217,0,0,8,16,3,0,1,0,0,0,16,14,5,14,12,0,0,0,8,16,16,9,0,0,0,0,3,16,14,1,0,0,0,0,12,16,16,2,0,0,0,0,16,11,16,4,0,0,0,3,16,16,16,6,0,0,0,0,10,16,10,1,0,0
img_0218,0,0,0,10,9,0,0,0,0,0,3,15,13,5,0,0,0,0,13,13,1,13,0,0,0,0,16,7,0,16,0,0,0,0,16,11,3,15,0,0,0,0,14,7,16,12,0,0,0,0,9,13,15,6,0,0,0,0,0,13,10,0,0,0
img_0219,0,1,11,16,13,4,0,0,0,1,15,7,14,14,1,0,0,0,0,0,6,15,1,0,0,0,1,10,15,6,0,0,0,0,5,15,14,7,0,0,0,0,1,0,5,16,3,0,0,5,11,1,1,16,4,0,0,0,10,15,16,10,1,0
img_0220,0,0,4,12,16,6,0,0,0,4,16,10,5,16,4,0,0,8,13,0,5,15,5,0,0,6,12,7,15,3,0,0,0,0,12,16,12,1,0,0,0,0,11,10,9,11,0,0,0,0,12,6,0,13,3,0,0,0,6,13,13,8,0,0
img_0221,0,0,10,16,13,3,0,0,0,0,6,15,12,13,0,0,0,0,0,6,6,16,0,0,0,0,0,0,3,16,1,0,0,0,0,0,7,14,0,0,0,0,0,0,13,8,0,0,0,0,4,15,16,13,8,5,0,0,6,16,10,9,12,15
img_0222,0,0,3,13,15,1,0,0,0,4,15,14,15,10,0,0,0,13,13,2,13,9,0,0,0,14,10,0,15,9,0,0,0,1,1,2,16,4,0,0,0,0,0,9,15,1,0,0,0,0,2,15,16,16,16,6,0,0,2,15,16,10,12,4
img_0223,0,3,15,14,5,0,0,0,0,14,14,14,15,0,0,0,0,8,1,6,16,2,0,0,0,0,0,9,16,2,0,0,0,0,1,14,11,0,0,0,0,0,9,16,2,0,1,0,0,4,16,15,8,9,15,0,0,3,16,16,16,15,5,0
img_0224,0,2,15,13,0,0,0,0,0,12,16,16,3,0,0,0,0,5,13,16,4,0,0,0,0,0,8,16,4,0,0,0,0,0,8,16,4,0,0,0,0,0,12,16,0,0,0,0,0,0,16,16,16,14,6,0,0,1,16,16,16,12,7,0
img_0225,0,0,3,15,16,15,1,0,0,0,9,11,9,16,3,0,0,0,1,0,3,16,3,0,0,0,0,0,9,14,0,0,0,0,4,15,15,16,6,0,0,0,2,12,15,7,1,0,0,0,0,13,8,0,0,0,0,0,4,14,1,0,0,0
img_0226,0,0,1,14,13,4,0,0,0,3,15,12,11,15,0,0,0,8,11,1,7,13,0,0,0,1,13,14,16,1,0,0,0,0,0,14,13,14,2,0,0,0,2,12,0,9,8,0,0,0,3,13,4,12,6,0,0,0,0,9,14,13,1,0
img_0227,0,0,0,1,11,0,0,0,0,0,0,7,8,0,0,0,0,0,1,13,6,2,2,0,0,0,7,15,0,9,8,0,0,5,16,10,0,16,6,0,0,4,15,16,13,16,1,0,0,0,0,3,15,10,0,0,0,0,0,2,16,4,0,0
img_0228,0,0,10,13,5,0,0,0,0,3,16,16,16,10,0,0,0,8,16,1,6,16,5,0,0,8,11,0,0,9,12,0,0,10,8,0,0,8,12,0,0,8,11,0,0,8,11,0,0,3,16,10,8,15,9,0,0,0,9,16,16,10,1,0
img_0229,0,1,12,12,12,15,6,0,0,1,14,5,5,4,1,0,0,0,12,0,0,0,0,0,0,8,16,16,15,8,0,0,0,1,4,4,5,12,7,0,0,0,0,0,0,11,4,0,0,2,7,2,10,12,0,0,0,2,16,15,8,1,0,0
img_0230,0,0,5,8,12,16,4,0,0,3,16,11,7,1,0,0,0,3,14,6,4,0,0,0,0,5,16,12,14,6,0,0,0,0,2,0,4,12,0,0,0,0,0,0,4,10,0,0,0,0,6,8,14,7,0,0,0,0,7,13,7,0,0,0
img_0231,0,1,11,16,16,10,0,0,0,8,16,11,7,16,1,0,0,7,11,0,5,16,2,0,0,0,2,0,7,14,0,0,0,0,0,0,11,12,0,0,0,0,0,3,16,6,0,0,0,0,5,15,16,11,6,0,0,0,14,16,13,13,16,5
img_0232,0,0,6,16,13,12,14,1,0,0,14,4,4,15,4,0,0,1,7,0,10,7,0,0,0,0,0,2,13,1,0,0,0,2,9,14,16,12,0,0,0,4,6,15,2,4,1,0,0,0,6,7,0,0,0,0,0,0,10,4,0,0,0,0
img_0233,0,1,13,14,2,0,0,0,0,7,14,9,5,0,0,0,0,6,13,3,12,6,4,0,0,1,14,12,14,16,4,0,0,0,2,16,16,7,0,0,0,0,11,14,8,13,0,0,0,4,16,4,2,14,2,0,0,1,12,14,13,6,0,0
img_0234,0,2,15,16,15,2,0,0,0,8,14,8,14,8,0,0,0,7,5,2,16,5,0,0,0,0,0,12,13,0,0,0,0,0,8,15,1,0,0,0,0,1,15,7,0,0,0,0,0,4,16,9,8,8,2,0,0,2,15,16,16,16,13,0
img_0235,0,0,15,15,2,0,0,0,0,0,8,15,11,0,0,0,0,0,0,12,14,0,0,0,0,0,7,12,16,13,9,0,0,7,16,16,16,10,5,0,0,1,5,16,14,0,0,0,0,0,9,15,3,0,0,0,0,2,16,4,0,0,0,0
img_0236,0,0,9,13,14,5,0,0,0,4,16,10,13,16,0,0,0,0,13,15,14,16,1,0,0,0,0,3,7,16,3,0,0,0,0,0,4,16,0,0,0,0,0,0,1,16,3,0,0,1,15,5,8,16,2,0,0,0,7,15,16,9,0,0
img_0237,0,2,15,16,7,0,0,0,0,10,15,10,16,2,0,0,0,9,11,5,16,0,0,0,0,0,0,12,11,0,0,0,0,0,5,16,2,0,0,0,0,3,15,8,0,0,0,0,0,8,15,5,5,8,3,0,0,3,15,16,16,16,10,0
img_0238,0,0,6,15,14,1,0,0,0,0,13,16,16,2,0,0,0,0,3,8,16,2,0,0,0,2,6,12,16,7,2,0,0,13,16,16,16,16,9,0,0,10,13,16,7,1,0,0,0,0,6,14,0,0,0,0,0,0,10,8,0,0,0,0
img_0239,0,0,1,10,11,2,0,0,0,0,12,12,8,15,4,0,0,6,11,0,1,12,7,0,0,4,16,7,15,12,0,0,0,0,5,15,15,3,0,0,0,0,0,14,7,14,0,0,0,0,4,12,7,10,0,0,0,0,1,16,16,3,0,0
img_0240,0,0,3,14,3,0,0,0,0,0,13,13,0,0,0,0,0,0,16,7,0,0,0,0,0,5,16,3,0,0,0,0,0,3,16,7,4,2,0,0,0,4,16,16,16,16,7,0,0,1,14,15,4,11,15,0,0,0,5,14,16,12,6,0
img_0241,0,0,7,12,15,6,0,0,0,14,16,15,6,0,0,0,0,16,16,13,0,0,0,0,0,10,16,14,8,0,0,0,0,0,2,8,13,0,0,0,0,0,0,10,15,0,0,0,0,0,4,13,15,0,0,0,0,0,7,16,7,0,0,0
img_0242,0,0,9,15,13,0,0,0,0,5,14,7,13,2,0,0,0,12,10,1,13,0,0,0,0,4,7,6,11,0,0,0,0,0,0,10,6,0,0,0,0,0,1,15,0,0,0,0,0,0,9,11,0,6,5,0,0,0,11,16,16,16,16,3
img_0243,0,0,1,8,14,14,2,0,0,1,13,16,16,16,5,0,0,7,16,10,10,16,4,0,0,3,16,14,15,12,0,0,0,0,3,12,16,10,0,0,0,0,0,9,16,16,3,0,0,0,0,15,16,16,4,0,0,0,0,11,16,12,2,0
img_0244,0,0,0,7,8,0,0,0,0,0,0,15,2,0,3,1,0,0,8,10,0,2,16,2,0,1,15,4,3,9,12,0,0,8,16,16,16,16,6,0,0,1,4,3,9,14,0,0,0,0,0,0,15,3,0,0,0,0,0,9,10,0,0,0
img_0245,0,0,7,14,15,4,0,0,0,7,15,4,9,12,0,0,0,6,15,1,4,14,0,0,0,0,9,13,14,7,0,0,0,0,2,16,16,4,0,0,0,0,14,7,3,15,4,0,0,0,16,3,0,13,8,0,0,0,7,16,16,10,1,0
img_0246,0,0,2,13,10,3,0,0,0,0,10,15,12,13,1,0,0,0,16,4,0,6,4,0,0,2,16,3,0,1,7,0,0,5,13,5,0,2,8,0,0,4,12,0,0,3,8,0,0,0,13,5,6,13,5,0,0,0,5,14,13,8,1,0
img_0247,0,0,2,10,14,9,0,0,0,2,14,11,12,16,0,0,0,4,16,1,0,15,0,0,0,2,13,12,7,13,0,0,0,0,1,8,16,12,0,0,0,0,0,4,14,15,4,0,0,0,0,13,7,14,4,0,0,0,0,14,15,10,0,0
img_0248,0,0,0,9,13,0,6,8,0,0,3,15,3,0,15,9,0,1,13,12,4,7,15,3,0,7,16,16,16,16,10,0,0,6,12,10,14,14,2,0,0,0,0,0,13,10,0,0,0,0,0,6,16,2,0,0,0,0,0,12,11,0,0,0
img_0249,0,0,2,12,12,0,0,0,0,0,7,16,15,9,1,0,0,0,6,14,13,15,3,0,0,0,1,16,16,4,0,0,0,0,7,16,14,0,0,0,0,1,15,9,16,5,0,0,0,2,13,13,16,10,0,0,0,0,1,11,12,5,0,0
img_0250,0,0,1,11,14,6,0,0,0,0,4,16,14,4,0,0,0,0,12,16,2,0,0,0,0,2,16,16,12,5,0,0,0,7,16,16,16,16,3,0,0,3,15,5,0,15,13,0,0,0,11,16,14,16,10,0,0,0,0,12,13,9,1,0
img_0251,0,0,1,11,14,5,0,0,0,1,16,14,6,13,1,0,0,9,14,2,0,16,4,0,0,5,13,0,6,16,1,0,0,1,15,16,16,12,0,0,0,0,5,14,3,13,4,0,0,0,3,15,7,16,1,0,0,0,0,11,16,8,0,0
img_0252,0,0,6,15,13,3,0,0,0,0,13,14,15,12,0,0,0,0,14,11,13,15,5,0,0,0,9,16,15,8,0,0,0,2,16,16,16,2,0,0,0,8,16,2,14,10,0,0,0,5,16,9,14,11,0,0,0,0,8,14,13,2,0,0
img_0253,0,0,0,10,15,3,0,0,0,0,7,16,11,0,0,0,0,0,13,15,1,0,0,0,0,0,15,11,0,0,0,0,0,0,16,13,8,1,0,0,0,0,15,16,16,15,6,0,0,0,10,16,14,16,14,2,0,0,1,9,15,16,11,0
img_0254,0,0,0,12,13,0,0,0,0,0,2,16,12,0,0,0,0,0,4,16,6,0,0,0,0,0,10,16,8,0,0,0,0,0,8,16,16,15,5,0,0,0,8,16,0,6,15,1,0,0,7,16,4,10,16,3,0,0,1,11,16,16,12,0
img_0255,0,0,4,13,14,8,0,0,0,3,14,3,1,16,3,0,0,7,9,0,0,14,6,0,0,8,4,0,0,16,4,0,0,8,6,0,0,16,0,0,0,3,11,0,1,14,0,0,0,0,12,4,6,11,0,0,0,0,5,16,14,1,0,0
img_0256,0,0,2,9,13,12,2,0,0,1,14,13,7,10,6,0,0,0,13,8,1,7,7,0,0,0,3,13,14,14,0,0,0,0,0,0,15,15,1,0,0,0,0,9,5,8,5,0,0,0,0,13,4,13,2,0,0,0,0,13,15,6,0,0
img_0257,0,0,0,6,14,4,0,0,0,0,4,13,2,12,0,0,0,0,8,6,0,12,0,0,0,0,2,12,6,14,0,0,0,0,1,12,16,9,0,0,0,0,13,11,6,11,0,0,0,0,9,11,2,7,8,0,0,0,0,5,10,15,13,0
img_0258,0,0,7,12,16,9,0,0,0,4,16,6,7,3,0,0,0,4,16,2,8,3,0,0,0,7,16,15,13,16,3,0,0,5,11,1,1,16,8,0,0,0,0,0,7,16,0,0,0,0,0,10,16,6,0,0,0,0,10,11,4,0,0,0
img_0259,0,0,2,10,15,7,0,0,0,0,14,15,7,15,2,0,0,4,16,3,0,11,4,0,0,4,14,0,0,7,8,0,0,7,12,0,0,6,7,0,0,4,16,1,0,12,4,0,0,1,14,12,10,16,1,0,0,0,1,14,13,5,0,0
img_0260,0,0,5,13,1,0,0,0,0,0,12,13,0,0,0,0,0,0,16,8,0,0,0,0,0,5,16,2,0,0,0,0,0,4,16,8,15,9,1,0,0,4,16,16,12,15,11,0,0,1,15,14,4,14,11,0,0,0,5,14,14,10,1,0
img_0261,0,0,1,11,15,8,0,0,0,0,0,15,16,8,0,0,0,0,0,13,16,10,0,0,0,0,0,16,16,6,0,0,0,0,2,16,16,6,0,0,0,0,5,16,16,5,0,0,0,0,5,16,15,1,0,0,0,0,2,15,15,3,0,0
img_0262,0,0,7,14,12,1,0,0,0,7,14,5,8,10,0,0,0,8,11,1,7,10,0,0,0,1,9,16,15,4,0,0,0,0,1,14,14,12,0,0,0,0,7,11,0,12,7,0,0,0,11,5,0,11,8,0,0,0,4,14,16,12,1,0
img_0263,0,4,10,15,16,16,14,0,0,11,16,14,8,5,2,0,0,6,16,8,0,0,0,0,0,0,10,15,1,0,0,0,0,0,2,16,5,0,0,0,0,0,0,13,10,0,0,0,0,5,10,14,10,0,0,0,0,3,16,15,3,0,0,0
img_0264,0,0,6,16,16,16,12,0,0,0,13,10,8,16,5,0,0,1,15,1,9,12,0,0,0,0,4,0,13,7,0,0,0,0,10,16,16,16,9,0,0,0,7,14,12,8,3,0,0,0,3,15,5,0,0,0,0,0,8,15,0,0,0,0
img_0265,0,0,6,13,0,0,0,0,0,0,8,16,2,0,0,0,0,0,6,16,3,0,0,0,0,0,3,15,6,0,0,0,0,0,0,10,10,0,0,0,0,0,0,3,15,0,0,0,0,0,7,10,14,12,5,1,0,0,6,16,16,16,16,12
img_0266,0,0,0,3,16,3,0,0,0,0,0,12,16,2,0,0,0,0,8,16,16,4,0,0,0,7,16,15,16,12,11,0,0,8,16,16,16,13,3,0,0,0,0,7,14,1,0,0,0,0,0,6,16,0,0,0,0,0,0,4,14,0,0,0
img_0267,0,0,7,11,13,8,1,0,0,1,15,9,8,6,0,0,0,10,16,0,0,0,0,0,0,8,16,16,16,9,0,0,0,0,6,5,10,13,0,0,0,0,0,1,14,16,0,0,0,0,6,14,14,4,0,0,0,1,10,14,2,0,0,0
img_0268,0,0,7,15,13,1,0,0,0,8,13,6,15,4,0,0,0,2,1,13,13,0,0,0,0,0,2,15,11,1,0,0,0,0,0,1,12,12,1,0,0,0,0,0,1,10,8,0,0,0,8,4,5,14,9,0,0,0,7,13,13,9,0,0
img_0269,0,0,1,11,15,0,0,0,0,0,11,15,5,0,0,0,0,3,15,1,0,0,0,0,0,5,12,0,0,0,0,0,0,8,15,15,16,14,3,0,0,2,16,11,2,7,12,0,0,0,14,11,4,9,13,0,0,0,2,11,16,15,6,0
img_0270,0,1,14,16,16,14,1,0,0,0,10,13,6,4,0,0,0,3,15,11,3,0,0,0,0,5,16,16,16,6,0,0,0,0,0,1,10,15,0,0,0,0,0,0,11,11,0,0,0,0,7,12,16,5,0,0,0,2,15,15,5,0,0,0
img_0271,0,0,10,16,15,1,0,0,0,0,16,12,5,0,0,0,0,2,16,9,4,0,0,0,0,4,16,16,16,14,2,0,0,1,10,4,1,16,4,0,0,0,0,0,2,16,7,0,0,0,7,8,14,16,3,0,0,0,6,13,10,4,0,0
img_0272,0,0,0,11,8,0,0,0,0,0,8,15,2,0,2,1,0,2,16,5,0,4,16,3,0,5,16,8,11,16,9,0,0,4,15,14,13,16,2,0,0,0,0,0,10,10,0,0,0,0,0,3,16,3,0,0,0,0,0,9,11,0,0,0
img_0273,0,1,8,12,16,16,7,0,0,7,16,12,12,12,5,0,0,4,13,3,0,0,0,0,0,4,16,16,13,0,0,0,0,2,8,6,15,6,0,0,0,0,7,0,9,12,0,0,0,0,16,11,13,12,0,0,0,0,5,13,12,5,0,0
img_0274,0,0,4,12,13,5,0,0,0,3,15,8,10,15,2,0,0,3,14,2,2,15,3,0,0,0,10,16,16,7,0,0,0,0,0,7,13,15,3,0,0,0,2,11,1,12,5,0,0,0,7,9,1,14,2,0,0,0,4,16,16,7,0,0
img_0275,0,0,13,16,16,16,13,0,0,4,16,9,8,5,4,0,0,9,15,7,8,2,0,0,0,11,16,16,14,15,1,0,0,1,3,0,4,16,4,0,0,0,0,0,8,14,0,0,0,0,11,8,16,6,0,0,0,1,15,16,10,0,0,0
img_0276,0,0,5,14,9,0,0,0,0,1,16,13,16,0,0,0,0,2,13,10,14,0,0,0,0,0,4,16,16,7,0,0,0,0,2,4,5,16,4,0,0,0,0,0,0,14,7,0,0,0,11,8,8,16,4,0,0,0,8,13,15,10,0,0
img_0277,0,0,1,14,8,8,1,0,0,0,10,13,8,16,1,0,0,2,16,4,10,11,0,0,0,7,15,6,14,16,13,0,0,3,16,16,15,9,2,0,0,0,3,11,9,0,0,0,0,0,0,12,4,0,0,0,0,0,0,12,0,0,0,0
img_0278,0,0,6,10,9,4,0,0,0,0,14,10,16,16,1,0,0,4,15,1,9,16,0,0,0,3,16,16,16,8,0,0,0,0,12,14,16,5,0,0,0,0,12,1,9,12,0,0,0,0,16,6,14,9,0,0,0,0,8,12,6,1,0,0
img_0279,0,0,0,9,10,0,0,0,0,0,7,16,7,0,0,0,0,0,13,13,1,0,0,0,0,0,15,7,0,0,0,0,0,4,16,15,12,7,0,0,0,2,16,12,4,11,10,0,0,0,8,14,5,9,14,0,0,0,0,6,12,14,9,0
img_0280,0,0,0,2,9,16,10,0,0,0,7,15,8,7,12,0,0,1,15,3,0,11,12,0,0,8,14,9,13,16,8,0,0,1,7,7,3,13,4,0,0,0,0,0,5,13,0,0,0,0,0,0,10,9,0,0,0,0,0,0,14,4,0,0
img_0281,0,0,0,6,14,1,0,0,0,0,2,16,10,0,0,0,0,0,11,15,2,0,0,0,0,0,13,13,8,5,0,0,0,2,16,14,12,16,3,0,0,1,16,11,0,5,12,0,0,0,11,15,5,12,12,0,0,0,0,9,15,14,6,0
img_0282,0,0,6,15,16,3,0,0,0,3,16,12,15,8,0,0,0,0,4,0,14,6,0,0,0,0,0,2,16,6,2,0,0,0,4,14,16,16,8,0,0,0,15,16,7,0,0,0,0,0,6,16,0,0,0,0,0,0,7,9,0,0,0,0
img_0283,0,0,7,8,12,6,0,0,0,1,14,11,12,15,0,0,0,3,15,0,0,10,5,0,0,4,9,0,0,8,4,0,0,8,8,0,0,13,0,0,0,7,9,0,9,11,0,0,0,2,14,10,14,5,0,0,0,0,9,15,6,0,0,0
img_0284,0,0,0,0,12,2,0,0,0,0,0,6,14,1,0,0,0,0,4,16,7,8,0,0,0,0,13,9,0,16,6,0,0,6,16,10,11,16,0,0,0,0,5,10,13,16,0,0,0,0,0,0,6,16,0,0,0,0,0,0,12,8,0,0
img_0285,0,0,0,4,15,2,0,0,0,0,0,13,13,0,0,0,0,0,3,16,6,0,10,1,0,0,12,12,1,7,15,1,0,5,16,3,0,14,10,0,2,16,13,8,8,16,3,0,8,16,16,16,16,13,0,0,0,0,0,7,16,6,0,0
img_0286,0,1,13,14,16,14,3,0,0,4,14,8,7,3,0,0,0,6,11,0,0,0,0,0,0,5,16,15,11,5,0,0,0,2,7,7,10,16,0,0,0,0,0,0,3,16,0,0,0,0,7,5,13,11,0,0,0,0,15,16,10,1,0,0
img_0287,0,0,0,9,8,1,0,0,0,0,5,16,16,8,0,0,0,4,16,15,1,15,0,0,0,6,16,12,0,12,1,0,0,5,16,11,0,11,6,0,0,1,15,8,4,15,6,0,0,0,5,16,16,15,0,0,0,0,0,7,14,9,0,0
img_0288,0,0,0,9,13,0,0,0,0,0,3,15,6,12,0,0,0,1,12,8,5,14,0,0,0,6,14,0,12,7,0,0,0,14,6,2,16,9,5,0,0,16,13,13,16,15,4,0,1,15,16,16,12,2,0,0,0,3,3,13,4,0,0,0
img_0289,0,0,3,10,15,14,4,0,0,2,14,7,9,16,8,0,0,7,12,3,14,16,0,0,0,2,14,16,13,16,0,0,0,0,0,0,0,16,0,0,0,1,3,0,0,14,0,0,0,5,15,8,2,16,0,0,0,0,4,11,16,15,0,0
img_0290,0,0,7,13,11,0,0,0,0,6,16,11,16,0,0,0,0,3,8,5,16,0,0,0,0,0,3,15,16,6,0,0,0,0,0,7,8,16,5,0,0,6,8,0,0,11,9,0,0,0,16,6,6,14,6,0,0,0,6,15,16,10,0,0
img_0291,0,0,11,16,16,11,0,0,0,0,10,16,7,2,0,0,0,1,16,9,0,0,0,0,0,0,13,16,8,0,0,0,0,0,0,4,15,4,0,0,0,0,0,0,14,8,0,0,0,0,3,8,16,4,0,0,0,0,14,16,9,0,0,0
img_0292,0,0,10,16,10,1,0,0,0,6,14,6,16,3,0,0,0,5,4,5,15,0,0,0,0,0,0,12,14,1,0,0,0,0,0,3,11,15,1,0,0,0,0,0,0,10,8,0,0,0,9,8,8,15,6,0,0,0,9,15,15,9,0,0
img_0293,0,0,2,12,1,0,0,0,0,0,11,12,0,0,0,0,0,2,16,4,0,0,0,0,0,6,16,10,10,5,0,0,0,5,16,15,12,14,6,0,0,4,16,3,0,8,12,0,0,0,14,9,4,11,13,0,0,0,3,14,16,12,3,0
img_0294,0,0,1,15,6,0,0,0,0,0,8,16,2,0,0,0,0,0,15,11,0,7,4,0,0,8,16,10,6,16,9,0,0,6,16,16,16,16,4,0,0,0,5,11,16,13,0,0,0,0,0,12,15,3,0,0,0,0,0,15,11,0,0,0
img_0295,0,0,3,10,14,3,0,0,0,8,16,11,10,13,0,0,0,7,14,0,1,15,2,0,0,2,16,9,16,16,1,0,0,0,12,16,15,15,2,0,0,0,12,10,0,8,8,0,0,0,9,12,4,7,12,0,0,0,2,11,16,16,9,0
img_0296,0,0,2,14,15,5,0,0,0,0,10,16,16,15,1,0,0,3,16,10,10,16,4,0,0,5,16,0,0,14,6,0,0,5,16,6,0,12,7,0,0,1,15,13,4,13,6,0,0,0,11,16,16,15,0,0,0,0,2,11,13,4,0,0
img_0297,0,0,0,8,15,10,0,0,0,0,8,13,6,1,0,0,0,1,16,2,0,0,0,0,0,4,11,0,0,0,0,0,0,4,16,12,12,9,2,0,0,1,15,1,0,9,10,0,0,0,10,9,4,13,3,0,0,0,0,11,15,5,0,0
img_0298,0,0,1,8,16,7,0,0,0,0,3,16,16,12,0,0,0,1,15,16,16,12,0,0,0,3,12,15,16,12,0,0,0,0,0,8,16,10,0,0,0,0,0,11,16,14,0,0,0,0,0,11,16,16,1,0,0,0,0,5,13,7,0,0
img_0299,0,0,0,0,7,16,6,0,0,0,0,4,16,16,4,0,0,2,11,15,16,16,7,0,0,10,16,13,10,16,4,0,0,1,3,0,4,16,5,0,0,0,0,0,7,16,7,0,0,0,0,0,9,16,8,0,0,0,0,0,9,16,6,0
img_0300,0,0,9,16,16,12,0,0,0,2,16,8,9,16,0,0,0,1,8,0,13,14,0,0,0,0,0,13,16,5,0,0,0,0,0,8,14,15,5,0,0,0,0,0,0,9,14,0,0,0,9,6,0,11,15,0,0,0,8,16,16,16,6,0
img_0301,0,0,3,15,14,1,0,0,0,0,13,16,16,6,0,0,0,0,4,4,16,8,0,0,0,0,0,1,16,10,1,0,0,0,7,16,16,16,8,0,0,0,12,15,16,6,0,0,0,0,0,14,11,0,0,0,0,0,4,12,1,0,0,0
img_0302,0,0,7,15,16,8,0,0,0,0,16,7,6,15,3,0,0,4,16,0,7,13,4,0,0,0,16,2,8,14,8,0,0,0,12,14,14,7,0,0,0,0,9,16,6,0,0,0,0,0,11,3,14,2,0,0,0,0,5,11,10,10,0,0
img_0303,0,0,2,12,7,0,0,0,0,0,15,14,15,6,0,0,0,6,10,4,2,14,1,0,0,8,8,0,0,8,5,0,0,7,8,0,0,4,8,0,0,2,14,0,0,5,6,0,0,0,9,12,4,14,3,0,0,0,1,13,15,9,0,0
img_0304,0,0,4,12,5,0,0,0,0,0,12,14,15,7,0,0,0,2,14,1,2,16,0,0,0,4,8,0,0,10,4,0,0,7,8,0,0,6,8,0,0,4,11,0,0,5,8,0,0,0,14,11,3,13,5,0,0,0,2,11,16,11,0,0
img_0305,0,0,10,12,16,16,8,0,0,4,16,16,11,5,4,0,0,10,12,3,0,0,0,0,0,12,11,0,0,0,0,0,0,6,16,14,8,0,0,0,0,0,5,10,16,3,0,0,0,0,4,8,16,3,0,0,0,0,13,16,11,0,0,0
img_0306,0,3,5,14,13,6,0,0,0,9,16,12,10,12,0,0,0,6,16,3,12,11,0,0,0,1,13,10,16,6,0,0,0,0,10,16,10,0,0,0,0,1,15,16,10,0,0,0,0,0,16,12,16,0,0,0,0,0,3,15,16,5,0,0
img_0307,0,2,11,14,10,1,0,0,0,6,12,8,15,10,0,0,0,0,0,0,10,11,0,0,0,0,0,8,14,2,0,0,0,0,0,7,16,15,1,0,0,0,0,0,2,13,8,0,0,2,5,1,2,12,7,0,0,1,12,16,16,10,0,0
img_0308,0,0,2,13,8,0,0,0,0,0,6,16,16,6,0,0,0,0,5,15,13,11,0,0,0,0,0,7,16,15,0,0,0,0,0,0,0,14,3,0,0,0,0,0,0,7,11,0,0,0,0,3,4,4,16,2,0,0,2,15,13,14,13,2
img_0309,0,0,7,15,16,12,0,0,0,12,16,11,16,13,0,0,0,15,16,16,14,5,0,0,0,8,16,12,0,0,0,0,0,0,2,12,9,0,0,0,0,0,0,9,13,0,0,0,0,0,2,16,8,0,0,0,0,0,10,12,1,0,0,0
img_0310,0,0,4,11,16,16,2,0,0,0,8,8,9,14,0,0,0,0,0,0,11,12,3,0,0,6,15,16,16,15,6,0,0,3,7,11,13,0,0,0,0,0,0,15,2,0,0,0,0,0,3,16,0,0,0,0,0,0,5,12,0,0,0,0
img_0311,0,0,15,13,13,13,0,0,0,0,16,16,11,3,0,0,0,0,12,13,0,0,0,0,0,0,5,16,3,0,0,0,0,0,0,11,10,0,0,0,0,0,0,10,14,0,0,0,0,0,9,16,10,0,0,0,0,0,11,15,1,0,0,0
img_0312,0,0,0,1,12,6,0,0,0,0,0,11,15,2,0,0,0,0,8,16,6,1,2,0,0,4,16,9,1,15,9,0,0,13,15,6,10,16,6,0,0,12,16,16,16,16,1,0,0,1,7,4,14,13,0,0,0,0,0,0,14,9,0,0
img_0313,0,0,2,16,10,1,0,0,0,0,7,16,16,12,0,0,0,0,3,16,16,15,0,0,0,0,2,16,14,0,0,0,0,0,8,15,16,6,0,0,0,0,13,8,9,13,0,0,0,0,12,10,7,16,0,0,0,0,3,13,15,10,0,0
img_0314,0,0,2,14,13,0,0,0,0,0,10,15,15,8,0,0,0,2,16,7,4,15,0,0,0,4,16,4,0,13,7,0,0,4,16,1,0,10,8,0,0,4,16,5,1,12,11,0,0,1,15,14,13,16,3,0,0,0,3,12,13,5,0,0
img_0315,0,0,6,15,16,10,0,0,0,3,16,11,15,10,0,0,0,4,10,10,16,4,0,0,0,0,4,16,15,3,0,0,0,0,1,9,16,15,2,0,0,0,0,0,3,16,6,0,0,0,3,9,12,16,5,0,0,0,9,16,16,8,0,0
img_0316,0,0,4,16,8,11,7,0,0,0,10,16,15,16,6,0,0,3,16,4,6,15,0,0,0,3,8,0,13,8,0,0,0,0,6,16,16,13,6,0,0,0,3,14,13,9,3,0,0,0,0,14,6,0,0,0,0,0,4,15,2,0,0,0
img_0317,0,0,0,8,15,3,0,0,0,0,1,15,11,2,0,0,0,0,13,16,1,0,0,0,0,3,16,14,0,0,0,0,0,3,16,15,5,0,0,0,0,3,15,16,11,14,7,0,0,0,11,16,6,6,15,0,0,0,0,10,14,12,8,0
img_0318,0,0,5,12,13,2,0,0,0,3,16,14,16,13,1,0,0,4,16,9,16,12,1,0,0,1,9,16,15,1,0,0,0,1,13,16,16,5,0,0,0,3,16,5,12,16,0,0,0,3,15,7,14,12,0,0,0,0,6,16,13,3,0,0
img_0319,0,0,2,10,14,10,0,0,0,1,15,9,9,16,1,0,0,7,9,0,9,12,0,0,0,7,7,3,15,15,0,0,0,2,15,15,7,16,1,0,0,0,1,2,0,9,4,0,0,0,5,13,4,8,9,0,0,0,1,10,15,16,6,0
img_0320,0,0,2,13,16,14,1,0,0,0,11,12,7,16,3,0,0,0,9,3,2,16,3,0,0,0,0,0,9,11,0,0,0,0,2,11,15,13,3,0,0,0,4,15,16,13,3,0,0,0,0,14,8,0,0,0,0,0,5,15,4,0,0,0
img_0321,0,0,0,4,11,9,5,0,0,0,5,16,16,16,5,0,0,0,11,16,16,9,0,0,0,4,16,16,16,4,0,0,0,1,14,16,9,0,0,0,0,4,15,16,6,0,0,0,0,0,9,16,8,0,0,0,0,0,0,7,5,0,0,0
img_0322,0,2,11,16,15,2,0,0,0,12,15,12,16,4,0,0,0,3,3,6,16,2,0,0,0,0,2,15,12,0,0,0,0,0,3,16,16,12,1,0,0,0,0,1,6,15,10,0,0,0,6,12,8,14,11,0,0,1,16,16,16,11,3,0
img_0323,0,0,0,2,15,4,0,0,0,0,0,8,15,1,0,0,0,0,1,14,12,0,0,0,0,0,6,16,12,0,0,0,0,0,13,16,15,4,2,0,0,9,16,16,16,16,11,0,0,3,8,8,16,3,0,0,0,0,0,3,15,0,0,0
img_0324,0,1,12,16,16,9,0,0,0,2,14,5,9,14,0,0,0,0,0,1,12,11,0,0,0,0,0,12,16,6,0,0,0,0,0,2,8,15,5,0,0,0,2,0,0,11,9,0,0,4,14,4,4,14,6,0,0,0,15,16,16,11,1,0
img_0325,0,4,15,16,13,1,0,0,0,9,14,10,16,6,0,0,0,1,1,6,16,2,0,0,0,0,0,8,14,1,0,0,0,0,5,16,5,0,0,0,0,0,13,14,0,0,0,0,0,5,16,9,8,8,10,0,0,4,15,16,16,16,9,0
img_0326,0,3,15,16,15,3,0,0,0,3,10,8,15,12,0,0,0,0,0,0,14,8,0,0,0,0,11,13,16,16,8,0,0,1,15,16,15,7,2,0,0,0,5,16,5,0,0,0,0,2,16,11,0,0,0,0,0,3,16,5,0,0,0,0
img_0327,0,0,6,13,15,16,11,0,0,0,10,11,8,8,5,0,0,2,13,0,0,0,0,0,0,4,11,7,8,5,0,0,0,7,16,14,10,14,2,0,0,1,7,1,2,12,3,0,0,0,5,8,14,6,0,0,0,0,8,12,5,0,0,0
img_0328,0,0,0,0,3,14,3,0,0,0,0,1,14,16,5,0,0,1,9,15,16,16,4,0,0,4,12,7,3,16,4,0,0,0,0,0,4,16,4,0,0,0,0,0,4,16,4,0,0,0,0,0,6,16,4,0,0,0,0,0,5,16,4,0
img_0329,0,0,13,13,8,2,0,0,0,5,16,16,16,12,0,0,0,1,15,12,0,0,0,0,0,0,12,13,7,1,0,0,0,0,8,16,16,12,0,0,0,0,0,4,9,16,3,0,0,0,1,5,14,15,1,0,0,0,10,16,16,6,0,0
img_0330,0,0,0,4,13,13,0,0,0,0,0,10,16,16,1,0,0,0,3,14,16,13,0,0,0,0,8,16,16,5,0,0,0,3,15,16,16,4,0,0,0,4,16,16,16,6,0,0,0,2,8,15,16,9,0,0,0,0,0,4,14,12,0,0
img_0331,0,0,10,14,10,1,0,0,0,4,14,6,13,7,0,0,0,6,12,0,7,7,0,0,0,1,16,10,15,1,0,0,0,0,5,16,15,3,0,0,0,0,13,6,6,15,5,0,0,3,15,0,4,12,7,0,0,0,12,16,15,8,0,0
img_0332,0,0,7,13,14,1,0,0,0,7,15,9,13,7,0,0,0,5,15,3,8,8,0,0,0,0,1,0,12,5,0,0,0,0,0,1,14,0,0,0,0,0,0,10,6,0,0,0,0,0,2,15,5,4,4,0,0,0,6,16,16,13,16,6
img_0333,0,0,1,12,16,16,12,0,0,0,7,16,11,12,9,0,0,0,6,7,0,14,4,0,0,0,0,0,6,16,3,0,0,0,0,10,16,16,9,0,0,0,0,8,15,5,0,0,0,0,0,8,10,0,0,0,0,0,0,16,5,0,0,0
img_0334,0,0,5,14,12,5,0,0,0,0,13,16,16,9,0,0,0,0,11,16,16,9,0,0,0,0,11,16,16,7,0,0,0,0,10,16,16,2,0,0,0,0,13,16,15,0,0,0,0,0,14,16,13,0,0,0,0,0,7,13,16,8,0,0
img_0335,0,0,7,13,3,0,0,0,0,0,15,16,11,0,0,0,0,0,14,5,15,3,0,0,0,0,6,2,14,5,0,0,0,0,0,0,12,8,0,0,0,0,0,6,16,4,4,0,0,0,7,16,16,16,16,3,0,0,6,15,6,9,9,1
img_0336,0,0,0,16,13,0,0,0,0,0,0,15,15,0,0,0,0,0,0,16,13,0,0,0,0,0,3,16,11,0,0,0,0,0,2,16,12,0,0,0,0,0,3,16,12,0,0,0,0,0,1,16,12,0,0,0,0,0,0,12,15,1,0,0
img_0337,0,0,14,10,0,0,0,0,0,0,15,13,0,0,0,0,0,11,16,16,2,0,0,0,0,3,10,16,5,0,0,0,0,0,0,14,10,0,0,0,0,0,0,10,14,0,0,0,0,0,9,14,16,11,6,0,0,0,12,16,16,16,16,9
img_0338,0,0,1,13,16,10,0,0,0,1,13,15,8,16,3,0,0,8,15,3,4,15,0,0,0,1,3,0,12,8,0,0,0,0,0,4,14,1,0,0,0,0,0,11,8,0,4,0,0,0,1,16,8,13,9,0,0,0,0,14,16,11,0,0
img_0339,0,0,8,16,5,0,0,0,0,1,13,11,16,0,0,0,0,0,10,0,13,3,0,0,0,0,3,1,16,1,0,0,0,0,0,9,12,0,0,0,0,0,3,15,5,0,0,0,0,0,14,15,8,8,3,0,0,0,7,12,12,12,13,1
img_0340,0,0,5,10,8,8,0,0,0,0,0,16,16,15,2,0,0,0,7,16,16,13,0,0,0,0,10,16,16,4,0,0,0,0,9,16,16,0,0,0,0,0,10,16,16,0,0,0,0,0,8,16,15,0,0,0,0,0,2,11,9,0,0,0
img_0341,0,0,8,14,14,4,0,0,0,5,12,4,7,12,0,0,0,4,2,3,13,5,0,0,0,0,0,16,15,1,0,0,0,0,0,3,9,14,1,0,0,0,0,0,0,7,8,0,0,0,3,4,4,13,7,0,0,0,11,16,15,5,0,0
img_0342,0,0,7,15,0,0,0,0,0,0,15,15,0,0,0,0,0,3,16,12,4,1,0,0,0,6,16,16,16,16,5,0,0,8,16,7,1,15,8,0,0,7,16,0,0,16,4,0,0,2,16,7,10,12,0,0,0,0,4,15,13,3,0,0
img_0343,0,0,3,13,7,0,0,0,0,3,15,8,14,0,0,0,0,10,8,1,14,0,0,0,0,8,11,5,13,0,0,0,0,0,0,5,12,0,0,0,0,0,0,8,8,0,0,0,0,0,1,12,10,7,5,2,0,0,2,14,14,12,14,7
img_0344,0,0,8,7,0,0,0,0,0,0,11,12,0,0,0,0,0,0,15,9,0,0,0,0,0,7,16,16,9,4,0,0,0,5,16,14,11,16,5,0,0,2,16,16,0,12,8,0,0,0,15,15,1,15,6,0,0,0,7,14,16,13,1,0
img_0345,0,0,7,14,15,7,0,0,0,6,16,8,7,16,4,0,0,11,6,1,10,14,1,0,0,1,0,4,16,6,0,0,0,0,0,2,11,13,1,0,0,0,0,0,0,11,7,0,0,0,3,4,8,14,3,0,0,0,10,13,12,4,0,0
img_0346,0,3,15,16,14,1,0,0,0,2,12,13,16,4,0,0,0,0,0,6,16,3,0,0,0,0,1,15,10,0,0,0,0,0,6,16,4,0,0,0,0,2,15,10,0,0,0,0,0,4,16,11,8,11,3,0,0,3,16,16,16,12,3,0
img_0347,0,0,1,11,12,13,14,5,0,0,7,15,11,10,16,6,0,0,10,7,0,2,16,2,0,1,16,1,0,12,8,0,0,2,11,0,4,14,1,0,0,0,0,1,14,4,0,0,0,0,0,8,14,0,0,0,0,0,0,15,7,0,0,0
img_0348,0,0,7,8,6,8,4,0,0,0,12,13,12,12,5,0,0,0,13,0,0,0,0,0,0,5,15,12,9,2,0,0,0,3,8,7,8,15,2,0,0,0,0,0,0,6,8,0,0,0,6,0,1,13,4,0,0,0,7,15,15,5,0,0
img_0349,0,2,13,16,16,16,11,0,0,5,16,10,5,4,1,0,0,6,16,7,3,0,0,0,0,9,16,16,16,6,0,0,0,3,8,4,11,15,0,0,0,0,0,1,12,15,0,0,0,0,4,13,16,6,0,0,0,2,16,15,8,0,0,0
img_0350,0,0,0,8,15,5,0,0,0,0,3,16,13,1,0,0,0,0,12,16,2,0,0,0,0,5,16,7,9,4,0,0,0,14,16,13,16,14,3,0,0,8,14,16,16,14,2,0,0,0,0,9,16,3,0,0,0,0,0,11,14,0,0,0
img_0351,0,0,0,6,16,6,0,0,0,0,5,16,10,0,0,0,0,2,15,14,0,7,1,0,0,6,16,3,3,16,9,0,0,11,16,8,11,16,6,0,0,3,15,16,16,15,1,0,0,0,0,3,16,7,0,0,0,0,0,5,16,3,0,0
img_0352,0,1,9,16,13,7,0,0,0,7,14,4,10,12,0,0,0,6,15,9,16,11,0,0,0,0,9,11,7,14,0,0,0,0,0,0,0,15,2,0,0,0,0,0,0,11,6,0,0,3,13,8,5,14,5,0,0,0,9,14,13,10,1,0
img_0353,0,0,0,7,12,0,0,0,0,0,4,16,8,0,0,0,0,0,12,11,0,0,0,0,0,0,15,10,8,6,1,0,0,0,15,16,8,10,8,0,0,0,14,7,0,0,12,0,0,0,8,11,0,5,16,2,0,0,0,9,14,14,5,0
img_0354,0,1,10,12,15,11,0,0,0,8,16,13,9,4,0,0,0,5,15,1,0,0,0,0,0,8,10,0,0,0,0,0,0,2,14,16,7,0,0,0,0,0,1,4,13,7,0,0,0,0,0,6,11,11,0,0,0,0,9,16,14,2,0,0
img_0355,0,0,13,16,16,9,0,0,0,2,16,7,7,16,0,0,0,0,4,0,11,10,0,0,0,0,1,13,14,3,0,0,0,0,0,7,15,11,1,0,0,0,0,1,2,13,10,0,0,0,8,9,1,12,11,0,0,0,11,16,16,15,1,0
img_0356,0,1,10,16,16,6,0,0,0,7,14,9,12,12,0,0,0,1,1,5,15,5,0,0,0,0,3,16,14,3,0,0,0,0,1,11,14,16,6,0,0,0,0,0,0,12,11,0,0,0,7,8,13,16,5,0,0,0,15,16,12,5,0,0
img_0357,0,0,1,10,15,11,7,0,0,0,5,16,16,16,11,0,0,0,6,16,16,16,6,0,0,0,12,16,16,12,0,0,0,2,16,16,16,6,0,0,0,2,12,16,12,0,0,0,0,0,9,16,16,7,0,0,0,0,3,12,16,2,0,0
img_0358,0,0,5,14,16,16,3,0,0,0,7,16,16,16,5,0,0,0,0,0,8,16,0,0,0,0,9,14,16,16,13,0,0,2,16,16,15,7,1,0,0,0,1,14,10,0,0,0,0,0,3,16,5,0,0,0,0,0,7,13,0,0,0,0
img_0359,0,1,12,16,14,2,0,0,0,7,15,4,13,7,0,0,0,0,2,0,12,7,0,0,0,0,0,6,16,8,0,0,0,0,0,15,13,15,9,0,0,0,0,1,0,8,15,0,0,0,8,4,1,12,10,0,0,1,13,16,16,13,1,0
img_0360,0,0,4,14,11,3,0,0,0,0,10,16,12,14,1,0,0,1,14,12,0,13,3,0,0,5,16,6,0,8,6,0,0,8,16,0,0,9,8,0,0,7,16,3,7,16,5,0,0,3,15,13,16,15,2,0,0,0,4,15,12,2,0,0
img_0361,0,0,0,0,5,11,14,1,0,0,0,10,13,8,15,2,0,0,11,9,4,9,12,0,0,5,16,16,16,16,6,0,0,0,15,16,13,16,3,0,0,0,2,3,1,15,0,0,0,0,0,0,5,5,0,0,0,0,0,0,6,0,0,0
img_0362,0,0,8,12,5,0,0,0,0,3,16,8,12,1,0,0,0,0,14,0,12,3,0,0,0,0,3,0,12,3,0,0,0,0,0,3,14,0,0,0,0,0,0,5,12,0,0,0,0,0,5,16,6,4,4,0,0,0,14,16,16,16,14,0
img_0363,0,8,13,15,16,16,8,0,0,9,16,16,13,11,5,0,0,6,16,12,0,0,0,0,0,1,14,14,0,0,0,0,0,0,8,16,2,0,0,0,0,0,8,15,0,0,0,0,0,3,14,11,0,0,0,0,0,9,16,6,0,0,0,0
img_0364,0,0,2,15,6,0,0,0,0,0,11,16,4,0,0,0,0,3,16,7,0,0,0,0,0,4,16,6,4,1,0,0,0,6,16,16,14,16,3,0,0,2,14,9,0,11,9,0,0,0,10,14,8,15,5,0,0,0,3,13,16,8,0,0
img_0365,0,0,0,7,6,0,0,0,0,0,1,15,16,7,0,0,0,0,8,13,15,6,0,0,0,3,16,3,12,7,1,0,0,4,14,9,15,16,8,0,0,4,12,12,16,10,2,0,0,0,0,5,16,0,0,0,0,0,0,4,14,0,0,0
img_0366,0,0,13,16,11,0,0,0,0,2,16,11,16,4,0,0,0,0,14,9,15,9,0,0,0,0,0,2,16,8,0,0,0,0,0,4,16,4,0,0,0,0,0,9,16,1,0,0,0,0,9,16,15,8,11,5,0,0,9,12,13,16,16,11
img_0367,0,0,0,0,12,13,1,0,0,0,0,8,16,15,2,0,0,0,10,16,16,12,0,0,0,4,16,16,16,13,0,0,0,4,7,4,16,6,0,0,0,0,0,1,16,8,0,0,0,0,0,1,16,8,0,0,0,0,0,0,12,12,0,0
img_0368,0,0,0,6,12,0,0,0,0,0,2,15,5,0,0,0,0,0,12,8,0,2,6,0,0,4,15,0,1,13,8,0,0,6,16,2,6,14,1,0,0,8,16,16,16,6,0,0,0,1,5,8,16,1,0,0,0,0,0,3,11,0,0,0
img_0369,0,0,1,8,14,15,5,0,0,1,14,8,1,14,8,0,0,7,12,0,7,16,8,0,0,4,14,12,12,9,8,0,0,0,1,3,0,9,8,0,0,0,0,0,0,13,6,0,0,0,12,10,4,16,0,0,0,0,2,8,16,7,0,0
img_0370,0,0,9,16,12,2,0,0,0,0,16,3,5,10,0,0,0,0,13,4,14,16,4,0,0,0,4,16,16,16,7,0,0,0,0,3,4,10,4,0,0,0,0,0,0,8,6,0,0,0,12,1,1,13,3,0,0,0,8,15,16,9,0,0
img_0371,0,0,3,14,13,12,14,0,0,0,11,14,12,15,9,0,0,0,16,5,3,16,2,0,0,1,9,1,10,12,0,0,0,0,0,7,16,14,6,0,0,0,4,16,16,11,1,0,0,0,0,15,5,0,0,0,0,0,6,13,0,0,0,0
img_0372,0,0,8,12,16,16,4,0,0,0,15,6,10,5,0,0,0,4,12,2,8,6,0,0,0,8,14,14,8,13,5,0,0,3,7,0,0,8,8,0,0,0,0,0,0,12,2,0,0,0,5,2,5,12,0,0,0,0,7,15,15,2,0,0
img_0373,0,0,5,14,15,2,0,0,0,0,13,14,9,10,0,0,0,0,15,8,2,15,3,0,0,0,11,12,9,14,2,0,0,0,7,16,14,2,0,0,0,0,13,14,16,4,0,0,0,3,15,8,14,10,0,0,0,0,6,16,16,8,0,0
img_0374,0,0,9,14,16,16,2,0,0,7,15,7,4,14,8,0,0,0,0,0,5,15,4,0,0,0,0,0,16,4,0,0,0,0,0,0,15,4,0,0,0,0,0,0,7,12,0,0,0,0,15,2,8,14,0,0,0,0,10,15,12,3,0,0
img_0375,0,0,0,12,13,0,0,0,0,0,5,16,10,0,0,0,0,6,16,13,11,12,2,0,0,12,16,10,15,16,9,0,0,4,14,16,16,12,4,0,0,0,0,14,13,0,0,0,0,0,0,14,12,0,0,0,0,0,0,11,13,0,0,0
img_0376,0,0,0,11,16,6,0,0,0,0,9,16,11,2,0,0,0,3,16,11,0,0,0,0,0,6,16,12,4,0,0,0,0,7,16,13,15,11,0,0,0,1,15,8,3,16,5,0,0,0,9,14,5,16,10,0,0,0,0,9,16,16,10,0
img_0377,0,0,0,13,12,0,0,0,0,0,6,16,4,0,0,0,0,2,16,10,0,0,0,0,0,5,16,10,0,0,0,0,0,8,15,15,6,0,0,0,0,3,16,14,13,10,2,0,0,0,12,16,13,16,12,0,0,0,1,10,16,14,4,0
img_0378,0,0,6,12,13,2,0,0,0,3,16,6,1,15,0,0,0,5,16,13,12,16,2,0,0,2,13,16,12,15,4,0,0,0,0,0,0,8,8,0,0,0,1,0,0,8,8,0,0,3,16,2,0,10,7,0,0,0,5,11,16,13,1,0
img_0379,0,0,0,3,15,5,0,0,0,0,1,15,11,0,0,0,0,0,10,15,2,3,0,0,0,5,16,4,6,16,1,0,0,10,15,4,9,16,2,0,0,12,16,16,16,13,2,0,0,1,4,7,16,4,0,0,0,0,0,4,15,0,0,0
img_0380,0,0,0,6,14,1,0,0,0,0,1,16,10,0,0,0,0,0,13,14,1,0,0,0,0,2,16,12,10,3,0,0,0,5,16,15,14,16,1,0,0,3,16,12,0,15,8,0,0,0,11,16,9,16,8,0,0,0,0,11,15,11,1,0
img_0381,0,0,11,7,0,0,0,0,0,5,16,3,2,14,3,0,0,9,15,0,12,15,0,0,0,6,16,15,16,5,0,0,0,0,6,15,11,0,0,0,0,0,1,16,4,0,0,0,0,0,9,12,0,0,0,0,0,0,13,10,0,0,0,0
img_0382,0,2,16,10,0,0,0,0,0,7,16,16,3,0,0,0,0,3,10,12,8,0,0,0,0,0,0,7,10,0,0,0,0,0,0,10,12,0,0,0,0,0,8,15,15,12,5,0,0,2,16,16,16,16,15,2,0,2,15,14,12,12,7,0
img_0383,0,0,2,14,16,8,0,0,0,0,4,12,16,11,0,0,0,0,0,0,16,12,0,0,0,0,0,3,16,9,0,0,0,2,5,10,16,12,2,0,0,16,16,16,16,14,3,0,0,4,4,14,12,0,0,0,0,0,2,16,7,0,0,0
img_0384,0,0,0,14,7,0,0,0,0,0,0,15,15,1,0,0,0,0,2,16,15,1,0,0,0,0,6,16,15,0,0,0,0,0,9,16,13,0,0,0,0,0,8,16,15,1,0,0,0,0,4,16,16,6,0,0,0,0,0,13,12,0,0,0
img_0385,0,0,11,13,12,12,3,0,0,5,14,4,4,7,2,0,0,7,10,1,4,1,0,0,0,8,15,14,12,15,2,0,0,2,7,0,0,12,4,0,0,0,0,0,1,16,3,0,0,1,8,3,10,12,0,0,0,1,12,16,12,2,0,0
img_0386,0,0,9,16,16,8,0,0,0,5,16,15,14,16,0,0,0,4,9,3,13,12,0,0,0,0,0,8,15,1,0,0,0,0,2,16,7,0,0,0,0,0,11,14,1,4,3,0,0,0,16,14,15,16,4,0,0,0,9,16,15,5,0,0
img_0387,0,0,4,12,13,5,0,0,0,0,14,16,16,16,4,0,0,6,13,2,1,11,8,0,0,6,11,0,0,8,8,0,0,4,16,0,0,10,8,0,0,4,16,4,8,16,3,0,0,0,16,16,16,12,0,0,0,0,4,15,14,3,0,0
img_0388,0,0,2,14,13,2,0,0,0,0,11,16,15,13,0,0,0,0,13,13,1,16,3,0,0,0,12,13,0,15,6,0,0,1,16,7,1,16,4,0,0,1,16,5,8,16,1,0,0,0,15,13,15,13,0,0,0,0,3,15,15,2,0,0
img_0389,0,0,3,13,15,5,0,0,0,1,15,13,10,15,0,0,0,2,16,3,2,9,0,0,0,0,12,13,14,7,0,0,0,0,10,16,9,0,0,0,0,1,16,4,9,11,1,0,0,0,15,3,0,8,8,0,0,0,3,12,15,12,7,0
img_0390,0,0,5,14,0,0,0,0,0,0,12,9,0,0,0,0,0,0,15,3,0,0,0,0,0,1,16,0,0,0,0,0,0,1,16,2,7,4,0,0,0,3,16,16,16,16,9,0,0,0,15,15,4,10,16,0,0,0,4,14,16,12,7,0
img_0391,0,2,15,13,2,0,0,0,0,7,16,13,15,0,0,0,0,11,11,5,16,4,0,0,0,1,1,7,16,1,0,0,0,0,0,12,11,0,0,0,0,0,4,16,8,8,2,0,0,0,12,16,16,16,11,0,0,2,15,13,6,4,1,0
img_0392,0,4,16,15,2,0,0,0,0,11,15,15,7,0,0,0,0,9,10,6,14,0,0,0,0,0,0,7,15,0,0,0,0,0,0,13,10,0,0,0,0,0,1,16,7,2,2,0,0,1,12,16,15,16,15,0,0,4,16,16,16,12,11,0
img_0393,0,0,0,5,12,0,2,1,0,0,1,14,4,1,14,8,0,0,10,8,0,9,15,1,0,1,15,1,2,15,8,0,0,5,16,6,11,16,2,0,0,5,16,16,16,10,0,0,0,0,1,0,15,2,0,0,0,0,0,5,11,0,0,0
img_0394,0,0,4,10,11,4,0,0,0,1,11,16,16,14,0,0,0,4,16,16,16,12,0,0,0,4,16,16,16,7,0,0,0,4,16,16,16,8,0,0,0,4,16,16,16,7,0,0,0,3,15,16,16,12,0,0,0,0,5,12,12,12,1,0
img_0395,0,3,15,16,8,0,0,0,0,9,16,11,15,2,0,0,0,11,10,4,16,2,0,0,0,2,4,6,16,1,0,0,0,0,0,10,13,0,0,0,0,0,2,14,13,0,0,0,0,3,16,16,16,16,13,1,0,3,16,12,8,12,11,1
img_0396,0,0,10,16,16,4,0,0,0,9,16,11,14,8,0,0,0,13,8,0,14,6,0,0,0,0,0,1,16,4,0,0,0,0,0,8,13,0,0,0,0,0,1,14,7,0,0,0,0,0,12,16,9,12,6,0,0,1,14,16,16,16,14,0
img_0397,0,0,9,16,14,0,0,0,0,0,16,8,13,7,0,0,0,0,12,0,8,8,0,0,0,0,0,0,12,8,0,0,0,0,0,0,16,5,0,0,0,0,0,9,13,0,0,0,0,0,10,16,15,10,9,1,0,0,12,14,13,16,16,5
img_0398,0,0,8,15,14,7,0,0,0,0,12,16,14,16,0,0,0,0,3,15,14,14,1,0,0,0,0,11,16,1,0,0,0,0,5,14,14,4,0,0,0,0,12,6,8,8,0,0,0,1,16,2,9,7,0,0,0,0,9,16,11,1,0,0
img_0399,0,4,15,16,16,16,4,0,0,4,16,15,9,7,1,0,0,0,15,14,1,0,0,0,0,0,5,16,9,0,0,0,0,0,0,14,16,0,0,0,0,0,0,9,16,5,0,0,0,3,10,13,16,4,0,0,0,5,16,16,12,0,0,0
img_0400,0,0,0,5,14,0,0,0,0,0,1,15,5,0,0,0,0,0,11,9,0,0,3,0,0,4,14,1,0,8,15,0,0,10,14,12,13,16,6,0,0,5,12,9,11,15,0,0,0,0,0,0,11,9,0,0,0,0,0,4,14,1,0,0
img_0401,0,0,5,14,11,3,0,0,0,1,15,8,13,10,0,0,0,1,15,9,9,15,2,0,0,0,10,16,16,16,3,0,0,0,0,0,1,16,4,0,0,0,0,0,0,15,4,0,0,0,7,5,9,16,0,0,0,0,6,12,13,9,0,0
img_0402,0,0,4,13,16,14,2,0,0,2,15,5,4,14,4,0,0,8,15,6,1,15,1,0,0,4,16,16,13,10,0,0,0,0,1,9,16,10,0,0,0,0,4,14,3,14,6,0,0,0,9,10,3,13,8,0,0,0,3,15,16,11,1,0
img_0403,0,0,0,6,12,0,0,0,0,0,0,13,13,0,0,0,0,0,7,16,2,0,0,0,0,0,10,12,0,2,0,0,0,0,13,14,16,14,0,0,0,0,11,16,14,13,6,0,0,0,5,13,9,16,5,0,0,0,0,6,15,12,1,0
img_0404,0,0,0,2,14,0,0,0,0,0,0,12,9,0,0,0,0,0,8,12,0,0,13,5,0,0,13,8,0,9,14,0,0,4,16,16,12,16,4,0,0,4,12,12,15,12,0,0,0,0,0,1,15,4,0,0,0,0,0,4,10,0,0,0
img_0405,0,0,0,4,15,6,0,0,0,0,0,13,13,1,0,0,0,0,7,16,2,0,0,0,0,4,15,8,0,5,0,0,0,11,14,1,6,16,5,0,1,16,14,12,16,16,3,0,0,10,12,10,16,10,0,0,0,0,0,6,16,2,0,0
img_0406,0,0,0,4,14,14,4,0,0,0,1,15,16,16,2,0,0,2,13,16,16,16,0,0,0,8,16,16,16,16,0,0,0,2,7,8,16,16,1,0,0,0,0,4,16,16,0,0,0,0,0,4,16,16,2,0,0,0,0,4,16,15,4,0
img_0407,0,0,1,14,15,4,0,0,0,0,9,16,10,5,0,0,0,1,16,10,0,0,0,0,0,3,16,12,5,0,0,0,0,4,16,16,16,8,0,0,0,1,15,7,4,16,4,0,0,0,11,13,4,16,9,0,0,0,1,12,16,16,9,0
img_0408,0,1,14,16,16,11,2,0,0,0,14,9,2,10,11,0,0,0,5,16,5,14,5,0,0,0,0,12,16,16,5,0,0,0,7,14,14,8,0,0,0,1,14,3,6,11,0,0,0,4,8,0,8,11,0,0,0,2,13,12,15,2,0,0
img_0409,0,0,9,16,16,16,7,0,0,3,16,11,4,4,1,0,0,6,16,1,0,0,0,0,0,9,16,9,4,0,0,0,0,0,6,10,16,8,0,0,0,0,2,0,8,14,0,0,0,0,13,7,8,14,0,0,0,0,10,16,16,4,0,0
img_0410,0,0,7,14,16,11,0,0,0,2,16,11,11,16,2,0,0,0,3,3,15,9,0,0,0,0,0,10,16,8,0,0,0,0,0,3,14,15,2,0,0,0,0,0,1,16,6,0,0,0,3,12,13,15,2,0,0,0,6,16,12,5,0,0
img_0411,0,4,15,16,15,4,0,0,0,11,16,14,15,16,0,0,0,3,3,0,16,14,2,0,0,0,9,16,16,16,8,0,0,0,15,16,11,1,0,0,0,0,11,13,1,0,0,0,0,4,16,5,0,0,0,0,0,4,15,0,0,0,0,0
img_0412,0,3,10,16,16,16,2,0,0,14,16,14,9,3,0,0,0,16,12,0,0,0,0,0,0,12,14,0,0,0,0,0,0,6,16,3,0,0,0,0,0,0,9,16,3,0,0,0,0,0,4,14,13,0,0,0,0,2,15,16,8,0,0,0
img_0413,0,0,0,11,5,3,11,0,0,0,7,14,2,12,9,0,0,2,15,6,3,16,5,0,0,7,16,8,13,16,13,0,0,7,16,16,16,7,1,0,0,0,4,10,13,0,0,0,0,0,0,12,6,0,0,0,0,0,0,12,0,0,0,0
img_0414,0,0,3,13,16,13,1,0,0,3,15,13,10,16,2,0,0,4,10,0,4,16,1,0,0,0,0,3,11,14,2,0,0,0,9,16,16,16,8,0,0,0,9,12,16,0,0,0,0,0,1,12,11,0,0,0,0,0,3,16,8,0,0,0
img_0415,0,0,7,14,5,0,0,0,0,5,16,16,11,0,0,0,0,2,14,2,14,0,0,0,0,0,0,5,16,0,0,0,0,0,0,8,16,0,0,0,0,0,0,11,12,0,0,0,0,0,11,16,14,8,10,0,0,0,7,12,12,12,15,2
img_0416,0,0,10,13,0,0,0,0,0,0,14,15,11,0,0,0,0,0,12,9,16,8,2,0,0,0,5,14,16,11,1,0,0,0,3,16,10,0,0,0,0,0,12,11,16,0,0,0,0,1,16,7,16,5,0,0,0,0,11,16,13,1,0,0
img_0417,0,1,12,16,16,16,12,0,0,9,16,13,6,8,5,0,0,8,16,15,3,0,0,0,0,0,4,14,11,0,0,0,0,0,0,12,12,0,0,0,0,0,0,12,13,0,0,0,0,0,3,15,11,0,0,0,0,0,12,13,2,0,0,0
img_0418,0,0,0,9,16,9,0,0,0,0,3,15,5,16,0,0,0,0,7,12,7,12,0,0,0,0,1,16,16,5,0,0,0,0,2,16,14,1,0,0,0,3,16,8,9,11,0,0,0,0,12,13,4,12,8,0,0,0,0,8,14,16,14,0
img_0419,0,0,11,10,8,12,1,0,0,0,16,13,12,10,0,0,0,5,14,2,0,0,0,0,0,7,16,16,13,8,0,0,0,0,4,4,8,16,7,0,0,0,0,0,0,9,8,0,0,0,9,4,7,16,5,0,0,0,14,16,14,7,0,0
img_0420,0,0,0,9,14,4,0,0,0,0,6,16,12,4,0,0,0,1,16,11,0,0,0,0,0,2,16,7,3,0,0,0,0,4,16,14,16,10,0,0,0,3,16,15,10,16,6,0,0,0,12,16,7,13,9,0,0,0,1,11,16,16,9,0
img_0421,0,0,2,14,13,3,0,0,0,0,13,13,9,11,0,0,0,0,16,7,0,12,0,0,0,3,16,5,0,10,5,0,0,5,16,1,0,8,5,0,0,3,16,1,0,10,5,0,0,0,16,8,5,14,3,0,0,0,4,16,16,9,1,0
img_0422,0,0,9,16,7,0,0,0,0,0,14,13,16,2,0,0,0,0,7,9,15,8,0,0,0,0,0,1,13,9,0,0,0,0,0,0,14,7,0,0,0,0,0,4,16,5,0,0,0,0,7,16,16,8,6,0,0,0,9,15,12,16,16,9
img_0423,0,0,0,7,13,10,0,0,0,0,10,13,5,13,0,0,0,7,12,0,8,8,0,0,0,6,6,3,15,1,0,0,0,0,0,2,13,9,0,0,0,0,0,0,0,11,7,0,0,0,5,9,1,2,12,0,0,0,0,9,15,16,9,0
img_0424,0,0,14,12,12,13,3,0,0,0,16,8,8,6,1,0,0,0,14,7,5,0,0,0,0,0,15,15,16,2,0,0,0,0,13,3,6,8,0,0,0,0,0,0,3,13,0,0,0,0,5,4,8,12,1,0,0,1,15,15,11,3,0,0
img_0425,0,0,0,3,15,16,1,0,0,0,7,15,16,14,0,0,0,4,16,16,15,13,0,0,0,0,8,2,15,13,0,0,0,0,0,0,16,15,0,0,0,0,0,0,16,12,0,0,0,0,0,1,16,16,2,0,0,0,0,3,15,13,1,0
img_0426,0,4,14,16,16,15,2,0,0,12,11,2,4,16,5,0,0,2,0,1,11,12,0,0,0,0,0,15,16,3,0,0,0,0,0,4,15,10,0,0,0,0,0,0,1,14,10,0,0,1,7,0,3,14,8,0,0,4,15,16,16,11,0,0
img_0427,0,0,2,13,13,1,0,0,0,0,9,13,5,0,0,0,0,0,13,5,0,0,0,0,0,0,15,2,0,0,0,0,0,0,15,10,9,9,2,0,0,0,16,11,8,11,12,0,0,1,14,11,1,4,13,0,0,0,3,11,16,15,4,0
img_0428,0,0,7,16,14,13,10,0,0,0,10,12,10,16,4,0,0,0,15,5,8,13,0,0,0,1,7,1,16,3,0,0,0,2,11,13,16,12,6,0,0,4,12,15,14,11,2,0,0,0,3,16,3,0,0,0,0,0,9,13,0,0,0,0
img_0429,0,0,9,16,16,15,4,0,0,8,16,9,7,14,11,0,0,5,5,1,13,15,1,0,0,0,0,10,16,7,0,0,0,0,0,1,11,16,4,0,0,0,0,0,0,14,8,0,0,0,3,4,6,16,4,0,0,0,14,16,16,8,0,0
img_0430,0,0,11,16,7,0,0,0,0,1,16,11,15,0,0,0,0,2,16,5,16,4,0,0,0,0,2,2,16,3,0,0,0,0,0,5,16,0,0,0,0,0,0,9,14,0,0,0,0,0,9,16,14,7,6,0,0,0,13,14,14,16,16,6
img_0431,0,0,2,13,6,0,0,0,0,0,4,16,15,5,0,0,0,0,1,15,12,15,0,0,0,0,0,10,16,16,1,0,0,0,0,0,2,16,2,0,0,0,0,0,0,15,5,0,0,0,4,4,6,16,3,0,0,0,2,14,16,10,0,0
img_0432,0,0,9,15,15,2,0,0,0,3,11,4,15,6,0,0,0,0,0,0,16,2,0,0,0,2,12,13,16,16,11,0,0,2,12,15,11,6,1,0,0,0,3,16,0,0,0,0,0,0,5,14,0,0,0,0,0,0,11,7,0,0,0,0
img_0433,0,0,11,16,9,8,0,0,0,0,14,13,6,15,2,0,0,0,9,6,6,10,0,0,0,0,1,14,13,0,0,0,0,0,1,13,8,0,0,0,0,0,5,7,12,0,0,0,0,0,13,0,10,0,0,0,0,0,13,14,8,0,0,0
img_0434,0,0,11,16,16,7,0,0,0,2,16,10,11,15,0,0,0,0,15,4,4,16,3,0,0,0,3,3,5,16,1,0,0,0,0,0,9,13,0,0,0,0,0,1,16,7,0,0,0,0,2,12,15,6,4,1,0,0,10,16,16,16,16,10
img_0435,0,0,0,3,12,16,15,1,0,0,3,16,9,10,16,0,0,0,14,13,7,15,10,0,0,2,16,16,16,16,2,0,0,2,12,9,13,8,0,0,0,0,0,0,15,5,0,0,0,0,0,3,16,1,0,0,0,0,0,3,14,1,0,0
img_0436,0,0,6,14,7,6,0,0,0,1,14,6,13,16,1,0,0,5,12,0,9,16,3,0,0,1,15,14,13,11,8,0,0,0,0,0,0,8,8,0,0,0,0,0,0,7,8,0,0,1,14,2,1,12,1,0,0,0,4,13,15,5,0,0
img_0437,0,0,7,16,16,16,8,0,0,0,10,12,10,16,2,0,0,0,13,6,7,13,0,0,0,0,10,1,13,5,0,0,0,0,9,10,16,8,3,0,0,1,12,15,16,16,5,0,0,0,1,16,2,3,0,0,0,0,9,14,0,0,0,0
img_0438,0,0,0,4,15,12,0,0,0,0,5,15,16,11,0,0,0,8,16,16,16,4,0,0,0,14,11,11,16,2,0,0,0,0,0,7,16,0,0,0,0,0,0,9,16,2,0,0,0,0,0,9,16,3,0,0,0,0,0,5,16,5,0,0
img_0439,0,0,0,4,15,12,0,0,0,0,3,16,15,14,0,0,0,0,8,13,8,16,0,0,0,0,1,6,15,11,0,0,0,1,8,13,15,1,0,0,0,9,16,16,5,0,0,0,0,3,13,16,16,11,5,0,0,0,0,3,11,16,9,0
img_0440,0,0,5,12,16,10,0,0,0,6,16,13,3,15,1,0,0,11,8,5,5,10,0,0,0,4,11,2,12,2,0,0,0,0,6,16,6,0,0,0,0,0,2,15,8,0,0,0,0,0,8,13,8,0,0,0,0,0,5,15,4,0,0,0
img_0441,0,0,6,14,1,0,0,0,0,0,12,10,0,0,0,0,0,3,16,1,0,0,0,0,0,5,14,0,4,2,0,0,0,7,16,16,16,16,5,0,0,4,16,6,0,9,11,0,0,0,14,8,5,13,9,0,0,0,5,13,16,12,1,0
img_0442,0,0,1,14,11,0,0,0,0,0,9,15,2,0,4,0,0,2,16,6,0,7,16,2,0,8,16,6,6,16,12,0,0,5,16,16,16,15,3,0,0,0,1,4,16,8,0,0,0,0,0,9,16,1,0,0,0,0,0,15,16,0,0,0
img_0443,0,0,11,16,16,14,0,0,0,1,16,15,13,15,1,0,0,0,14,15,16,6,0,0,0,0,8,16,7,0,0,0,0,0,8,16,7,0,0,0,0,0,13,14,13,0,0,0,0,0,16,11,15,0,0,0,0,0,12,16,10,0,0,0
img_0444,0,0,0,10,6,0,0,0,0,0,4,16,2,3,0,0,0,0,13,8,7,14,0,0,0,7,15,0,13,14,5,0,0,14,15,14,16,16,9,0,0,13,16,15,16,6,0,0,0,0,1,9,14,0,0,0,0,0,0,14,10,0,0,0
img_0445,0,0,5,15,12,8,0,0,0,0,13,16,10,13,3,0,0,5,16,9,0,8,4,0,0,4,13,1,0,4,8,0,0,4,8,0,0,8,4,0,0,1,14,0,0,11,3,0,0,0,12,9,9,15,0,0,0,0,4,14,15,4,0,0
img_0446,0,0,3,14,16,14,0,0,0,3,12,16,8,1,0,0,0,15,16,12,0,0,0,0,0,10,16,16,8,0,0,0,0,0,7,11,15,1,0,0,0,0,0,7,16,1,0,0,0,0,8,15,16,2,0,0,0,0,4,16,9,0,0,0
img_0447,0,0,0,13,8,0,0,0,0,0,2,15,1,0,0,0,0,0,11,10,0,8,2,0,0,4,16,5,11,16,8,0,0,7,16,16,16,16,3,0,0,2,13,9,16,12,0,0,0,0,0,7,16,6,0,0,0,0,0,13,15,1,0,0
img_0448,0,0,0,7,16,2,0,0,0,0,0,15,11,0,0,0,0,0,11,14,6,5,0,0,0,4,16,7,14,13,2,0,0,10,16,13,16,16,10,0,0,8,15,14,16,10,1,0,0,0,0,9,16,1,0,0,0,0,0,9,15,1,0,0
img_0449,0,0,0,12,4,0,0,0,0,0,6,14,1,0,0,0,0,0,14,2,0,0,0,0,0,2,14,1,4,2,0,0,0,4,16,15,12,15,5,0,0,3,16,6,0,5,11,0,0,0,9,11,4,13,5,0,0,0,1,11,16,9,0,0
img_0450,0,0,2,15,15,3,0,0,0,0,13,15,8,3,0,0,0,5,16,6,0,0,0,0,0,8,15,5,4,2,0,0,0,8,16,16,16,14,2,0,0,4,16,7,1,13,8,0,0,0,11,12,1,11,13,0,0,0,1,12,16,16,10,0
img_0451,0,0,10,16,13,5,0,0,0,7,13,5,14,12,0,0,0,9,10,0,13,14,0,0,0,4,15,13,16,15,3,0,0,0,2,6,3,12,8,0,0,0,0,0,0,12,8,0,0,0,12,6,5,15,4,0,0,0,9,13,16,8,0,0
img_0452,0,0,4,15,16,6,0,0,0,0,13,11,11,15,0,0,0,0,15,13,15,16,7,0,0,0,7,16,16,11,2,0,0,0,5,15,16,2,0,0,0,0,16,9,12,11,0,0,0,2,16,6,8,16,0,0,0,0,7,14,13,8,0,0
img_0453,0,0,0,0,11,15,1,0,0,0,0,6,16,16,2,0,0,3,13,16,16,16,0,0,0,9,16,12,16,14,0,0,0,1,3,0,16,13,0,0,0,0,0,0,14,13,0,0,0,0,0,0,12,16,5,0,0,0,0,0,8,16,7,0
img_0454,0,2,9,11,12,15,6,0,0,6,16,9,8,8,1,0,0,4,13,0,0,0,0,0,0,4,16,12,11,5,0,0,0,1,5,4,8,14,5,0,0,0,0,0,0,8,8,0,0,1,6,4,5,15,3,0,0,3,16,16,16,8,0,0
img_0455,0,0,0,5,14,2,0,0,0,0,1,13,11,0,0,0,0,0,5,16,2,0,0,0,0,0,6,15,5,0,0,0,0,1,15,16,15,11,1,0,0,2,13,14,1,12,9,0,0,0,4,16,7,13,9,0,0,0,0,5,16,15,3,0
img_0456,0,0,2,10,16,10,0,0,0,0,14,9,6,16,16,0,0,0,16,6,5,14,11,0,0,0,5,14,14,16,6,0,0,0,0,0,1,16,3,0,0,0,3,1,4,16,3,0,0,2,15,13,11,13,1,0,0,0,3,12,13,4,0,0
img_0457,0,0,0,3,15,10,1,0,0,0,0,11,10,16,4,0,0,0,0,12,1,15,6,0,0,0,0,3,4,15,4,0,0,0,0,6,15,6,0,0,0,4,15,16,9,0,0,0,0,0,13,16,15,9,3,0,0,0,0,4,9,14,7,0
img_0458,0,0,0,0,5,15,8,0,0,0,0,2,15,16,9,0,0,0,3,15,16,16,10,0,0,7,16,10,8,16,7,0,0,0,1,0,8,16,4,0,0,0,0,0,11,16,1,0,0,0,0,0,9,16,1,0,0,0,0,0,8,14,0,0
img_0459,0,0,0,16,11,1,0,0,0,0,13,16,10,9,0,0,0,2,16,11,1,14,2,0,0,3,16,1,0,8,7,0,0,4,13,0,0,8,9,0,0,3,16,1,0,10,9,0,0,0,10,8,3,16,4,0,0,0,1,11,16,13,1,0
img_0460,0,0,10,12,10,0,0,0,0,3,16,16,16,4,0,0,0,7,15,3,8,13,0,0,0,8,12,0,0,14,1,0,0,8,12,0,0,7,8,0,0,5,13,0,0,4,8,0,0,0,14,8,0,10,8,0,0,0,7,12,13,12,4,0
img_0461,0,2,13,16,16,15,4,0,0,7,12,8,8,16,12,0,0,0,0,0,8,16,7,0,0,0,0,0,14,10,0,0,0,0,0,0,12,15,3,0,0,0,0,0,2,16,11,0,0,0,4,4,7,16,10,0,0,2,15,16,16,12,1,0
img_0462,0,0,9,13,14,15,13,0,0,0,16,13,12,12,5,0,0,4,16,0,0,0,0,0,0,8,16,16,11,1,0,0,0,1,7,8,16,12,0,0,0,0,0,0,9,13,0,0,0,0,12,8,12,10,0,0,0,0,10,16,13,3,0,0
img_0463,0,0,4,16,6,0,0,0,0,0,7,16,5,0,0,0,0,0,12,12,1,0,0,0,0,0,16,8,0,0,0,0,0,4,16,11,2,0,0,0,0,5,16,16,16,13,1,0,0,2,16,14,15,16,5,0,0,0,5,15,14,7,0,0
img_0464,0,0,7,12,13,2,0,0,0,0,14,13,8,13,0,0,0,3,16,1,0,11,2,0,0,4,14,0,0,5,8,0,0,5,8,0,0,5,8,0,0,4,16,0,2,14,7,0,0,2,16,10,14,15,1,0,0,0,6,14,14,4,0,0
img_0465,0,0,1,13,9,0,0,0,0,0,8,16,4,0,0,0,0,0,16,11,0,0,0,0,0,2,16,10,2,0,0,0,0,7,16,16,16,10,1,0,0,4,16,6,2,14,7,0,0,0,11,15,12,15,8,0,0,0,2,14,15,6,0,0
img_0466,0,0,0,1,7,15,11,0,0,0,0,11,8,3,13,0,0,0,10,6,2,12,11,0,0,1,16,12,16,16,7,0,0,2,16,14,7,12,2,0,0,0,0,0,3,11,0,0,0,0,0,0,7,9,0,0,0,0,0,0,9,6,0,0
img_0467,0,0,1,11,16,16,10,0,0,0,13,14,8,12,11,0,0,0,4,0,0,13,4,0,0,0,0,0,3,15,0,0,0,0,2,15,16,16,9,0,0,0,3,13,16,8,1,0,0,0,0,7,10,0,0,0,0,0,0,13,3,0,0,0
img_0468,0,0,0,12,13,5,0,0,0,0,0,11,16,9,0,0,0,0,3,15,16,6,0,0,0,7,15,16,16,2,0,0,0,0,1,16,16,3,0,0,0,0,1,16,16,6,0,0,0,0,1,16,16,6,0,0,0,0,0,11,16,10,0,0
img_0469,0,0,8,16,4,0,0,0,0,6,12,2,14,13,0,0,0,9,6,1,14,14,0,0,0,2,11,12,8,16,2,0,0,0,0,0,0,11,8,0,0,0,0,0,0,7,9,0,0,0,2,0,1,12,6,0,0,0,8,9,13,7,0,0
img_0470,0,0,3,8,9,9,0,0,0,6,16,12,8,5,0,0,0,11,13,0,0,0,0,0,0,9,16,10,5,0,0,0,0,0,3,8,13,10,1,0,0,0,0,0,0,10,7,0,0,0,5,2,4,13,8,0,0,0,7,16,14,8,0,0
img_0471,0,0,3,12,15,14,3,0,0,1,16,5,0,8,12,0,0,6,16,11,2,13,7,0,0,2,9,15,16,4,0,0,0,0,3,14,16,7,0,0,0,0,9,5,6,15,0,0,0,0,11,10,7,16,2,0,0,0,3,12,16,13,0,0
img_0472,0,0,0,11,8,0,0,0,0,0,5,16,7,0,0,0,0,0,10,14,0,0,0,0,0,0,12,9,1,3,0,0,0,0,14,14,15,16,7,0,0,0,10,16,15,12,12,0,0,0,6,16,13,14,12,0,0,0,0,9,15,15,3,0
img_0473,0,0,0,8,16,0,0,0,0,0,3,16,8,0,0,0,0,1,13,12,0,4,13,1,0,6,16,9,7,15,10,0,0,9,16,16,16,15,2,0,0,0,4,1,14,10,0,0,0,0,0,3,16,5,0,0,0,0,0,11,13,0,0,0
img_0474,0,0,7,16,15,4,0,0,0,0,11,16,15,12,0,0,0,0,5,16,16,14,0,0,0,0,0,3,8,15,5,0,0,0,0,0,0,10,10,0,0,0,0,0,0,11,11,0,0,0,1,0,5,15,9,0,0,0,6,15,16,16,2,0
img_0475,0,0,8,14,16,13,1,0,0,10,9,4,6,16,3,0,0,0,0,1,10,13,0,0,0,0,0,7,14,2,0,0,0,0,0,7,13,1,0,0,0,0,0,0,8,13,1,0,0,0,0,0,3,16,4,0,0,0,14,16,13,9,0,0
img_0476,0,0,9,16,15,3,0,0,0,6,16,11,10,12,0,0,0,7,15,1,1,15,5,0,0,3,16,6,9,16,9,0,0,0,5,11,13,14,10,0,0,0,0,0,0,10,10,0,0,0,0,0,0,13,11,0,0,0,10,16,16,15,6,0
img_0477,0,4,13,16,16,7,0,0,0,8,12,16,16,13,0,0,0,0,9,16,16,3,0,0,0,0,15,16,6,0,0,0,0,0,10,11,9,2,0,0,0,0,1,7,15,13,2,0,0,0,3,4,7,16,10,0,0,2,11,15,11,8,2,0
img_0478,0,0,8,14,15,6,0,0,0,4,16,12,14,11,0,0,0,4,8,1,14,7,0,0,0,0,0,14,16,5,0,0,0,0,0,11,16,16,2,0,0,0,0,0,1,15,7,0,0,0,4,11,8,14,7,0,0,0,11,16,16,10,0,0
img_0479,0,0,3,11,16,16,4,0,0,0,9,12,12,16,9,0,0,0,0,0,1,16,8,0,0,0,0,9,14,16,9,0,0,0,1,16,16,14,5,0,0,0,0,6,16,4,0,0,0,0,0,11,14,0,0,0,0,0,1,15,7,0,0,0
img_0480,0,0,0,1,15,2,0,0,0,0,0,6,14,0,0,0,0,0,0,11,9,0,6,0,0,0,6,15,1,11,15,0,0,5,16,14,10,16,8,0,1,15,16,16,16,16,3,0,0,3,7,5,13,11,0,0,0,0,0,0,15,3,0,0
img_0481,0,0,0,12,10,0,0,0,0,0,4,15,7,0,0,0,0,0,15,4,0,0,0,0,0,1,16,7,1,0,0,0,0,4,16,14,16,13,1,0,0,1,16,0,1,10,11,0,0,0,14,9,1,8,12,0,0,0,2,10,16,16,5,0
img_0482,0,0,0,0,14,7,0,0,0,0,0,13,16,9,0,0,0,0,10,16,16,7,0,0,0,7,16,8,16,2,0,0,0,1,5,6,16,6,0,0,0,0,0,4,16,6,0,0,0,0,0,2,16,6,0,0,0,0,0,0,12,11,0,0
img_0483,0,7,12,14,16,8,0,0,0,8,16,14,15,11,0,0,0,2,11,2,16,6,0,0,0,0,0,9,16,8,5,0,0,8,13,16,16,12,5,0,0,7,16,12,3,0,0,0,0,4,16,4,0,0,0,0,0,9,12,0,0,0,0,0
img_0484,0,4,16,16,16,10,3,0,0,12,16,9,8,12,3,0,0,10,16,2,0,0,0,0,0,3,16,12,0,0,0,0,0,0,7,16,9,0,0,0,0,0,0,12,16,1,0,0,0,3,10,15,15,1,0,0,0,4,16,13,3,0,0,0
img_0485,0,0,0,12,15,6,0,0,0,0,5,16,13,15,0,0,0,0,2,16,16,12,1,0,0,0,0,11,16,14,1,0,0,0,7,16,15,10,0,0,0,1,16,8,2,14,5,0,0,0,12,10,4,12,7,0,0,0,2,11,16,13,3,0
img_0486,0,3,16,15,6,0,0,0,0,5,14,14,16,0,0,0,0,0,0,6,14,0,0,0,0,0,0,13,11,0,0,0,0,0,5,16,3,0,0,0,0,1,14,10,0,0,0,0,0,9,16,8,8,10,5,0,0,4,16,16,16,14,3,0
img_0487,0,0,0,14,14,9,0,0,0,0,4,16,16,10,0,0,0,0,13,16,15,2,0,0,0,1,15,16,11,0,0,0,0,7,16,16,5,0,0,0,0,3,16,16,7,0,0,0,0,0,16,16,8,0,0,0,0,0,3,12,12,0,0,0
img_0488,0,0,3,16,14,1,0,0,0,0,11,16,6,0,0,0,0,0,15,9,1,0,0,0,0,3,16,14,16,12,2,0,0,4,16,14,13,11,14,0,0,0,16,5,3,7,16,3,0,0,11,12,8,16,10,0,0,0,2,14,16,12,0,0
img_0489,0,0,9,16,10,2,0,0,0,0,16,14,11,10,0,0,0,1,16,9,12,15,0,0,0,0,7,15,16,16,8,0,0,0,0,10,6,16,10,0,0,0,0,0,1,15,9,0,0,0,0,1,7,16,8,0,0,0,6,16,16,14,1,0
img_0490,0,0,1,8,13,1,0,0,0,0,6,16,16,9,0,0,0,1,15,16,16,10,0,0,0,6,15,14,6,0,0,0,0,3,7,6,6,0,0,0,0,1,10,2,11,0,0,0,0,0,4,11,13,2,0,0,0,0,0,5,12,5,0,0
img_0491,0,0,6,16,16,9,0,0,0,0,14,9,12,11,0,0,0,0,1,0,9,6,0,0,0,0,1,6,16,10,6,0,0,0,10,16,14,11,5,0,0,0,5,15,2,0,0,0,0,0,3,13,0,0,0,0,0,0,7,8,0,0,0,0
img_0492,0,0,0,11,13,5,0,0,0,0,3,16,13,3,0,0,0,0,10,16,2,0,0,0,0,4,16,16,13,7,0,0,0,4,16,11,8,16,2,0,0,0,15,8,0,15,6,0,0,0,9,14,4,15,4,0,0,0,1,10,16,11,1,0
img_0493,0,0,0,4,15,1,0,0,0,0,0,13,8,1,0,0,0,0,6,12,0,0,0,0,0,0,8,10,0,0,0,0,0,0,13,12,11,10,0,0,0,4,16,15,8,11,10,0,0,1,7,15,4,3,12,0,0,0,0,7,15,16,8,0
img_0494,0,0,8,16,10,2,0,0,0,0,12,13,14,11,0,0,0,0,10,13,8,16,2,0,0,0,4,15,15,16,8,0,0,0,0,3,8,11,13,0,0,0,0,0,0,5,16,4,0,0,1,2,2,7,16,5,0,0,3,14,16,16,11,1
img_0495,0,0,8,14,16,16,1,0,0,6,16,16,8,3,0,0,0,14,14,1,0,0,0,0,0,10,15,4,0,0,0,0,0,3,15,16,6,0,0,0,0,0,1,8,15,2,0,0,0,0,2,13,15,0,0,0,0,0,10,16,4,0,0,0
img_0496,0,0,2,8,7,0,0,0,0,0,6,15,16,2,0,0,0,6,15,11,16,4,0,0,0,5,16,10,16,1,0,0,0,2,15,16,13,0,0,0,0,0,2,16,12,9,3,0,0,0,4,14,0,12,14,1,0,0,1,12,10,7,0,0
img_0497,0,0,12,16,16,15,3,0,0,4,16,16,6,2,1,0,0,14,16,4,0,0,0,0,0,9,16,16,5,0,0,0,0,0,7,15,8,0,0,0,0,0,0,12,11,0,0,0,0,0,5,16,7,0,0,0,0,0,14,15,0,0,0,0
img_0498,0,0,2,13,16,16,16,12,0,0,9,15,8,9,16,7,0,0,10,10,0,6,14,1,0,1,16,5,1,16,4,0,0,0,4,0,9,13,0,0,0,0,0,4,15,1,0,0,0,0,0,14,10,0,0,0,0,0,3,15,4,0,0,0
img_0499,0,0,0,1,14,13,1,0,0,0,0,1,16,16,3,0,0,5,11,15,16,16,0,0,0,4,15,16,16,15,0,0,0,0,0,8,16,7,0,0,0,0,0,10,16,3,0,0,0,0,0,8,16,6,0,0,0,0,0,2,13,15,2,0
img_0500,0,0,3,15,6,0,0,0,0,1,14,13,4,0,0,0,0,4,16,5,16,7,0,0,0,8,16,8,16,9,5,0,0,10,16,14,16,16,9,0,0,3,11,16,11,2,0,0,0,0,4,16,8,0,0,0,0,0,5,15,4,0,0,0
img_0501,0,0,9,15,5,0,0,0,0,3,15,15,16,4,0,0,0,10,14,0,9,14,0,0,0,8,12,0,0,12,5,0,0,8,8,0,0,10,8,0,0,5,14,0,0,12,8,0,0,0,16,7,12,16,4,0,0,0,9,16,15,7,0,0
img_0502,0,0,0,2,14,5,0,0,0,0,0,13,15,0,0,0,0,0,3,16,3,9,12,0,0,1,14,8,0,15,13,0,0,11,16,10,8,16,10,0,3,16,16,16,16,15,3,0,0,0,0,2,16,12,0,0,0,0,0,4,16,7,0,0
img_0503,0,0,11,14,5,0,0,0,0,6,12,4,13,4,0,0,0,10,10,0,4,14,0,0,0,7,13,5,13,16,2,0,0,1,10,12,12,14,8,0,0,0,0,0,0,7,12,0,0,0,1,0,0,1,15,0,0,0,11,8,4,5,16,1
img_0504,0,0,3,15,7,0,0,0,0,3,15,11,1,1,7,0,0,8,16,2,0,13,15,0,0,8,16,13,14,16,5,0,0,0,8,9,15,13,0,0,0,0,0,8,16,2,0,0,0,0,0,12,12,0,0,0,0,0,3,16,4,0,0,0
img_0505,0,0,0,1,13,1,0,0,0,0,1,14,15,0,0,0,0,0,3,16,6,0,0,0,0,0,6,12,0,0,0,0,0,0,9,14,10,3,0,0,0,0,8,16,16,16,1,0,0,0,8,16,15,16,5,0,0,0,0,2,11,11,1,0
img_0506,0,0,7,16,13,2,0,0,0,0,14,15,13,9,0,0,0,0,14,8,9,10,0,0,0,0,1,2,9,12,0,0,0,0,0,0,13,8,0,0,0,0,0,5,16,4,0,0,0,0,6,15,16,5,5,5,0,0,6,16,16,16,16,13
img_0507,0,0,0,12,10,0,0,0,0,0,0,14,16,2,0,0,0,0,0,13,16,0,0,0,0,0,0,11,16,3,0,0,0,0,0,10,16,3,0,0,0,0,0,11,16,2,0,0,0,0,0,14,16,2,0,0,0,0,0,11,14,0,0,0
img_0508,0,0,1,10,7,0,0,0,0,0,6,13,0,0,0,0,0,0,13,5,0,0,0,0,0,2,16,1,5,2,0,0,0,3,16,15,11,9,5,0,0,2,16,6,0,2,14,0,0,0,10,10,1,5,15,0,0,0,1,12,15,14,6,0
img_0509,0,0,7,16,15,1,0,0,0,5,16,13,16,8,0,0,0,9,11,0,4,16,4,0,0,12,8,0,0,11,11,0,0,11,8,0,0,8,12,0,0,8,13,0,0,12,10,0,0,2,16,9,12,15,3,0,0,0,8,16,13,5,0,0
img_0510,0,0,0,13,9,0,0,0,0,0,0,14,15,1,0,0,0,0,0,13,16,0,0,0,0,0,0,11,16,0,0,0,0,0,0,10,16,2,0,0,0,0,0,14,16,1,0,0,0,0,0,15,16,1,0,0,0,0,0,12,15,0,0,0
img_0511,0,0,4,11,15,7,0,0,0,2,15,14,9,15,1,0,0,8,15,1,6,16,5,0,0,6,14,13,15,6,0,0,0,1,16,16,6,0,0,0,0,4,15,11,15,1,0,0,0,1,12,3,7,9,0,0,0,0,4,14,16,6,0,0
img_0512,0,0,14,16,14,6,0,0,0,0,7,10,16,16,3,0,0,0,0,5,16,16,1,0,0,0,0,2,16,8,0,0,0,0,0,0,12,13,1,0,0,0,0,0,4,16,7,0,0,0,5,9,14,16,7,0,0,0,13,16,16,10,1,0
img_0513,0,0,8,12,13,5,0,0,0,4,13,4,9,11,0,0,0,0,0,6,13,4,0,0,0,0,0,10,15,4,0,0,0,0,0,0,4,15,2,0,0,7,8,0,0,12,7,0,0,8,9,1,3,16,3,0,0,0,10,16,16,6,0,0
img_0514,0,0,12,16,16,8,0,0,0,3,16,13,8,5,0,0,0,2,16,3,0,0,0,0,0,0,16,13,9,0,0,0,0,0,10,16,16,7,0,0,0,0,0,1,10,13,0,0,0,0,2,11,16,10,0,0,0,0,11,16,12,0,0,0
img_0515,0,0,2,12,12,8,1,0,0,0,2,15,16,16,8,0,0,0,5,16,16,14,3,0,0,0,8,16,16,10,0,0,0,3,15,16,13,0,0,0,0,2,14,16,9,0,0,0,0,0,11,16,9,0,0,0,0,0,1,9,5,0,0,0
img_0516,0,0,8,16,8,0,0,0,0,0,16,6,15,1,0,0,0,4,10,0,12,2,0,0,0,0,0,7,16,3,0,0,0,0,0,5,13,16,3,0,0,0,0,0,0,11,6,0,0,0,12,9,9,16,2,0,0,0,8,16,15,7,0,0
img_0517,0,2,10,14,16,12,0,0,0,10,12,7,10,12,0,0,0,0,0,0,13,10,0,0,0,0,0,3,16,3,0,0,0,0,0,13,10,0,0,0,0,0,5,16,1,0,0,0,0,0,14,15,12,16,10,0,0,1,16,13,9,3,0,0
img_0518,0,1,9,16,16,15,3,0,0,8,16,12,8,8,3,0,0,6,16,9,3,0,0,0,0,8,16,16,16,4,0,0,0,3,6,4,13,11,0,0,0,0,0,0,8,13,0,0,0,0,5,8,15,10,0,0,0,0,11,16,11,1,0,0
img_0519,0,0,0,1,10,16,8,0,0,1,8,15,16,16,9,0,0,10,16,13,11,16,8,0,0,1,4,0,10,16,4,0,0,0,0,0,12,16,0,0,0,0,0,0,12,16,0,0,0,0,0,0,12,16,3,0,0,0,0,0,10,16,7,0
img_0520,0,0,6,12,13,7,0,0,0,0,16,10,16,12,0,0,0,0,13,7,16,9,0,0,0,0,1,15,13,0,0,0,0,0,2,16,13,0,0,0,0,0,10,7,10,2,0,0,0,0,13,4,13,3,0,0,0,0,7,15,9,0,0,0
img_0521,0,0,0,0,8,14,10,0,0,0,0,9,7,9,12,0,0,0,9,8,0,12,9,0,0,4,16,8,12,16,2,0,0,5,16,16,10,15,0,0,0,0,4,0,5,11,0,0,0,0,0,0,8,9,0,0,0,0,0,0,10,10,0,0
img_0522,0,0,0,10,13,0,0,0,0,0,0,13,16,5,0,0,0,0,0,16,16,4,0,0,0,0,3,16,16,7,0,0,0,0,7,16,16,9,0,0,0,0,9,16,16,10,0,0,0,0,10,16,16,14,0,0,0,0,1,5,7,15,8,0
img_0523,0,0,10,16,10,0,0,0,0,8,16,14,16,2,0,0,0,3,15,8,16,3,0,0,0,0,0,11,16,7,0,0,0,0,0,3,10,15,2,0,0,0,10,0,0,14,8,0,0,1,16,6,8,13,8,0,0,1,15,16,13,10,1,0
img_0524,0,0,0,0,5,15,1,0,0,0,0,0,11,16,1,0,0,0,0,8,15,16,3,0,0,2,13,15,5,16,0,0,0,8,14,2,3,16,0,0,0,0,0,0,4,15,0,0,0,0,0,0,5,15,0,0,0,0,0,0,5,16,1,0
img_0525,0,0,2,15,4,0,0,0,0,0,11,13,0,0,0,0,0,0,16,6,0,0,0,0,0,3,16,7,0,0,0,0,0,4,16,16,15,5,0,0,0,4,16,5,3,13,7,0,0,1,14,9,0,8,13,0,0,0,2,13,16,16,8,0
img_0526,0,0,0,14,14,1,0,0,0,0,3,16,14,0,0,0,0,0,10,16,2,0,0,0,0,0,16,16,8,3,0,0,0,3,16,15,8,14,2,0,0,0,16,11,0,11,10,0,0,0,9,14,7,16,10,0,0,0,0,12,16,14,1,0
img_0527,0,0,5,11,4,1,0,0,0,0,15,16,16,11,0,0,0,2,16,9,2,12,4,0,0,6,13,0,0,6,6,0,0,3,13,0,0,5,9,0,0,3,16,0,0,6,8,0,0,0,13,12,8,16,7,0,0,0,4,13,12,10,0,0
img_0528,0,0,4,16,15,7,0,0,0,0,6,16,16,6,0,0,0,0,5,16,16,4,0,0,0,0,7,16,15,0,0,0,0,0,11,16,14,0,0,0,0,0,6,16,14,0,0,0,0,0,6,16,16,5,0,0,0,0,2,12,16,3,0,0
img_0529,0,3,12,15,16,16,3,0,0,6,16,9,9,16,6,0,0,0,3,0,11,15,1,0,0,0,0,4,16,7,0,0,0,0,0,7,16,4,0,0,0,0,0,0,13,11,0,0,0,0,4,5,15,14,0,0,0,3,16,16,15,6,0,0
img_0530,0,0,12,16,16,16,15,0,0,0,3,4,2,8,15,0,0,0,0,2,4,11,11,0,0,0,6,15,16,16,12,0,0,0,5,6,15,7,2,0,0,0,0,10,13,0,0,0,0,0,4,16,2,0,0,0,0,0,14,11,0,0,0,0
img_0531,0,0,10,11,7,0,0,0,0,4,16,16,16,10,0,0,0,4,16,6,5,15,2,0,0,8,12,0,0,5,8,0,0,8,10,0,0,5,8,0,0,6,13,1,5,14,5,0,0,0,14,13,15,11,1,0,0,0,7,12,8,0,0,0
img_0532,0,2,9,15,14,9,3,0,0,4,13,8,9,16,8,0,0,0,0,6,14,15,3,0,0,0,0,11,14,2,0,0,0,0,0,2,15,11,0,0,0,0,0,0,2,15,4,0,0,1,5,6,13,16,6,0,0,2,12,12,13,11,0,0
img_0533,0,0,0,9,10,0,0,0,0,0,3,16,4,0,0,0,0,0,12,8,2,7,0,0,0,4,16,3,13,13,3,0,0,14,13,8,16,16,10,0,0,14,16,16,16,9,1,0,0,2,4,9,16,1,0,0,0,0,0,9,15,2,0,0
img_0534,0,0,10,15,15,11,4,0,0,1,10,5,7,16,10,0,0,0,0,1,14,14,0,0,0,0,0,11,13,0,0,0,0,0,0,5,16,5,0,0,0,0,0,1,10,14,0,0,0,0,0,2,7,15,3,0,0,0,6,11,16,8,0,0
img_0535,0,1,7,14,10,0,0,0,0,10,12,5,9,7,0,0,0,10,6,0,6,15,0,0,0,5,11,11,14,15,1,0,0,0,2,7,1,10,5,0,0,0,0,0,0,9,5,0,0,0,5,3,0,13,5,0,0,0,4,14,14,12,2,0
img_0536,0,0,0,0,11,5,0,0,0,0,0,8,16,2,0,0,0,0,4,15,16,3,0,0,0,0,12,6,16,3,0,0,0,5,15,0,15,5,3,0,0,6,16,16,16,11,4,0,0,0,0,0,14,0,0,0,0,0,0,0,12,2,0,0
img_0537,0,0,0,11,9,0,0,0,0,0,0,11,14,0,0,0,0,0,0,11,13,0,0,0,0,0,0,15,13,0,0,0,0,0,0,13,13,0,0,0,0,0,0,13,9,0,0,0,0,0,0,10,10,0,0,0,0,0,0,9,11,0,0,0
img_0538,0,3,14,15,6,0,0,0,0,7,15,14,15,0,0,0,0,2,7,2,14,3,0,0,0,0,0,1,14,4,0,0,0,0,0,7,15,2,0,0,0,0,5,15,14,4,1,0,0,4,15,16,16,16,6,0,0,4,15,13,12,11,1,0
img_0539,0,5,16,15,3,0,0,0,0,11,14,11,11,0,0,0,0,8,11,4,16,0,0,0,0,0,0,4,13,0,0,0,0,0,0,8,12,0,0,0,0,0,0,13,9,5,1,0,0,1,11,16,16,16,10,0,0,5,16,14,8,6,1,0
img_0540,0,0,0,14,16,15,11,0,0,0,2,16,16,16,10,0,0,0,4,16,16,16,4,0,0,0,12,16,16,12,0,0,0,0,12,16,16,6,0,0,0,0,14,16,16,6,0,0,0,0,11,16,15,2,0,0,0,0,1,15,15,1,0,0
img_0541,0,0,6,15,15,3,0,0,0,3,16,14,14,13,0,0,0,6,15,2,1,14,5,0,0,8,14,2,0,9,8,0,0,8,16,4,0,8,8,0,0,5,16,6,0,11,9,0,0,1,16,16,14,16,9,0,0,0,5,14,15,10,1,0
img_0542,0,0,15,13,0,3,3,0,0,0,15,15,8,15,5,0,0,0,8,16,16,7,0,0,0,0,7,16,16,1,0,0,0,0,12,12,15,10,0,0,0,3,16,0,10,15,1,0,0,2,16,5,7,15,3,0,0,1,12,16,15,7,0,0
img_0543,0,0,9,16,15,3,0,0,0,7,15,7,16,7,0,0,0,2,2,0,16,2,0,0,0,0,0,6,15,0,0,0,0,0,0,13,10,0,0,0,0,0,3,16,3,3,5,0,0,0,11,14,10,16,6,0,0,0,11,16,13,5,0,0
img_0544,0,0,7,13,15,5,0,0,0,0,8,16,16,12,0,0,0,0,7,16,15,3,0,0,0,0,6,16,5,0,0,0,0,0,5,16,2,0,0,0,0,0,8,16,6,0,0,0,0,0,12,12,13,0,0,0,0,0,5,13,10,0,0,0
img_0545,0,0,9,15,14,8,0,0,0,6,16,4,2,16,3,0,0,5,16,5,5,16,4,0,0,0,9,16,16,16,4,0,0,0,0,0,0,9,8,0,0,0,0,0,0,8,8,0,0,2,10,2,1,12,6,0,0,1,13,14,14,11,1,0
img_0546,0,0,0,11,14,0,0,0,0,0,10,16,4,0,0,0,0,1,15,11,0,0,0,0,0,3,16,12,8,2,0,0,0,7,16,16,12,14,3,0,0,4,16,8,0,10,9,0,0,1,12,15,9,14,10,0,0,0,2,10,13,11,1,0
img_0547,0,0,0,1,13,8,0,0,0,0,0,9,15,3,0,0,0,0,2,16,9,2,1,0,0,2,14,13,1,16,6,0,0,11,16,6,8,16,3,0,1,16,16,16,16,13,0,0,0,7,12,13,16,10,0,0,0,0,0,0,15,7,0,0
img_0548,0,0,15,16,12,5,0,0,0,1,16,15,11,7,0,0,0,4,16,9,0,0,0,0,0,8,16,14,12,7,0,0,0,7,16,14,10,16,3,0,0,0,1,0,10,16,4,0,0,0,1,10,16,10,0,0,0,0,13,15,5,0,0,0
img_0549,0,0,1,10,15,10,0,0,0,1,13,11,8,12,0,0,0,2,9,0,13,6,0,0,0,0,0,0,16,1,0,0,0,0,0,0,14,10,1,0,0,0,0,0,1,9,10,0,0,0,13,7,0,2,16,0,0,0,2,11,15,16,12,0
img_0550,0,0,1,13,0,0,0,0,0,0,7,10,0,0,0,0,0,1,16,2,0,0,0,0,0,4,13,0,0,0,0,0,0,7,12,4,11,9,1,0,0,4,16,15,8,12,7,0,0,2,14,10,3,13,7,0,0,0,2,13,16,8,1,0
img_0551,0,2,13,15,10,4,0,0,0,0,5,4,13,15,2,0,0,0,0,0,11,16,4,0,0,0,0,0,16,12,0,0,0,0,0,0,13,11,0,0,0,0,0,0,8,13,0,0,0,1,6,8,14,12,0,0,0,2,12,14,11,1,0,0
img_0552,0,0,3,10,16,4,0,0,0,1,15,16,16,10,0,0,0,6,10,2,3,14,1,0,0,8,6,0,0,10,4,0,0,4,8,0,0,5,8,0,0,0,15,0,0,9,8,0,0,0,12,14,10,16,3,0,0,0,4,14,13,5,0,0
img_0553,0,0,2,5,5,11,15,5,0,0,12,16,14,13,16,3,0,1,14,9,0,6,11,0,0,0,16,5,1,13,4,0,0,0,1,0,7,11,0,0,0,0,0,2,12,2,0,0,0,0,0,10,10,0,0,0,0,0,0,15,5,0,0,0
img_0554,0,0,8,13,11,1,0,0,0,4,15,5,12,6,0,0,0,0,0,0,10,4,0,0,0,0,0,6,16,4,0,0,0,0,0,5,13,15,3,0,0,0,1,0,0,7,12,0,0,1,15,8,7,12,12,0,0,0,6,14,16,15,5,0
img_0555,0,0,10,16,16,13,0,0,0,4,16,15,12,4,0,0,0,8,16,4,0,0,0,0,0,4,16,11,6,1,0,0,0,0,8,16,16,13,2,0,0,0,0,1,7,14,12,0,0,0,0,6,13,16,10,0,0,0,12,16,14,6,0,0
img_0556,0,0,9,16,11,1,0,0,0,5,16,10,16,9,0,0,0,6,14,1,9,15,0,0,0,1,15,6,11,16,2,0,0,0,7,16,15,16,7,0,0,0,0,3,1,11,9,0,0,3,14,9,9,14,12,0,0,0,12,16,16,13,3,0
img_0557,0,0,2,12,8,7,6,2,0,0,9,16,15,16,16,5,0,0,13,11,0,10,14,0,0,0,11,3,2,15,4,0,0,0,0,0,11,9,0,0,0,0,0,8,16,4,0,0,0,0,0,15,12,0,0,0,0,0,4,16,2,0,0,0
img_0558,0,4,13,16,16,12,3,0,0,3,7,4,13,16,6,0,0,0,0,8,15,5,0,0,0,0,0,12,8,0,0,0,0,0,0,7,12,0,0,0,0,0,0,4,12,0,0,0,0,1,7,12,11,0,0,0,0,3,15,12,2,0,0,0
img_0559,0,3,15,16,13,1,0,0,0,10,13,9,16,4,0,0,0,1,1,0,16,6,0,0,0,0,0,10,15,1,0,0,0,0,10,16,3,0,0,0,0,3,16,7,0,0,0,0,0,5,16,13,12,7,2,0,0,2,13,13,13,16,15,0
img_0560,0,0,2,14,14,6,0,0,0,0,10,15,11,15,2,0,0,3,16,3,0,12,6,0,0,3,9,0,0,9,10,0,0,10,11,0,0,8,12,0,0,7,16,1,0,11,13,0,0,0,15,14,12,15,10,0,0,0,3,14,16,13,5,0
img_0561,0,1,14,16,15,4,0,0,0,4,16,9,11,15,3,0,0,6,16,1,8,16,2,0,0,2,14,10,15,16,6,0,0,0,3,11,8,15,5,0,0,0,0,0,1,16,5,0,0,0,3,3,11,15,1,0,0,0,13,16,14,4,0,0
img_0562,0,0,0,10,16,7,0,0,0,0,2,15,4,14,2,0,0,0,0,13,8,16,0,0,0,0,0,10,16,14,1,0,0,0,8,16,16,7,0,0,0,1,15,6,8,12,0,0,0,1,13,5,12,9,0,0,0,0,1,11,15,6,0,0
img_0563,0,0,0,0,9,13,0,0,0,0,0,2,16,16,1,0,0,0,0,5,9,15,0,0,0,0,0,0,5,14,0,0,0,0,0,3,15,7,0,0,0,7,16,16,11,0,0,0,0,0,11,14,16,7,3,0,0,0,0,0,9,15,9,0
img_0564,0,0,6,16,15,5,0,0,0,1,16,14,8,15,1,0,0,9,13,1,0,12,6,0,0,5,9,0,0,9,10,0,0,6,9,0,0,9,11,0,0,7,16,1,0,11,11,0,0,3,16,11,13,16,8,0,0,0,8,16,16,12,1,0
img_0565,0,0,0,0,8,13,3,0,0,0,0,12,11,11,5,0,0,0,11,8,8,16,0,0,0,2,16,16,16,15,0,0,0,2,16,11,7,10,0,0,0,0,0,0,8,7,0,0,0,0,0,0,10,8,0,0,0,0,0,0,9,7,0,0
img_0566,0,0,0,6,14,0,0,0,0,0,4,16,6,0,0,0,0,0,14,10,1,2,0,0,0,6,16,4,12,10,0,0,0,14,11,0,16,8,0,0,4,16,16,16,16,10,0,0,1,11,12,12,16,5,0,0,0,0,0,8,16,4,0,0
img_0567,0,0,1,12,16,8,0,0,0,2,13,16,16,8,0,0,0,13,16,14,16,12,0,0,0,11,6,7,16,2,0,0,0,0,0,11,16,1,0,0,0,0,0,13,13,0,0,0,0,0,0,15,13,0,0,0,0,0,0,13,13,0,0,0
img_0568,0,0,0,11,16,8,0,0,0,0,6,16,13,3,0,0,0,0,8,16,8,0,0,0,0,0,13,16,2,0,0,0,0,0,15,16,5,0,0,0,0,2,16,16,16,5,0,0,0,1,10,16,16,14,0,0,0,0,0,12,16,15,0,0
img_0569,0,0,5,16,12,2,0,0,0,0,13,14,15,11,0,0,0,6,15,1,2,16,4,0,0,6,14,0,0,9,8,0,0,8,10,0,0,13,8,0,0,4,13,0,1,14,8,0,0,0,14,14,15,15,3,0,0,0,5,12,13,8,0,0
img_0570,0,0,7,8,13,16,15,1,0,0,7,7,4,11,12,0,0,0,0,0,8,13,1,0,0,4,8,8,15,15,6,0,0,2,11,15,15,4,0,0,0,0,0,16,5,0,0,0,0,0,9,15,1,0,0,0,0,0,13,5,0,0,0,0
img_0571,0,2,11,16,16,8,1,0,0,2,12,9,9,16,10,0,0,0,0,0,4,16,9,0,0,0,0,2,15,16,0,0,0,0,0,3,16,14,0,0,0,0,0,0,13,16,3,0,0,0,4,11,16,8,0,0,0,3,15,12,4,0,0,0
img_0572,0,0,8,13,14,5,0,0,0,5,13,4,11,9,0,0,0,4,13,1,12,14,0,0,0,0,8,14,11,12,4,0,0,0,0,0,0,7,8,0,0,0,0,0,0,4,8,0,0,0,2,2,0,11,7,0,0,0,8,16,16,13,2,0
img_0573,0,0,4,11,15,8,0,0,0,0,13,16,11,13,7,0,0,3,16,12,0,4,8,0,0,6,16,5,0,4,8,0,0,7,9,0,0,9,7,0,0,4,10,0,2,15,2,0,0,1,16,12,14,10,0,0,0,0,4,14,14,1,0,0
img_0574,0,0,10,16,16,11,0,0,0,1,11,7,6,16,3,0,0,0,0,0,10,15,0,0,0,0,0,0,15,7,0,0,0,0,0,0,15,9,0,0,0,0,0,0,7,13,0,0,0,0,5,4,10,16,0,0,0,0,10,16,16,10,0,0
img_0575,0,0,7,16,16,10,0,0,0,0,14,13,7,4,0,0,0,5,16,6,0,0,0,0,0,14,15,8,6,1,0,0,0,4,12,12,16,13,2,0,0,0,0,0,1,15,6,0,0,0,5,6,6,16,4,0,0,0,7,16,16,11,1,0
img_0576,0,0,2,12,1,0,0,0,0,0,6,13,0,0,0,0,0,0,13,4,0,0,0,0,0,0,16,1,0,0,0,0,0,5,16,16,16,10,1,0,0,2,15,6,1,10,8,0,0,0,10,10,0,9,9,0,0,0,2,12,16,15,1,0
img_0577,0,0,5,16,16,7,0,0,0,0,6,9,13,11,0,0,0,0,0,0,10,12,0,0,0,0,1,6,13,8,0,0,0,0,8,16,16,15,6,0,0,0,1,11,14,8,2,0,0,0,0,13,7,0,0,0,0,0,4,16,2,0,0,0
img_0578,0,0,2,13,14,6,0,0,0,0,10,13,5,16,0,0,0,0,9,9,4,14,0,0,0,0,4,15,15,5,0,0,0,0,5,16,14,1,0,0,0,0,14,6,8,9,0,0,0,0,13,7,1,11,5,0,0,0,3,11,15,16,12,0
img_0579,0,0,15,16,11,3,0,0,0,0,4,10,15,15,3,0,0,0,0,0,14,16,5,0,0,0,0,5,16,12,0,0,0,0,0,3,16,11,1,0,0,0,0,2,13,16,9,0,0,0,6,15,16,12,3,0,0,0,15,14,7,1,0,0
img_0580,0,0,0,8,7,0,0,0,0,0,2,16,6,0,0,0,0,0,5,16,2,0,0,0,0,0,11,15,12,9,0,0,0,0,11,16,13,9,8,0,0,0,11,16,2,8,9,0,0,0,3,16,5,12,10,0,0,0,0,6,16,14,2,0
img_0581,0,0,5,16,16,16,9,0,0,0,1,6,4,12,14,0,0,0,0,0,0,15,9,0,0,0,4,6,11,16,1,0,0,0,15,16,16,16,9,0,0,0,2,10,11,0,1,0,0,0,2,15,3,0,0,0,0,0,11,10,0,0,0,0
img_0582,0,4,16,16,16,16,5,0,0,11,16,8,5,8,3,0,0,10,16,2,0,0,0,0,0,3,16,6,0,0,0,0,0,0,16,9,0,0,0,0,0,0,12,16,2,0,0,0,0,0,6,16,11,0,0,0,0,4,16,12,1,0,0,0
img_0583,0,0,5,13,0,0,0,0,0,0,12,9,4,13,0,0,0,0,16,5,11,13,0,0,0,0,15,13,15,7,0,0,0,0,4,14,15,0,0,0,0,0,0,14,8,0,0,0,0,0,2,16,4,0,0,0,0,0,6,16,1,0,0,0
img_0584,0,0,5,16,10,0,0,0,0,0,8,16,16,5,0,0,0,0,14,14,1,12,0,0,0,0,15,10,0,7,4,0,0,2,16,7,0,2,9,0,0,2,16,8,0,6,11,0,0,1,12,14,14,16,5,0,0,0,4,15,16,8,1,0
img_0585,0,0,1,15,15,2,0,0,0,0,3,12,16,6,0,0,0,0,0,4,16,4,0,0,0,0,3,8,16,4,0,0,0,10,16,16,16,16,8,0,0,8,11,14,14,5,1,0,0,0,0,15,6,0,0,0,0,0,1,15,2,0,0,0
img_0586,0,0,4,15,12,2,0,0,0,0,9,16,14,2,0,0,0,0,12,16,15,0,0,0,0,0,11,16,12,1,0,0,0,0,9,16,14,0,0,0,0,0,10,16,12,0,0,0,0,0,9,16,14,0,0,0,0,0,4,12,12,0,0,0
img_0587,0,0,0,9,8,0,0,0,0,0,1,16,2,0,0,0,0,0,6,14,0,0,0,0,0,0,9,11,0,3,0,0,0,0,13,8,13,13,10,0,0,0,12,16,8,0,13,1,0,0,6,16,5,9,13,0,0,0,0,8,15,14,4,0
img_0588,0,1,13,9,8,13,2,0,0,10,7,0,0,12,2,0,0,9,6,0,9,6,0,0,0,1,13,10,10,0,0,0,0,0,9,16,2,0,0,0,0,2,12,5,12,1,0,0,0,4,9,0,9,5,0,0,0,1,12,11,8,0,0,0
img_0589,0,1,9,15,13,4,0,0,0,8,12,4,8,8,0,0,0,9,11,0,5,16,3,0,0,4,13,8,16,16,6,0,0,0,4,8,2,11,9,0,0,0,0,0,0,10,8,0,0,0,7,0,3,14,6,0,0,0,7,16,14,8,0,0
img_0590,0,0,3,16,12,2,0,0,0,0,6,16,16,3,0,0,0,0,9,16,16,0,0,0,0,0,9,16,16,1,0,0,0,0,9,16,16,0,0,0,0,0,9,16,13,0,0,0,0,0,7,16,13,0,0,0,0,0,3,14,16,3,0,0
img_0591,0,0,0,3,14,1,0,0,0,0,0,13,12,1,0,0,0,0,7,16,5,3,0,0,0,3,15,11,5,16,2,0,0,5,16,11,11,16,6,0,0,0,6,12,16,13,3,0,0,0,0,1,15,7,0,0,0,0,0,2,16,7,0,0
img_0592,0,0,2,15,13,3,0,0,0,0,10,15,11,15,0,0,0,3,16,6,0,10,0,0,0,4,16,8,0,3,8,0,0,8,14,3,0,4,8,0,0,3,15,1,0,3,7,0,0,0,14,11,6,14,5,0,0,0,4,12,15,6,0,0
img_0593,0,0,7,14,16,5,0,0,0,0,16,12,15,12,0,0,0,0,3,0,14,9,0,0,0,0,5,12,16,15,10,0,0,8,16,16,13,6,0,0,0,3,9,16,6,0,0,0,0,0,10,12,1,0,0,0,0,0,12,5,0,0,0,0
img_0594,0,0,0,2,15,2,0,0,0,0,0,12,12,0,0,0,0,0,5,16,2,0,0,0,0,0,11,10,0,3,8,0,0,5,16,1,2,15,5,0,0,9,13,7,14,16,2,0,0,5,15,14,16,10,0,0,0,0,0,2,16,5,0,0
img_0595,0,0,0,7,13,8,0,0,0,0,2,16,8,15,0,0,0,0,4,12,8,11,0,0,0,0,2,16,16,3,0,0,0,0,5,16,16,2,0,0,0,2,16,7,9,11,0,0,0,0,9,12,1,14,6,0,0,0,0,6,15,15,12,0
img_0596,0,7,16,16,16,16,11,0,0,8,16,9,6,0,1,0,0,3,16,3,0,0,0,0,0,0,11,12,0,0,0,0,0,0,4,16,1,0,0,0,0,4,0,14,4,0,0,0,0,9,9,16,3,0,0,0,0,5,15,13,0,0,0,0
img_0597,0,0,2,11,13,5,0,0,0,1,14,9,8,14,0,0,0,6,13,1,2,16,2,0,0,7,7,0,0,12,5,0,0,7,9,0,0,3,9,0,0,2,12,0,0,4,11,0,0,0,12,6,4,14,7,0,0,0,3,13,16,9,0,0
img_0598,0,4,15,15,8,0,0,0,0,8,16,16,16,3,0,0,0,1,0,1,15,5,0,0,0,0,0,0,11,6,0,0,0,0,0,3,15,2,0,0,0,0,4,15,16,14,6,0,0,6,16,16,15,11,3,0,0,7,14,11,0,0,0,0
img_0599,0,0,9,14,14,3,0,0,0,4,13,1,4,11,0,0,0,1,14,1,11,7,6,0,0,0,15,13,9,12,3,0,0,0,1,14,14,0,0,0,0,0,5,14,12,0,0,0,0,0,12,1,9,5,0,0,0,0,11,12,13,3,0,0
img_0600,0,0,0,9,12,0,0,0,0,0,4,16,5,0,1,0,0,2,14,9,0,5,15,1,0,8,16,9,12,16,9,0,0,5,16,13,13,13,0,0,0,0,0,1,15,7,0,0,0,0,0,4,16,1,0,0,0,0,0,12,12,0,0,0
img_0601,0,0,7,12,13,4,0,0,0,0,16,6,6,2,0,0,0,4,13,7,8,2,0,0,0,7,16,10,10,14,1,0,0,2,2,0,0,10,6,0,0,0,0,0,0,8,8,0,0,0,11,1,0,10,8,0,0,0,8,15,15,15,2,0
img_0602,0,0,7,15,16,15,0,0,0,2,15,2,5,16,1,0,0,0,0,0,10,13,0,0,0,0,0,3,14,11,2,0,0,0,6,16,16,16,8,0,0,0,5,13,7,0,0,0,0,0,3,15,1,0,0,0,0,0,10,12,0,0,0,0
img_0603,0,0,0,4,11,15,16,12,0,0,2,16,12,9,11,12,0,0,1,2,0,0,14,5,0,0,0,7,12,14,15,0,0,0,3,16,16,15,2,0,0,0,0,1,11,8,0,0,0,0,0,2,15,1,0,0,0,0,0,5,10,0,0,0
img_0604,0,0,0,9,15,12,0,0,0,0,4,7,7,14,0,0,0,0,0,0,0,13,3,0,0,4,9,8,10,13,1,0,0,4,16,15,16,16,6,0,0,0,0,0,14,3,0,0,0,0,0,9,12,0,0,0,0,0,0,11,7,0,0,0
img_0605,0,3,15,16,7,0,0,0,0,12,13,11,16,0,0,0,0,12,5,4,16,0,0,0,0,0,0,3,16,4,0,0,0,0,0,6,16,3,0,0,0,0,0,11,16,0,0,0,0,1,12,16,14,8,5,0,0,2,13,16,16,16,16,2
img_0606,0,0,2,15,13,3,0,0,0,0,12,16,9,4,0,0,0,3,16,9,0,0,0,0,0,3,16,14,12,5,0,0,0,8,16,16,16,16,0,0,0,5,16,15,6,16,9,0,0,1,13,14,13,16,3,0,0,0,3,12,14,10,0,0
img_0607,0,0,0,3,14,6,0,0,0,0,3,14,10,1,0,0,0,1,13,10,0,0,0,0,0,9,14,1,0,7,5,0,0,11,15,8,9,16,10,0,0,7,16,16,15,15,2,0,0,0,0,0,12,11,0,0,0,0,0,3,16,2,0,0
img_0608,0,1,9,12,13,11,0,0,0,3,15,4,3,3,0,0,0,5,12,7,6,0,0,0,0,5,16,14,13,7,0,0,0,1,8,0,2,12,0,0,0,0,0,0,2,14,0,0,0,0,6,2,10,6,0,0,0,0,11,16,13,1,0,0
img_0609,0,0,0,11,12,1,0,0,0,0,8,16,9,4,0,0,0,0,3,4,0,0,0,0,0,1,0,2,8,2,0,0,0,5,16,16,16,14,2,0,0,2,16,9,3,13,7,0,0,0,11,14,7,16,9,0,0,0,1,10,14,10,2,0
img_0610,0,0,4,15,4,0,0,0,0,0,3,16,9,0,0,0,0,0,2,16,11,0,0,0,0,0,0,16,13,0,0,0,0,0,2,16,16,2,0,0,0,0,0,5,15,10,0,0,0,0,4,12,14,16,13,13,0,0,2,13,16,16,15,8
img_0611,0,0,3,11,16,15,0,0,0,0,15,16,5,13,0,0,0,2,16,9,0,12,0,0,0,1,9,15,10,10,0,0,0,0,0,6,16,12,1,0,0,0,2,14,2,16,5,0,0,0,8,10,1,14,4,0,0,0,3,15,16,9,0,0
img_0612,0,0,0,10,13,5,0,0,0,3,14,16,12,15,0,0,0,10,16,8,11,16,0,0,0,8,14,5,14,9,0,0,0,0,7,14,16,5,0,0,0,0,0,11,16,16,1,0,0,0,0,14,16,16,4,0,0,0,0,11,16,11,0,0
img_0613,0,0,5,12,16,7,0,0,0,5,14,4,9,15,5,0,0,4,13,6,14,6,2,0,0,1,14,16,2,0,0,0,0,3,15,12,9,0,0,0,0,5,12,0,10,7,0,0,0,3,15,4,2,15,0,0,0,0,5,14,14,7,0,0
img_0614,0,0,2,16,15,15,8,0,0,0,7,16,15,12,7,0,0,3,15,8,1,0,0,0,0,9,15,4,4,2,0,0,0,5,16,16,16,15,2,0,0,0,5,6,8,16,3,0,0,0,0,1,14,10,0,0,0,0,2,16,13,1,0,0
img_0615,0,0,5,16,16,10,0,0,0,2,16,14,14,14,0,0,0,2,14,4,14,10,0,0,0,0,0,8,16,8,0,0,0,0,0,0,8,16,6,0,0,0,0,0,0,12,13,0,0,0,7,11,8,16,11,0,0,0,8,16,16,10,1,0
img_0616,0,0,2,12,9,0,0,0,0,0,1,15,7,9,0,0,0,0,0,11,1,14,1,0,0,0,10,8,11,13,1,0,0,0,9,14,16,9,0,0,0,0,0,0,1,10,3,0,0,0,0,0,0,3,14,2,0,0,5,14,13,14,10,1
img_0617,0,0,0,13,3,0,0,0,0,0,8,13,1,0,0,0,0,0,12,5,0,0,0,0,0,1,13,0,0,0,0,0,0,1,12,6,11,9,3,0,0,1,15,16,12,8,11,0,0,0,9,13,2,6,16,2,0,0,0,11,16,14,7,0
img_0618,0,2,16,16,16,16,4,0,0,4,16,6,8,7,1,0,0,4,16,7,2,0,0,0,0,4,16,16,16,6,0,0,0,0,5,4,10,15,0,0,0,0,0,0,1,14,6,0,0,2,14,4,4,16,8,0,0,3,13,16,16,15,1,0
img_0619,0,0,14,16,13,9,1,0,0,0,12,10,9,16,3,0,0,0,9,14,13,13,1,0,0,0,3,13,16,6,0,0,0,0,5,16,12,9,0,0,0,0,13,8,14,6,0,0,0,1,16,11,15,1,0,0,0,1,13,16,6,0,0,0
img_0620,0,0,10,16,14,2,0,0,0,3,16,9,8,14,0,0,0,5,16,3,2,15,6,0,0,5,16,3,0,12,10,0,0,7,14,0,0,12,11,0,0,7,16,1,3,16,5,0,0,4,16,7,12,11,1,0,0,0,10,16,14,3,0,0
img_0621,0,0,0,3,16,3,0,0,0,0,0,10,16,11,0,0,0,0,4,16,16,8,0,0,0,2,14,12,16,5,0,0,0,10,16,14,16,16,11,0,0,5,12,13,16,8,3,0,0,0,0,2,15,3,0,0,0,0,0,4,12,0,0,0
img_0622,0,0,0,5,16,9,0,0,0,0,1,13,16,6,0,0,0,0,13,16,16,4,0,0,0,5,15,16,16,5,0,0,0,0,0,10,16,7,0,0,0,0,0,9,16,8,0,0,0,0,0,9,16,13,0,0,0,0,0,5,14,9,0,0
img_0623,0,0,9,13,8,0,0,0,0,0,13,16,16,12,0,0,0,2,16,7,6,15,3,0,0,8,14,0,0,8,3,0,0,5,14,0,0,8,8,0,0,2,16,13,11,14,4,0,0,3,16,15,16,6,0,0,0,0,6,14,8,0,0,0
img_0624,0,0,3,13,14,4,0,0,0,0,15,8,7,11,0,0,0,0,16,0,0,11,3,0,0,0,10,6,14,14,1,0,0,0,5,16,14,1,0,0,0,0,12,10,8,12,0,0,0,0,14,3,0,9,8,0,0,0,4,14,15,12,4,0
img_0625,0,0,1,13,3,0,0,0,0,0,7,14,2,0,0,0,0,0,13,13,8,5,0,0,0,2,15,15,12,15,5,0,0,7,16,4,0,12,8,0,0,2,15,7,0,12,6,0,0,0,5,15,5,15,5,0,0,0,0,13,16,9,0,0
img_0626,0,2,12,16,12,0,0,0,0,7,16,13,16,3,0,0,0,0,3,5,16,0,0,0,0,0,3,15,7,0,0,0,0,0,11,13,0,0,0,0,0,6,13,1,0,0,0,0,0,6,16,11,8,11,5,0,0,0,15,16,16,15,3,0
img_0627,0,0,0,8,14,0,0,0,0,0,5,16,11,0,0,0,0,1,15,14,1,6,0,0,0,7,16,5,3,16,8,0,0,8,16,8,14,16,2,0,0,0,6,14,16,11,0,0,0,0,0,6,16,4,0,0,0,0,0,10,15,0,0,0
img_0628,0,2,13,16,4,0,0,0,0,12,12,12,15,0,0,0,0,5,2,7,14,0,0,0,0,0,3,15,15,7,0,0,0,0,4,12,12,16,3,0,0,0,0,0,0,15,7,0,0,3,16,8,9,16,6,0,0,1,11,12,14,9,0,0
img_0629,0,0,3,12,9,0,0,0,0,0,12,12,11,13,0,0,0,2,15,2,0,12,5,0,0,4,8,0,0,6,8,0,0,8,7,0,0,4,8,0,0,7,7,0,0,9,7,0,0,3,13,4,7,16,2,0,0,0,6,16,15,5,0,0
img_0630,0,0,8,16,16,1,0,0,0,1,12,10,16,5,0,0,0,0,0,3,16,6,0,0,0,0,0,6,16,2,0,0,0,4,12,14,16,12,5,0,0,12,16,16,14,12,5,0,0,0,6,13,0,0,0,0,0,0,11,8,0,0,0,0
img_0631,0,0,2,16,10,0,0,0,0,0,4,16,16,5,0,0,0,0,8,16,16,3,0,0,0,0,9,16,16,3,0,0,0,0,8,16,16,3,0,0,0,0,8,16,16,1,0,0,0,0,5,16,14,0,0,0,0,0,1,12,16,3,0,0
img_0632,0,0,6,15,15,1,0,0,0,4,16,13,16,4,0,0,0,10,11,2,16,2,0,0,0,1,1,10,14,0,0,0,0,0,1,14,6,0,0,0,0,0,6,14,1,12,9,0,0,0,11,15,14,16,9,0,0,0,8,16,12,5,0,0
img_0633,0,0,10,15,8,0,0,0,0,0,16,4,11,3,5,0,0,0,14,5,7,10,7,0,0,0,4,13,12,11,0,0,0,0,2,14,12,0,0,0,0,1,14,7,12,4,0,0,0,7,10,0,3,12,0,0,0,1,10,11,12,10,0,0
img_0634,0,0,4,15,14,12,11,0,0,0,7,15,13,16,10,0,0,0,10,7,6,16,2,0,0,0,7,1,12,12,0,0,0,0,5,8,16,12,1,0,0,4,16,16,16,14,2,0,0,0,0,15,9,1,0,0,0,0,5,15,2,0,0,0
img_0635,0,0,0,2,14,0,0,0,0,0,0,10,9,0,0,0,0,0,1,15,8,11,0,0,0,0,12,7,12,8,0,0,0,5,16,12,15,14,5,0,0,8,13,9,16,13,3,0,0,0,0,0,16,4,0,0,0,0,0,0,16,6,0,0
img_0636,0,0,0,0,5,15,10,0,0,0,0,8,11,15,7,0,0,0,6,13,10,16,7,0,0,3,16,14,12,15,4,0,0,1,11,8,1,14,2,0,0,0,0,0,3,13,0,0,0,0,0,0,6,10,0,0,0,0,0,0,9,4,0,0
img_0637,0,0,4,14,16,4,0,0,0,0,12,8,9,12,0,0,0,2,11,0,0,12,3,0,0,4,7,0,0,5,8,0,0,6,4,0,0,4,8,0,0,4,9,0,0,6,8,0,0,0,14,9,6,15,2,0,0,0,4,16,15,5,0,0
img_0638,0,0,7,16,9,8,2,0,0,5,16,14,16,16,4,0,0,8,14,0,6,16,4,0,0,1,16,16,15,16,6,0,0,0,0,4,4,13,8,0,0,0,0,0,0,13,8,0,0,0,12,9,11,16,7,0,0,0,7,15,14,7,0,0
img_0639,0,0,3,15,9,0,0,0,0,0,14,8,11,5,0,0,0,3,16,3,1,14,2,0,0,5,12,0,0,12,4,0,0,2,12,0,0,6,8,0,0,2,14,0,0,12,5,0,0,0,12,8,5,15,0,0,0,0,1,13,14,5,0,0
img_0640,0,0,4,13,8,0,0,0,0,0,13,16,15,7,0,0,0,3,16,9,6,15,6,0,0,8,14,0,0,4,8,0,0,8,12,0,0,4,8,0,0,4,12,0,0,11,6,0,0,0,14,10,12,14,1,0,0,0,7,15,11,2,0,0
img_0641,0,0,7,14,10,0,0,0,0,7,15,4,9,11,0,0,0,9,13,0,7,16,0,0,0,3,15,16,16,16,3,0,0,0,0,4,4,12,8,0,0,0,0,0,0,4,12,0,0,0,11,5,0,7,13,0,0,0,5,13,16,14,6,0
img_0642,0,0,1,12,16,14,2,0,0,0,13,11,3,16,5,0,0,4,14,0,0,15,6,0,0,6,12,8,13,16,5,0,0,0,9,12,4,10,8,0,0,0,3,0,0,11,5,0,0,0,16,14,5,15,4,0,0,0,3,12,16,11,1,0
img_0643,0,0,11,15,16,10,0,0,0,8,16,8,15,16,0,0,0,5,6,10,16,8,0,0,0,0,4,16,11,1,0,0,0,0,2,15,9,0,0,0,0,0,0,9,16,2,0,0,0,0,0,8,16,5,0,0,0,0,13,16,15,0,0,0
img_0644,0,0,10,13,1,0,0,0,0,0,7,16,5,0,0,0,0,0,6,16,6,0,0,0,0,0,6,16,13,0,0,0,0,0,0,6,16,2,0,0,0,0,0,3,16,8,0,0,0,0,7,11,16,14,9,4,0,0,6,15,13,14,16,15
img_0645,0,0,0,12,12,0,0,0,0,0,5,16,4,0,0,0,0,1,14,11,0,0,0,0,0,6,16,3,2,0,0,0,0,13,12,8,12,0,0,0,0,15,16,15,16,13,4,0,0,4,9,14,16,7,0,0,0,0,0,11,13,0,0,0
img_0646,0,0,12,8,8,7,0,0,0,3,16,16,11,7,0,0,0,2,14,1,0,0,0,0,0,5,14,5,0,0,0,0,0,2,15,16,9,0,0,0,0,0,0,2,16,2,0,0,0,0,4,8,16,4,0,0,0,0,11,14,9,0,0,0
img_0647,0,0,0,15,12,1,0,0,0,0,5,16,16,6,0,0,0,0,2,16,16,3,0,0,0,0,2,16,16,1,0,0,0,0,6,16,13,0,0,0,0,0,1,16,16,2,0,0,0,0,3,16,15,3,0,0,0,0,0,15,16,1,0,0
img_0648,0,0,4,14,16,14,1,0,0,2,14,16,16,8,0,0,0,4,16,16,14,3,0,0,0,4,16,16,10,0,0,0,0,0,12,13,12,0,0,0,0,1,14,16,15,3,0,0,0,0,10,16,16,12,0,0,0,0,2,9,15,16,8,0
img_0649,0,0,1,10,0,0,0,0,0,0,7,12,0,0,0,0,0,0,12,7,0,0,0,0,0,0,14,3,0,0,0,0,0,0,15,9,12,10,2,0,0,0,16,13,8,8,11,0,0,0,13,10,4,9,15,0,0,0,3,10,15,9,2,0
img_0650,0,1,10,16,16,8,0,0,0,10,16,13,16,12,0,0,0,1,3,3,16,9,0,0,0,0,0,13,14,1,0,0,0,0,2,16,16,12,3,0,0,0,0,5,11,16,11,0,0,0,2,7,14,16,6,0,0,0,11,16,13,5,0,0
img_0651,0,0,3,12,10,1,0,0,0,1,16,16,16,10,0,0,0,5,16,13,6,16,1,0,0,5,16,7,0,13,3,0,0,5,16,4,0,13,7,0,0,1,16,8,0,14,7,0,0,0,13,14,13,16,3,0,0,0,2,13,15,6,0,0
img_0652,0,0,10,15,2,0,0,0,0,7,16,16,6,0,0,0,0,12,13,12,9,0,0,0,0,8,9,13,7,0,0,0,0,0,0,16,5,0,0,0,0,0,6,15,1,0,0,0,0,0,16,14,4,5,8,3,0,0,8,16,16,16,16,9
img_0653,0,0,5,15,14,3,0,0,0,0,12,7,2,12,0,0,0,0,16,3,0,12,1,0,0,0,12,11,10,15,0,0,0,0,2,10,15,13,1,0,0,0,0,0,0,14,4,0,0,0,0,6,12,15,2,0,0,0,7,13,4,0,0,0
img_0654,0,0,0,1,13,2,0,0,0,0,0,12,14,0,0,0,0,0,6,14,0,0,0,0,0,1,14,5,0,0,0,0,0,9,12,0,12,7,0,0,0,12,14,6,16,14,1,0,0,6,16,16,16,5,0,0,0,0,0,3,14,0,0,0
img_0655,0,0,1,7,10,3,0,0,0,0,8,16,16,12,0,0,0,0,8,16,16,12,0,0,0,0,10,16,16,5,0,0,0,0,7,16,16,1,0,0,0,0,14,16,15,1,0,0,0,0,12,16,16,1,0,0,0,0,1,9,12,9,0,0
img_0656,0,0,1,15,14,1,0,0,0,2,13,16,16,3,0,0,0,5,16,16,16,4,0,0,0,4,16,16,16,1,0,0,0,0,7,16,13,0,0,0,0,0,5,16,11,0,0,0,0,0,4,16,10,0,0,0,0,0,2,16,11,0,0,0
img_0657,0,0,2,16,14,2,0,0,0,1,12,16,16,10,0,0,0,4,16,12,12,12,0,0,0,1,15,11,16,6,0,0,0,0,6,16,13,0,0,0,0,0,9,14,14,8,0,0,0,0,10,12,6,15,0,0,0,0,2,13,16,12,0,0
img_0658,0,0,6,16,16,7,0,0,0,0,13,12,15,10,0,0,0,0,3,6,13,9,0,0,0,0,8,16,16,15,6,0,0,0,1,9,14,8,5,0,0,0,0,11,9,0,0,0,0,0,4,16,3,0,0,0,0,0,10,10,0,0,0,0
img_0659,0,0,4,11,12,14,0,0,0,0,15,12,14,16,4,0,0,0,16,9,16,13,3,0,0,0,5,12,11,12,7,0,0,0,0,0,0,8,8,0,0,0,0,0,0,10,7,0,0,6,13,4,0,14,4,0,0,0,7,13,16,14,1,0
img_0660,0,0,0,7,16,12,0,0,0,0,7,16,16,12,0,0,0,3,16,16,16,8,0,0,0,7,16,16,16,8,0,0,0,0,0,11,16,12,0,0,0,0,0,7,16,15,0,0,0,0,0,6,16,16,5,0,0,0,0,6,15,15,2,0
img_0661,0,0,0,8,14,15,7,0,0,0,4,16,12,15,14,0,0,0,1,1,0,11,12,0,0,0,2,4,6,14,15,0,0,4,16,16,16,16,5,0,0,8,12,7,14,12,0,0,0,0,0,4,16,3,0,0,0,0,0,11,7,0,0,0
img_0662,0,0,5,16,12,2,0,0,0,0,4,11,16,10,0,0,0,0,0,0,14,11,0,0,0,0,2,4,14,14,2,0,0,0,13,16,16,10,4,0,0,0,3,10,14,0,0,0,0,0,0,15,5,0,0,0,0,0,6,11,0,0,0,0
img_0663,0,0,3,12,11,1,0,0,0,1,14,14,15,8,0,0,0,3,16,2,5,16,1,0,0,4,16,0,0,14,6,0,0,4,16,0,0,11,8,0,0,3,16,2,0,10,8,0,0,0,10,15,13,16,3,0,0,0,1,15,14,6,0,0
img_0664,0,0,2,11,16,16,16,4,0,0,5,11,8,8,16,1,0,0,0,0,0,14,6,0,0,0,2,10,13,16,13,0,0,0,12,16,16,9,2,0,0,0,2,5,14,0,0,0,0,0,0,11,9,0,0,0,0,0,0,16,6,0,0,0
img_0665,0,0,1,12,8,0,0,0,0,0,11,15,5,0,0,0,0,2,16,5,0,0,0,0,0,5,16,0,0,0,0,0,0,5,12,8,14,14,3,0,0,4,16,16,9,12,8,0,0,0,13,8,0,11,8,0,0,0,1,14,16,11,1,0
img_0666,0,0,8,16,14,15,0,0,0,0,13,11,15,11,0,0,0,4,14,1,13,5,0,0,0,3,7,8,16,4,3,0,0,0,14,16,16,13,7,0,0,0,5,13,2,0,0,0,0,0,6,10,0,0,0,0,0,0,10,6,0,0,0,0
img_0667,0,0,2,15,13,2,0,0,0,0,8,16,15,12,0,0,0,0,9,14,1,15,5,0,0,0,14,13,0,11,9,0,0,3,16,11,0,12,9,0,0,2,16,3,2,16,6,0,0,1,13,11,15,14,0,0,0,0,4,16,15,5,0,0
img_0668,0,0,3,10,15,6,0,0,0,4,16,9,4,16,2,0,0,8,14,0,9,10,0,0,0,1,4,7,16,2,0,0,0,0,0,2,15,7,0,0,0,0,0,0,1,14,1,0,0,0,12,8,1,11,7,0,0,0,6,8,16,15,5,0
img_0669,0,0,9,12,14,2,0,0,0,0,12,6,4,0,0,0,0,0,12,1,3,0,0,0,0,0,9,16,16,12,0,0,0,0,4,4,0,12,6,0,0,0,0,0,0,4,12,0,0,0,9,7,4,10,11,0,0,0,9,14,16,14,5,0
img_0670,0,0,0,8,15,8,0,0,0,0,3,16,12,16,4,0,0,0,2,10,1,16,4,0,0,0,0,0,8,14,0,0,0,0,0,9,15,3,0,0,0,3,16,14,4,0,0,0,0,4,15,14,7,1,0,0,0,0,0,9,12,14,4,0
img_0671,0,2,13,16,12,0,0,0,0,9,15,10,16,3,0,0,0,5,7,5,16,3,0,0,0,0,0,10,14,0,0,0,0,0,5,16,7,0,0,0,0,0,14,16,1,3,7,1,0,3,16,12,10,16,11,1,0,0,13,16,13,7,1,0
img_0672,0,0,2,12,14,8,0,0,0,0,13,13,15,12,0,0,0,5,15,2,10,6,0,0,0,2,14,13,14,1,0,0,0,0,0,11,15,13,1,0,0,0,1,15,3,14,7,0,0,0,6,13,1,16,4,0,0,0,1,12,16,11,0,0
img_0673,0,2,11,14,14,9,0,0,0,3,10,7,10,16,3,0,0,0,0,4,13,12,0,0,0,0,0,13,15,2,0,0,0,0,0,15,9,0,0,0,0,0,0,9,15,0,0,0,0,0,1,13,9,0,0,0,0,1,15,13,1,0,0,0
img_0674,0,0,0,2,14,0,0,0,0,0,0,4,15,0,0,0,0,0,0,11,10,5,7,0,0,0,11,15,2,13,7,0,0,10,16,8,8,16,6,0,0,8,12,12,13,15,1,0,0,0,0,0,10,10,0,0,0,0,0,1,13,3,0,0
img_0675,0,2,9,16,13,13,2,0,0,11,11,4,2,10,4,0,0,6,12,2,4,12,0,0,0,0,6,14,13,2,0,0,0,0,1,14,12,0,0,0,0,0,8,7,13,0,0,0,0,0,12,5,12,0,0,0,0,0,13,14,3,0,0,0
img_0676,0,0,9,15,5,0,0,0,0,0,13,14,13,7,0,0,0,0,6,14,10,13,1,0,0,0,0,9,12,15,5,0,0,0,0,0,0,10,10,0,0,0,0,0,0,7,14,0,0,0,3,8,9,15,15,0,0,0,5,12,12,9,1,0
img_0677,0,2,11,13,11,2,0,0,0,7,12,4,13,8,0,0,0,6,13,5,14,13,0,0,0,0,3,11,9,11,5,0,0,0,0,0,0,8,8,0,0,0,0,0,0,3,11,0,0,0,2,0,1,9,10,0,0,1,15,16,16,14,2,0
img_0678,0,0,1,10,16,16,1,0,0,0,9,16,13,16,1,0,0,0,0,0,5,11,0,0,0,0,0,3,12,12,5,0,0,0,7,16,16,10,4,0,0,0,3,11,13,0,0,0,0,0,0,11,5,0,0,0,0,0,0,15,0,0,0,0
img_0679,0,0,0,7,14,16,6,0,0,0,10,16,12,15,9,0,0,0,8,3,2,16,7,0,0,0,1,8,13,16,14,0,0,2,13,16,16,12,1,0,0,6,12,6,16,3,0,0,0,0,0,5,13,0,0,0,0,0,0,9,6,0,0,0
img_0680,0,0,4,10,13,6,0,0,0,1,16,14,12,16,3,0,0,4,16,6,3,16,4,0,0,0,12,16,16,16,5,0,0,0,0,4,4,16,8,0,0,0,0,0,0,15,5,0,0,0,5,7,7,16,4,0,0,0,2,14,15,9,0,0
img_0681,0,0,3,14,16,9,0,0,0,0,13,10,6,16,7,0,0,5,16,3,2,14,6,0,0,0,10,16,16,16,4,0,0,0,0,0,0,12,5,0,0,0,0,0,0,13,4,0,0,3,11,2,5,15,0,0,0,0,4,12,16,10,0,0
img_0682,0,0,3,12,16,10,0,0,0,2,14,12,12,12,0,0,0,5,10,0,10,11,0,0,0,0,0,1,14,9,2,0,0,0,8,16,16,16,10,0,0,0,6,16,13,7,0,0,0,0,0,16,5,0,0,0,0,0,5,13,0,0,0,0
img_0683,0,0,5,14,15,2,0,0,0,6,16,10,15,8,0,0,0,1,4,0,8,8,0,0,0,0,1,7,16,16,8,0,0,0,13,16,16,4,0,0,0,0,6,10,9,0,0,0,0,0,0,13,4,0,0,0,0,0,5,15,2,0,0,0
img_0684,0,0,0,12,14,1,0,0,0,0,5,16,12,0,0,0,0,0,10,15,1,0,0,0,0,0,14,15,9,2,0,0,0,1,16,15,16,15,2,0,0,0,15,7,1,12,10,0,0,0,10,14,4,15,12,0,0,0,0,11,16,15,5,0
img_0685,0,0,1,7,6,11,1,0,0,0,13,11,15,16,7,0,0,0,13,6,11,16,4,0,0,0,3,15,16,7,0,0,0,0,4,15,14,7,0,0,0,1,14,3,1,13,0,0,0,2,12,2,3,12,0,0,0,0,1,10,8,1,0,0
img_0686,0,1,13,16,9,0,0,0,0,8,15,8,15,5,0,0,0,11,9,0,12,8,0,0,0,0,0,0,11,8,0,0,0,0,0,2,16,3,0,0,0,0,0,6,15,1,0,0,0,0,7,16,16,16,10,1,0,1,16,14,10,8,11,1
img_0687,0,0,0,2,14,2,0,0,0,0,0,14,8,0,0,0,0,0,10,9,0,4,4,0,0,4,14,1,1,15,8,0,0,4,16,5,11,16,2,0,0,6,16,16,16,11,0,0,0,0,4,0,12,6,0,0,0,0,0,1,13,1,0,0
img_0688,0,0,0,13,6,0,0,0,0,0,5,16,8,0,0,0,0,0,11,8,0,0,0,0,0,0,13,4,0,0,0,0,0,0,14,15,16,14,5,0,0,0,13,7,0,0,13,1,0,0,10,6,0,5,14,0,0,0,2,13,12,15,4,0
img_0689,0,0,2,16,5,0,0,0,0,0,4,16,10,0,0,0,0,0,5,16,7,0,0,0,0,0,8,16,9,0,0,0,0,0,15,16,14,2,0,0,0,0,7,8,14,10,0,0,0,0,12,15,14,16,14,9,0,0,2,10,13,16,10,3
img_0690,0,0,2,16,8,0,0,0,0,0,8,15,5,0,0,0,0,2,16,7,0,0,0,0,0,3,16,7,5,1,0,0,0,7,16,16,16,15,3,0,0,5,16,12,4,10,14,0,0,0,14,13,5,10,15,0,0,0,3,13,16,16,7,0
img_0691,0,2,14,16,14,4,0,0,0,4,11,5,13,12,0,0,0,0,0,2,15,7,0,0,0,0,0,4,16,4,0,0,0,0,0,1,13,13,1,0,0,0,0,0,2,16,4,0,0,0,1,3,11,15,2,0,0,1,12,16,9,2,0,0
img_0692,0,0,0,1,16,5,0,0,0,0,0,5,16,11,0,0,0,0,0,12,16,11,0,0,0,7,12,16,16,7,0,0,0,4,8,12,16,4,0,0,0,0,0,9,16,2,0,0,0,0,0,10,16,2,0,0,0,0,0,3,13,5,0,0
img_0693,0,2,15,16,15,1,0,0,0,3,11,5,16,4,0,0,0,0,0,0,15,5,0,0,0,0,0,4,15,1,0,0,0,0,2,14,5,0,0,0,0,0,15,10,0,0,0,0,0,5,16,3,3,4,3,0,0,4,16,16,16,16,11,0
img_0694,0,0,8,14,16,16,0,0,0,0,14,13,8,8,0,0,0,2,16,6,0,0,0,0,0,6,16,13,16,13,0,0,0,3,16,16,12,16,7,0,0,0,4,1,2,14,6,0,0,0,1,6,16,11,0,0,0,0,11,15,8,1,0,0
img_0695,0,0,4,6,11,5,0,0,0,2,14,7,2,15,0,0,0,4,8,0,0,10,2,0,0,0,14,8,8,13,1,0,0,0,15,10,16,7,0,0,0,1,10,0,1,10,4,0,0,0,12,2,0,6,8,0,0,0,6,10,11,7,1,0
img_0696,0,0,0,7,15,0,0,0,0,0,6,15,8,0,0,0,0,0,13,9,0,0,0,0,0,2,16,5,4,1,0,0,0,5,16,16,16,12,3,0,0,1,15,4,1,8,12,0,0,0,8,14,5,5,15,0,0,0,0,6,16,16,11,0
img_0697,0,0,3,16,11,0,0,0,0,0,0,16,16,6,0,0,0,0,0,13,16,7,0,0,0,0,0,11,16,10,0,0,0,0,0,12,16,6,0,0,0,0,3,16,16,2,0,0,0,0,5,16,15,0,0,0,0,0,3,13,15,0,0,0
img_0698,0,0,1,15,15,2,0,0,0,0,0,12,16,7,0,0,0,0,0,14,16,5,0,0,0,0,0,13,16,2,0,0,0,0,2,16,13,0,0,0,0,0,6,16,13,0,0,0,0,0,6,16,11,0,0,0,0,0,1,14,16,7,0,0
img_0699,0,0,1,10,16,13,0,0,0,2,15,15,9,6,0,0,0,5,16,1,0,0,0,0,0,8,16,14,5,0,0,0,0,11,16,13,15,3,0,0,0,1,3,0,11,12,0,0,0,0,0,2,13,10,0,0,0,0,1,14,15,3,0,0
img_0700,0,0,10,16,15,7,0,0,0,6,16,6,10,16,2,0,0,8,6,5,15,12,0,0,0,0,0,13,16,2,0,0,0,0,0,5,16,4,0,0,0,0,0,0,10,16,0,0,0,0,0,1,11,16,1,0,0,0,11,16,16,8,1,0
img_0701,0,2,13,16,7,0,0,0,0,12,13,14,13,0,0,0,0,2,0,8,12,0,0,0,0,0,0,11,9,0,0,0,0,0,0,13,5,0,0,0,0,0,8,15,2,0,0,0,0,0,16,16,16,9,2,0,0,1,16,14,13,16,9,0
img_0702,0,0,3,16,0,0,0,0,0,0,10,10,0,0,0,0,0,1,16,3,13,5,0,0,0,8,13,1,16,7,6,0,0,14,13,9,16,16,10,0,0,11,16,16,14,9,3,0,0,1,4,16,8,0,0,0,0,0,2,16,6,0,0,0
img_0703,0,0,2,13,1,0,0,0,0,0,0,15,6,0,0,0,0,0,0,15,10,0,0,0,0,0,0,13,16,1,0,0,0,0,0,6,15,6,0,0,0,0,0,0,12,9,0,0,0,0,5,12,14,16,9,2,0,0,2,12,12,12,13,8
img_0704,0,3,16,16,14,7,1,0,0,1,9,9,15,16,4,0,0,0,0,7,16,12,1,0,0,0,0,9,16,2,0,0,0,0,0,3,15,7,0,0,0,0,0,0,9,15,0,0,0,1,10,10,16,16,3,0,0,2,13,16,12,5,0,0
img_0705,0,0,4,12,16,8,0,0,0,5,16,11,10,16,4,0,0,8,13,0,1,13,4,0,0,3,16,13,15,13,3,0,0,0,9,16,16,7,0,0,0,0,14,7,5,15,6,0,0,0,10,12,7,13,10,0,0,0,3,13,13,10,1,0
img_0706,0,0,8,16,16,11,0,0,0,0,4,8,13,14,0,0,0,0,0,0,13,8,0,0,0,0,3,12,16,8,2,0,0,0,6,16,16,16,9,0,0,0,0,14,8,2,0,0,0,0,3,16,1,0,0,0,0,0,11,12,0,0,0,0
img_0707,0,4,16,16,16,15,3,0,0,11,16,14,8,8,1,0,0,12,14,3,0,0,0,0,0,8,16,4,0,0,0,0,0,2,16,9,0,0,0,0,0,0,10,12,0,0,0,0,0,1,14,11,0,0,0,0,0,5,16,3,0,0,0,0
img_0708,0,0,2,12,9,0,0,0,0,0,11,15,12,5,0,0,0,0,15,5,0,14,0,0,0,2,15,1,0,9,7,0,0,4,10,0,0,7,8,0,0,0,12,0,0,8,10,0,0,2,15,5,10,16,1,0,0,0,5,14,12,4,0,0
img_0709,0,0,1,11,12,9,5,0,0,0,14,6,1,15,10,0,0,2,12,4,12,7,10,0,0,1,13,12,3,4,8,0,0,0,0,0,0,4,8,0,0,0,3,4,0,7,6,0,0,0,12,7,3,11,0,0,0,0,3,13,15,3,0,0
img_0710,0,0,1,7,12,3,0,0,0,4,16,12,12,10,0,0,0,14,9,0,11,8,0,0,0,7,5,0,15,4,0,0,0,0,0,2,14,7,0,0,0,0,0,0,2,13,9,0,0,0,5,10,4,0,14,5,0,0,1,9,15,16,16,8
img_0711,0,0,13,14,10,2,0,0,0,0,6,16,16,16,0,0,0,0,0,16,16,16,4,0,0,0,4,16,16,14,2,0,0,0,8,16,16,7,0,0,0,3,15,16,16,4,0,0,0,1,16,16,14,1,0,0,0,0,14,16,13,3,0,0
img_0712,0,0,5,13,15,6,0,0,0,2,16,9,16,13,0,0,0,4,14,0,10,16,2,0,0,4,15,11,15,16,1,0,0,0,7,10,3,13,8,0,0,0,3,0,0,12,5,0,0,0,13,11,4,16,4,0,0,0,7,14,16,11,1,0
img_0713,0,0,1,9,15,10,1,0,0,0,2,12,8,12,4,0,0,0,0,11,1,11,3,0,0,0,0,8,8,15,4,0,0,2,15,16,16,7,0,0,0,2,15,5,11,0,0,0,0,0,14,4,12,0,0,0,0,0,3,14,9,0,0,0
img_0714,0,0,2,15,5,0,0,0,0,0,11,16,16,6,0,0,0,3,14,3,7,16,3,0,0,7,8,0,0,8,8,0,0,5,8,0,0,4,8,0,0,4,12,0,0,8,8,0,0,0,14,9,8,16,2,0,0,0,3,14,15,6,0,0
img_0715,0,0,15,13,12,12,2,0,0,4,16,16,12,6,0,0,0,0,16,4,0,0,0,0,0,0,11,7,0,0,0,0,0,0,7,14,0,0,0,0,0,0,0,14,6,0,0,0,0,4,5,14,8,0,0,0,0,1,15,16,4,0,0,0
img_0716,0,0,10,14,8,1,0,0,0,2,16,14,6,1,0,0,0,0,15,15,8,15,0,0,0,0,5,16,16,10,0,0,0,0,12,15,15,12,0,0,0,4,16,6,4,16,6,0,0,8,16,10,8,16,8,0,0,1,8,12,14,12,1,0
img_0717,0,0,3,12,16,14,0,0,0,3,15,16,15,14,0,0,0,3,12,1,15,8,0,0,0,0,0,9,16,8,0,0,0,0,0,10,16,16,8,0,0,0,0,2,5,13,8,0,0,0,2,11,11,15,5,0,0,0,3,16,16,9,0,0
img_0718,0,0,2,11,16,4,0,0,0,0,12,9,11,15,1,0,0,0,2,0,4,16,0,0,0,0,0,2,8,15,1,0,0,4,16,16,16,15,7,0,0,3,6,4,16,3,0,0,0,0,0,6,11,0,0,0,0,0,0,12,7,0,0,0
img_0719,0,0,4,16,16,8,0,0,0,0,6,16,16,15,1,0,0,0,4,16,16,12,0,0,0,0,3,16,16,15,0,0,0,0,8,16,16,6,0,0,0,1,13,16,16,4,0,0,0,3,16,16,15,2,0,0,0,0,6,12,12,2,0,0
img_0720,0,3,12,12,14,4,0,0,0,1,13,4,4,0,0,0,0,4,14,4,3,0,0,0,0,5,13,12,14,10,0,0,0,0,0,0,0,11,6,0,0,0,0,0,0,4,8,0,0,0,6,2,0,8,8,0,0,2,13,16,16,16,2,0
img_0721,0,0,7,16,13,4,0,0,0,0,7,16,16,9,0,0,0,0,1,16,16,9,0,0,0,0,3,16,16,9,0,0,0,0,8,16,16,8,0,0,0,0,10,16,16,4,0,0,0,0,9,16,14,1,0,0,0,0,4,12,14,8,0,0
img_0722,0,0,0,10,16,11,1,0,0,0,0,15,16,15,2,0,0,0,1,13,16,14,0,0,0,0,1,15,16,12,0,0,0,0,0,14,16,8,0,0,0,0,0,13,16,5,0,0,0,0,1,14,16,1,0,0,0,0,0,8,15,1,0,0
img_0723,0,0,0,9,13,0,0,0,0,0,2,16,8,0,7,1,0,0,10,13,1,6,16,5,0,6,16,11,8,14,15,0,0,13,16,16,16,16,9,0,0,2,2,0,11,16,1,0,0,0,0,4,16,7,0,0,0,0,0,9,15,2,0,0
img_0724,0,0,3,12,11,4,0,0,0,4,15,13,12,16,0,0,0,9,14,0,0,12,2,0,0,0,13,11,7,15,3,0,0,0,0,15,16,7,0,0,0,0,5,16,10,14,2,0,0,0,11,13,0,8,8,0,0,0,2,12,16,16,7,0
img_0725,0,1,5,12,16,14,2,0,0,8,16,16,16,16,3,0,0,6,9,2,12,12,0,0,0,0,0,5,16,8,0,0,0,0,0,1,13,16,9,0,0,0,0,0,1,14,10,0,0,0,1,11,15,15,5,0,0,0,6,16,12,5,0,0
img_0726,0,0,4,15,15,4,0,0,0,6,16,16,12,14,0,0,0,11,11,6,14,12,0,0,0,3,14,13,14,1,0,0,0,0,12,16,5,0,0,0,0,1,16,13,9,0,0,0,0,0,13,10,15,0,0,0,0,0,3,15,15,0,0,0
img_0727,0,0,7,12,12,2,0,0,0,5,15,6,10,9,0,0,0,11,4,0,11,6,0,0,0,3,0,2,15,2,0,0,0,0,1,13,6,0,0,0,0,0,11,11,1,0,0,0,0,1,16,7,4,4,2,0,0,0,11,12,13,14,11,0
img_0728,0,1,7,12,13,3,0,0,0,7,13,6,15,14,0,0,0,6,10,0,13,16,0,0,0,1,13,13,15,16,1,0,0,0,0,4,1,12,8,0,0,0,0,0,0,12,8,0,0,0,12,13,5,14,8,0,0,0,5,12,16,11,1,0
img_0729,0,0,3,9,14,7,0,0,0,3,15,11,8,15,2,0,0,4,16,5,2,16,7,0,0,0,4,15,13,16,7,0,0,0,0,6,16,16,1,0,0,0,2,15,8,16,7,0,0,0,4,16,4,15,7,0,0,0,0,10,15,10,0,0
img_0730,0,0,0,8,15,1,0,0,0,0,0,12,14,0,0,0,0,0,3,16,7,0,0,0,0,0,6,16,2,0,0,0,0,0,7,16,16,13,5,0,0,0,15,16,9,9,14,0,0,0,3,14,9,2,16,2,0,0,0,7,15,16,11,0
img_0731,0,0,3,16,15,5,0,0,0,0,7,16,15,14,0,0,0,0,0,1,7,16,4,0,0,2,6,9,14,16,5,0,0,9,16,16,16,12,1,0,0,0,9,15,16,4,0,0,0,0,6,16,11,0,0,0,0,0,2,15,4,0,0,0
img_0732,0,2,15,15,5,0,0,0,0,5,16,16,11,0,0,0,0,9,15,16,12,0,0,0,0,0,4,16,6,0,0,0,0,0,8,16,2,0,0,0,0,1,14,13,0,0,0,0,0,4,16,14,14,16,5,0,0,2,14,16,13,9,1,0
img_0733,0,1,7,13,16,11,0,0,0,11,16,13,15,16,0,0,0,3,8,2,16,9,0,0,0,0,0,8,16,4,0,0,0,0,0,5,16,16,5,0,0,0,0,0,3,14,11,0,0,0,3,8,14,16,8,0,0,0,7,16,12,7,0,0
img_0734,0,0,3,15,16,16,6,0,0,0,3,14,7,15,3,0,0,0,0,0,4,14,0,0,0,0,2,9,15,16,14,0,0,0,7,16,14,6,2,0,0,0,0,8,8,0,0,0,0,0,2,16,2,0,0,0,0,0,5,12,0,0,0,0
img_0735,0,0,8,16,16,16,3,0,0,0,6,8,8,15,10,0,0,0,0,0,7,16,5,0,0,0,1,10,16,9,0,0,0,0,0,15,16,12,0,0,0,0,0,1,13,16,5,0,0,0,7,8,11,16,2,0,0,0,6,16,16,11,0,0
img_0736,0,0,2,16,5,0,0,0,0,0,6,16,2,0,0,0,0,0,9,13,0,0,0,0,0,0,11,13,12,11,2,0,0,0,14,16,14,10,14,0,0,0,13,7,3,0,14,6,0,0,10,14,4,8,16,7,0,0,2,14,16,15,8,0
img_0737,0,0,1,12,9,0,0,0,0,0,11,10,2,0,0,0,0,4,14,0,0,0,0,0,0,5,9,0,0,0,0,0,0,8,10,11,16,14,1,0,0,2,16,10,3,7,11,0,0,0,13,8,1,8,12,0,0,0,2,12,16,15,5,0
img_0738,0,0,7,13,8,4,0,0,0,1,15,11,9,15,2,0,0,4,16,6,0,8,7,0,0,4,10,0,0,7,8,0,0,4,10,0,0,8,8,0,0,5,12,0,0,12,5,0,0,3,15,5,9,14,2,0,0,0,8,14,12,3,0,0
img_0739,0,0,6,13,16,8,0,0,0,5,16,15,14,12,0,0,0,9,12,2,15,8,0,0,0,0,0,9,12,0,0,0,0,0,0,15,16,13,3,0,0,0,0,3,9,15,11,0,0,0,1,8,14,16,8,0,0,0,7,16,14,6,0,0
img_0740,0,0,1,11,14,5,0,0,0,0,0,15,16,11,0,0,0,0,5,16,16,8,0,0,0,0,5,16,16,5,0,0,0,0,4,16,16,3,0,0,0,0,9,16,16,2,0,0,0,0,8,16,14,0,0,0,0,0,2,13,16,9,0,0
img_0741,0,1,11,13,10,1,0,0,0,8,12,3,13,10,0,0,0,8,11,2,11,16,1,0,0,1,15,16,16,16,2,0,0,0,2,8,3,9,6,0,0,0,0,0,0,7,9,0,0,2,12,3,0,9,12,0,0,1,9,15,16,13,3,0
img_0742,0,0,6,16,13,11,1,0,0,0,16,15,12,16,1,0,0,3,16,7,0,13,6,0,0,4,16,0,0,10,8,0,0,8,16,0,0,14,6,0,0,5,16,7,9,16,5,0,0,1,15,16,16,16,1,0,0,0,6,16,14,6,0,0
img_0743,0,0,8,14,1,0,0,0,0,0,7,16,3,0,0,0,0,0,6,16,6,0,0,0,0,0,6,16,9,0,0,0,0,0,2,16,14,0,0,0,0,0,0,8,16,3,0,0,0,0,12,12,16,16,12,4,0,0,7,16,16,16,12,5
img_0744,0,0,1,12,2,0,0,0,0,0,6,13,0,0,0,0,0,0,11,8,0,0,0,0,0,1,15,1,0,0,0,0,0,2,15,2,14,13,4,0,0,2,15,16,10,5,14,0,0,0,9,13,4,9,14,0,0,0,0,10,13,12,3,0
img_0745,0,2,15,16,16,14,2,0,0,3,16,14,9,10,1,0,0,7,16,6,0,0,0,0,0,3,14,15,6,0,0,0,0,0,1,13,12,0,0,0,0,0,0,8,16,0,0,0,0,0,9,16,11,0,0,0,0,3,16,13,1,0,0,0
img_0746,0,0,13,16,13,1,0,0,0,6,16,10,15,5,0,0,0,3,15,0,11,9,0,0,0,0,4,0,12,8,0,0,0,0,0,0,15,8,0,0,0,0,0,8,16,4,0,0,0,0,5,16,16,13,10,1,0,0,13,16,16,16,16,9
img_0747,0,0,11,10,0,0,0,0,0,0,13,15,0,0,0,0,0,0,12,16,5,0,0,0,0,1,15,16,5,0,0,0,0,0,3,13,10,0,0,0,0,0,0,10,14,0,0,0,0,0,5,11,16,9,5,1,0,0,12,16,16,16,16,12
img_0748,0,2,16,16,16,14,5,0,0,9,16,11,6,8,3,0,0,9,16,2,0,0,0,0,0,3,16,13,1,0,0,0,0,0,8,16,12,0,0,0,0,0,0,12,16,4,0,0,0,0,1,11,16,6,0,0,0,4,16,16,8,0,0,0
img_0749,0,0,2,12,14,4,0,0,0,0,15,12,11,13,0,0,0,4,16,4,1,14,6,0,0,4,12,0,0,8,8,0,0,6,9,0,0,5,8,0,0,3,12,1,0,12,8,0,0,0,8,12,9,16,3,0,0,0,0,10,13,3,0,0
img_0750,0,3,15,8,8,6,0,0,0,4,16,16,16,13,2,0,0,3,16,9,2,0,0,0,0,2,16,16,15,3,0,0,0,0,7,6,12,9,0,0,0,0,0,1,14,10,0,0,0,0,5,14,15,2,0,0,0,1,15,14,1,0,0,0
img_0751,0,0,1,8,15,10,0,0,0,3,13,15,14,14,0,0,0,5,10,0,10,12,0,0,0,0,3,5,15,10,2,0,0,0,16,16,16,16,12,0,0,1,8,12,14,8,3,0,0,0,0,10,13,0,0,0,0,0,0,11,9,0,0,0
img_0752,0,0,0,1,15,9,0,0,0,0,0,10,15,3,0,0,0,0,9,16,5,3,6,0,0,5,16,8,0,12,13,0,0,12,14,4,8,16,9,0,0,12,16,16,16,16,0,0,0,0,4,2,14,11,0,0,0,0,0,1,16,9,0,0
img_0753,0,3,14,5,0,0,0,0,0,2,15,15,3,1,1,0,0,0,6,16,4,13,8,0,0,0,0,14,14,13,1,0,0,0,2,15,13,1,0,0,0,1,14,8,15,0,0,0,0,5,12,0,12,3,0,0,0,2,14,13,15,3,0,0
img_0754,0,0,0,6,15,11,2,0,0,0,6,13,4,13,5,0,0,0,7,11,0,13,3,0,0,0,2,15,13,7,0,0,0,3,13,12,16,2,0,0,0,8,15,1,9,8,0,0,0,0,7,14,8,16,1,0,0,0,0,5,12,16,2,0
img_0755,0,4,14,16,16,12,1,0,0,2,12,7,14,16,6,0,0,0,0,5,16,10,0,0,0,0,0,4,16,7,0,0,0,0,0,4,16,6,0,0,0,0,0,1,15,11,0,0,0,1,8,10,16,10,0,0,0,5,16,16,15,1,0,0
img_0756,0,3,13,16,9,0,0,0,0,10,15,13,15,2,0,0,0,15,4,4,16,1,0,0,0,0,0,5,16,2,0,0,0,0,1,14,13,0,0,0,0,0,10,16,5,0,0,0,0,4,16,13,8,10,9,1,0,2,16,16,14,12,9,1
img_0757,0,0,7,16,15,4,0,0,0,0,3,13,4,2,0,0,0,0,9,9,0,0,0,0,0,0,14,7,0,0,0,0,0,0,13,16,13,2,0,0,0,0,0,4,11,8,0,0,0,0,0,1,13,6,0,0,0,0,6,16,14,0,0,0
img_0758,0,1,6,12,15,5,0,0,0,7,14,14,16,7,0,0,0,0,2,14,10,0,0,0,0,0,11,16,2,0,0,0,0,0,2,11,16,12,0,0,0,0,0,0,4,14,7,0,0,0,2,4,5,14,7,0,0,0,6,16,14,8,0,0
img_0759,0,2,13,16,16,11,0,0,0,10,11,4,12,12,0,0,0,1,1,4,14,8,0,0,0,0,2,16,16,8,0,0,0,0,0,7,9,16,8,0,0,0,0,0,0,10,12,0,0,0,5,9,10,16,9,0,0,0,15,16,13,7,0,0
img_0760,0,0,5,13,16,14,0,0,0,1,14,8,5,16,2,0,0,0,1,0,2,15,2,0,0,0,0,2,8,15,3,0,0,0,0,15,16,13,8,0,0,0,0,6,14,0,0,0,0,0,0,13,7,0,0,0,0,0,7,14,0,0,0,0
img_0761,0,1,9,16,16,12,1,0,0,0,7,8,10,16,9,0,0,0,0,0,9,16,4,0,0,0,5,13,13,3,0,0,0,0,13,16,8,0,0,0,0,0,0,11,16,8,0,0,0,0,3,5,14,15,0,0,0,0,10,16,11,4,0,0
img_0762,0,0,0,10,15,1,0,0,0,0,5,16,16,10,0,0,0,0,14,6,6,15,0,0,0,4,16,4,0,15,3,0,0,5,15,5,0,11,5,0,0,0,12,11,0,13,5,0,0,0,8,16,16,16,3,0,0,0,1,8,13,8,0,0
img_0763,0,0,0,15,11,0,0,0,0,0,6,16,16,2,0,0,0,0,10,16,16,1,0,0,0,2,16,16,16,3,0,0,0,7,16,16,14,0,0,0,0,0,3,15,10,0,0,0,0,0,0,15,7,0,0,0,0,0,0,14,4,0,0,0
img_0764,0,0,6,12,13,5,0,0,0,2,16,9,8,15,2,0,0,8,12,0,3,15,8,0,0,4,15,12,16,13,1,0,0,0,2,2,16,6,0,0,0,0,0,1,16,1,0,0,0,0,0,5,16,0,0,0,0,0,3,16,14,0,0,0
img_0765,0,0,0,11,7,0,0,0,0,0,8,15,7,0,0,0,0,0,13,8,0,0,0,0,0,0,16,14,8,1,0,0,0,5,16,10,10,14,1,0,0,2,15,3,0,12,7,0,0,0,10,13,1,10,11,0,0,0,0,10,16,15,5,0
img_0766,0,0,6,15,8,10,12,2,0,0,10,14,10,12,16,1,0,0,9,10,1,13,7,0,0,0,4,4,8,12,1,0,0,0,0,2,15,5,0,0,0,0,0,11,8,0,0,0,0,0,3,16,0,0,0,0,0,0,7,14,0,0,0,0
img_0767,0,0,1,11,16,16,8,0,0,0,5,11,9,16,11,0,0,0,0,0,2,16,6,0,0,0,6,9,12,16,9,0,0,1,16,16,16,14,3,0,0,0,3,5,16,7,0,0,0,0,0,8,14,0,0,0,0,0,1,16,5,0,0,0
img_0768,0,0,0,8,12,9,2,0,0,0,5,16,16,16,4,0,0,0,9,16,16,11,0,0,0,3,16,16,16,5,0,0,0,4,16,16,16,4,0,0,0,1,15,16,16,3,0,0,0,0,8,16,16,9,0,0,0,0,0,9,12,6,0,0
img_0769,0,0,0,12,9,0,0,0,0,0,2,16,16,0,0,0,0,0,3,16,16,1,0,0,0,0,4,16,13,0,0,0,0,0,3,16,11,0,0,0,0,0,5,16,10,0,0,0,0,0,2,16,10,0,0,0,0,0,0,11,13,0,0,0
img_0770,0,0,8,15,16,10,0,0,0,0,7,10,10,15,0,0,0,0,0,0,7,13,0,0,0,0,0,4,14,12,1,0,0,3,16,16,16,12,4,0,0,1,10,16,7,0,0,0,0,0,8,9,0,0,0,0,0,0,13,1,0,0,0,0
img_0771,0,0,2,11,15,2,0,0,0,0,12,6,11,9,0,0,0,4,11,0,7,16,0,0,0,5,6,0,1,16,6,0,0,5,4,0,0,10,7,0,0,0,10,0,0,10,5,0,0,0,13,2,6,12,0,0,0,0,4,16,12,1,0,0
img_0772,0,0,0,6,14,3,0,0,0,0,2,16,11,0,0,0,0,0,11,15,2,0,0,0,0,1,15,13,2,0,0,0,0,3,16,16,16,7,0,0,0,4,16,14,8,13,7,0,0,0,12,16,5,12,10,0,0,0,0,8,14,13,5,0
img_0773,0,0,5,14,14,2,0,0,0,2,16,16,16,7,0,0,0,0,7,4,16,12,0,0,0,0,1,9,16,16,8,0,0,3,15,16,16,10,2,0,0,4,16,16,11,0,0,0,0,0,9,16,5,0,0,0,0,0,9,13,0,0,0,0
img_0774,0,0,8,14,16,16,15,1,0,0,6,6,5,12,12,1,0,0,0,2,11,12,3,0,0,0,5,14,9,0,0,0,0,0,9,16,9,0,0,0,0,0,1,11,16,7,0,0,0,0,2,7,16,7,0,0,0,0,9,13,5,0,0,0
img_0775,0,0,5,11,16,16,5,0,0,3,15,11,10,16,4,0,0,0,4,0,10,14,0,0,0,0,7,15,16,16,12,0,0,0,9,16,14,4,1,0,0,0,1,14,7,0,0,0,0,0,4,16,4,0,0,0,0,0,8,16,0,0,0,0
img_0776,0,0,4,12,16,10,0,0,0,0,15,12,12,11,0,0,0,0,1,0,9,7,0,0,0,0,4,7,15,13,7,0,0,6,16,16,15,10,3,0,0,1,4,12,7,0,0,0,0,0,2,16,2,0,0,0,0,0,6,12,0,0,0,0
img_0777,0,4,13,9,8,3,0,0,0,5,16,14,12,12,6,0,0,8,16,1,0,0,0,0,0,3,16,11,1,0,0,0,0,0,8,16,9,0,0,0,0,0,0,10,16,0,0,0,0,1,1,12,14,0,0,0,0,4,14,14,3,0,0,0
img_0778,0,5,16,15,5,0,0,0,0,2,12,15,16,0,0,0,0,0,0,14,14,2,0,0,0,0,2,16,9,0,0,0,0,0,11,16,2,0,0,0,0,4,16,8,0,0,0,0,0,13,16,11,8,8,3,0,0,6,16,16,16,16,7,0
img_0779,0,1,15,15,3,0,0,0,0,8,15,12,14,0,0,0,0,8,8,6,16,0,0,0,0,0,0,8,15,0,0,0,0,0,0,12,12,0,0,0,0,0,1,16,10,10,5,0,0,1,13,16,16,16,11,0,0,3,16,12,8,5,1,0
img_0780,0,0,5,4,9,10,0,0,0,0,10,8,11,16,2,0,0,0,8,12,14,14,1,0,0,0,5,15,7,0,0,0,0,0,14,12,0,0,0,0,0,1,14,13,3,0,0,0,0,0,12,13,5,0,0,0,0,0,7,16,5,0,0,0
img_0781,0,0,3,13,6,0,0,0,0,0,10,15,2,0,0,0,0,2,15,3,0,0,0,0,0,4,14,0,0,0,0,0,0,4,14,14,16,13,2,0,0,3,16,9,1,4,12,0,0,0,14,10,5,11,11,0,0,0,3,13,15,8,0,0
img_0782,0,0,5,15,15,7,0,0,0,2,16,11,16,16,8,0,0,2,16,5,4,16,8,0,0,1,12,16,16,10,0,0,0,0,7,16,16,5,0,0,0,0,15,9,14,10,0,0,0,0,14,12,16,8,0,0,0,0,5,14,12,1,0,0
img_0783,0,0,11,11,2,0,0,0,0,3,16,16,8,0,0,0,0,6,12,8,8,0,0,0,0,0,5,6,12,0,0,0,0,0,0,11,9,0,0,0,0,0,0,15,6,3,5,0,0,0,13,16,13,15,9,0,0,1,12,12,12,12,1,0
img_0784,0,0,2,15,13,0,0,0,0,0,13,16,16,9,0,0,0,5,16,9,6,16,4,0,0,5,16,3,1,14,7,0,0,6,16,4,0,16,8,0,0,3,16,12,6,16,12,0,0,0,14,16,16,16,4,0,0,0,2,13,15,8,0,0
img_0785,0,0,0,4,12,0,0,0,0,0,0,12,16,8,0,0,0,0,4,16,15,8,0,0,0,1,15,8,14,7,0,0,0,6,16,8,14,14,4,0,0,10,16,16,16,13,1,0,0,0,0,2,16,4,0,0,0,0,0,4,13,2,0,0
img_0786,0,0,12,16,14,4,0,0,0,0,8,14,16,10,0,0,0,0,0,0,14,13,0,0,0,0,0,0,13,10,0,0,0,2,15,16,16,13,3,0,0,1,8,12,15,12,4,0,0,0,2,15,8,0,0,0,0,0,12,13,0,0,0,0
img_0787,0,0,2,10,10,12,15,10,0,0,9,16,12,8,15,6,0,0,13,9,0,4,12,1,0,1,16,3,1,13,2,0,0,0,5,0,9,7,0,0,0,0,0,3,13,1,0,0,0,0,0,12,7,0,0,0,0,0,0,14,2,0,0,0
img_0788,0,0,5,15,12,1,0,0,0,0,8,8,6,12,0,0,0,2,5,0,0,12,2,0,0,4,14,0,0,8,6,0,0,7,11,0,0,9,7,0,0,3,13,0,0,12,3,0,0,0,16,5,9,14,1,0,0,0,5,15,11,4,0,0
img_0789,0,0,9,13,15,10,1,0,0,1,15,5,7,16,5,0,0,0,15,7,10,16,6,0,0,0,2,7,7,10,8,0,0,0,0,0,0,8,8,0,0,0,0,0,0,11,5,0,0,0,14,6,10,12,0,0,0,0,9,16,12,1,0,0
img_0790,0,1,9,12,16,16,4,0,0,1,11,8,7,16,4,0,0,0,0,0,8,13,0,0,0,0,5,11,15,15,9,0,0,0,16,15,13,5,2,0,0,0,2,16,5,0,0,0,0,0,9,14,1,0,0,0,0,0,14,10,0,0,0,0
img_0791,0,0,13,14,8,1,0,0,0,1,16,16,16,6,0,0,0,0,3,5,16,8,0,0,0,0,0,9,16,2,0,0,0,0,1,16,9,0,0,0,0,1,16,13,0,0,0,0,0,5,16,11,4,4,0,0,0,1,13,14,12,12,0,0
img_0792,0,0,2,13,13,1,0,0,0,0,12,16,9,0,0,0,0,0,16,11,0,0,0,0,0,4,16,8,0,0,0,0,0,6,16,9,3,0,0,0,0,3,16,14,12,13,4,0,0,0,14,10,0,10,15,0,0,0,2,12,16,13,7,0
img_0793,0,0,6,14,16,11,0,0,0,6,14,7,4,16,4,0,0,7,7,0,5,16,2,0,0,0,0,14,16,5,0,0,0,0,0,4,13,11,0,0,0,0,0,0,0,11,8,0,0,0,0,2,4,10,12,0,0,0,9,16,16,11,3,0
img_0794,0,0,2,13,16,16,7,0,0,0,12,15,12,16,10,0,0,0,16,9,0,14,6,0,0,0,3,0,4,16,1,0,0,0,0,10,14,16,6,0,0,0,3,16,16,11,2,0,0,0,0,9,14,0,0,0,0,0,2,15,6,0,0,0
img_0795,0,0,3,8,9,11,14,1,0,0,9,16,16,16,13,0,0,0,16,5,8,0,0,0,0,4,16,16,16,6,0,0,0,2,9,2,9,10,0,0,0,0,0,0,8,8,0,0,0,0,8,12,13,5,0,0,0,0,5,13,10,1,0,0
img_0796,0,0,7,10,16,9,0,0,0,0,15,16,13,15,1,0,0,0,10,13,10,16,2,0,0,0,1,16,16,11,0,0,0,0,8,16,16,5,0,0,0,0,15,8,14,7,0,0,0,0,16,7,16,4,0,0,0,0,9,16,14,0,0,0
img_0797,0,0,3,14,16,8,0,0,0,3,15,8,4,15,1,0,0,8,10,0,3,16,8,0,0,3,15,13,16,14,1,0,0,0,2,5,16,4,0,0,0,0,0,8,11,0,0,0,0,0,0,15,2,0,0,0,0,0,2,13,0,0,0,0
img_0798,0,0,2,15,12,0,0,0,0,0,9,16,5,0,2,0,0,2,15,10,0,11,16,1,0,10,16,4,6,16,10,0,0,6,16,16,16,15,1,0,0,0,6,13,16,4,0,0,0,0,0,15,13,0,0,0,0,0,6,16,5,0,0,0
img_0799,0,0,4,9,12,16,8,0,0,0,15,15,8,8,2,0,0,4,16,11,4,1,0,0,0,8,16,16,16,14,0,0,0,0,11,9,8,16,0,0,0,0,0,0,7,16,0,0,0,0,0,8,16,12,0,0,0,0,3,13,9,1,0,0
img_0800,0,0,0,1,12,7,0,0,0,0,0,9,16,16,1,0,0,1,7,15,16,14,0,0,0,4,16,16,16,16,0,0,0,0,0,3,16,16,0,0,0,0,0,2,16,16,3,0,0,0,0,6,16,16,0,0,0,0,0,3,15,13,0,0
img_0801,0,0,0,5,15,3,0,0,0,0,2,16,4,0,0,0,0,0,8,12,0,2,12,0,0,3,16,1,0,11,10,0,0,9,13,0,3,16,5,0,0,13,15,16,16,12,0,0,0,5,12,14,16,4,0,0,0,0,0,6,15,2,0,0
img_0802,0,0,0,6,15,1,0,0,0,0,5,16,10,0,8,6,0,2,16,11,0,9,16,6,0,8,16,14,14,16,13,1,0,6,12,12,12,16,3,0,0,0,0,0,13,11,0,0,0,0,0,6,16,5,0,0,0,0,0,10,14,0,0,0
img_0803,0,2,14,16,12,6,0,0,0,1,10,8,14,16,1,0,0,0,0,0,10,15,2,0,0,0,0,2,16,12,0,0,0,0,0,3,16,12,0,0,0,0,0,0,11,16,2,0,0,0,7,10,15,15,2,0,0,3,13,11,7,2,0,0
img_0804,0,0,6,15,6,0,0,0,0,0,14,11,13,4,0,0,0,0,11,7,7,13,0,0,0,0,5,16,16,16,1,0,0,0,0,0,0,14,7,0,0,0,0,0,0,10,13,0,0,0,2,11,0,11,12,0,0,0,5,16,14,9,4,0
img_0805,0,0,3,8,12,15,16,2,0,0,12,14,10,13,15,0,0,0,1,1,2,14,6,0,0,0,2,8,13,16,8,0,0,0,9,16,16,10,5,0,0,0,1,8,12,1,0,0,0,0,0,14,8,0,0,0,0,0,2,16,5,0,0,0
img_0806,0,0,0,5,11,0,0,0,0,0,1,14,9,0,0,0,0,0,4,14,1,0,0,0,0,0,10,8,0,0,0,0,0,0,13,8,4,6,2,0,0,0,11,16,13,12,13,0,0,0,12,14,4,5,16,2,0,0,1,8,16,13,9,1
img_0807,0,0,1,10,16,8,0,0,0,0,11,13,10,16,0,0,0,0,12,1,4,16,1,0,0,0,1,0,13,7,0,0,0,0,0,9,12,0,0,0,0,2,13,15,1,0,0,0,0,4,15,14,7,4,0,0,0,0,1,11,14,15,5,0
img_0808,0,0,3,11,15,8,0,0,0,3,14,10,5,15,2,0,0,8,10,0,3,16,4,0,0,8,9,1,10,16,7,0,0,1,15,16,9,9,7,0,0,0,0,0,0,5,8,0,0,0,4,6,5,13,7,0,0,0,3,16,15,8,1,0
img_0809,0,0,2,10,12,2,0,0,0,0,11,16,13,10,0,0,0,0,9,7,2,15,0,0,0,0,3,2,3,15,0,0,0,0,0,0,10,10,0,0,0,0,2,7,16,7,0,0,0,0,9,16,16,16,16,3,0,0,3,13,9,8,4,0
img_0810,0,0,2,15,5,0,0,0,0,0,9,15,0,1,0,0,0,0,14,9,9,9,0,0,0,8,16,4,16,13,12,0,0,13,16,16,16,15,7,0,0,3,8,13,12,2,0,0,0,0,0,14,10,0,0,0,0,0,3,16,7,0,0,0
img_0811,0,0,0,12,16,9,0,0,0,0,2,16,16,6,0,0,0,0,3,16,16,2,0,0,0,0,8,16,12,0,0,0,0,0,6,16,16,0,0,0,0,0,10,16,15,1,0,0,0,0,9,16,11,0,0,0,0,0,8,16,10,0,0,0
img_0812,0,0,1,10,14,0,0,0,0,0,8,14,11,3,0,0,0,0,16,2,2,0,0,0,0,3,13,0,0,0,0,0,0,4,13,0,6,10,3,0,0,3,15,13,12,10,12,0,0,0,10,16,4,5,14,0,0,0,0,9,15,14,9,0
img_0813,0,1,10,16,15,1,0,0,0,3,15,10,16,4,0,0,0,0,1,11,15,0,0,0,0,0,12,16,15,3,0,0,0,0,0,1,11,15,1,0,0,8,3,0,3,16,7,0,0,13,15,6,8,16,6,0,0,0,12,16,16,7,0,0
img_0814,0,0,0,8,13,2,0,0,0,0,9,16,13,3,0,0,0,1,15,14,1,0,0,0,0,2,16,11,4,1,0,0,0,3,16,16,14,15,2,0,0,2,16,13,1,16,9,0,0,0,9,15,9,16,7,0,0,0,0,8,16,13,2,0
img_0815,0,0,5,13,2,0,0,0,0,0,4,16,7,0,0,0,0,0,4,16,4,0,0,0,0,0,4,16,6,0,0,0,0,0,9,16,10,0,0,0,0,0,2,11,15,1,0,0,0,0,10,13,16,15,16,9,0,0,3,12,16,16,11,2
img_0816,0,1,12,13,4,0,0,0,0,4,16,16,16,3,0,0,0,4,16,16,16,10,0,0,0,0,6,16,14,16,0,0,0,0,0,0,0,16,4,0,0,0,0,0,0,13,7,0,0,1,2,3,7,14,10,0,0,2,12,16,14,12,3,0
img_0817,0,0,0,2,13,9,0,0,0,0,0,7,16,15,0,0,0,0,0,11,16,7,0,0,0,0,0,15,16,2,0,0,0,0,7,16,14,0,0,0,0,0,13,16,14,0,0,0,0,0,8,15,16,0,0,0,0,0,0,3,13,8,0,0
img_0818,0,0,3,12,7,0,0,0,0,0,14,12,12,4,0,0,0,2,14,0,1,13,0,0,0,1,12,0,0,7,5,0,0,2,13,0,0,2,10,0,0,0,15,3,0,3,14,0,0,0,7,12,8,11,12,0,0,0,2,11,16,11,2,0
img_0819,0,0,0,1,11,12,0,0,0,0,0,9,13,1,0,0,0,0,8,15,3,0,0,0,0,2,16,6,1,5,2,0,0,12,13,8,13,16,9,0,0,16,16,13,11,16,6,0,0,3,4,0,11,14,0,0,0,0,0,1,16,12,0,0
img_0820,0,0,4,16,15,2,0,0,0,0,11,16,13,13,0,0,0,1,16,8,1,16,2,0,0,7,16,6,0,11,8,0,0,7,16,4,0,11,8,0,0,4,15,1,1,15,7,0,0,0,13,12,14,15,1,0,0,0,3,14,16,6,0,0
img_0821,0,0,3,12,3,0,0,0,0,0,13,14,2,0,0,0,0,3,10,0,0,0,0,0,0,0,0,3,5,3,0,0,0,4,10,16,16,16,4,0,0,6,16,4,0,8,9,0,0,0,15,12,4,9,12,0,0,0,2,13,16,14,4,0
img_0822,0,0,4,16,16,9,0,0,0,0,1,9,10,16,1,0,0,0,0,5,15,16,1,0,0,0,0,10,16,5,0,0,0,0,0,2,16,6,0,0,0,0,0,0,10,10,0,0,0,0,11,8,12,14,1,0,0,0,5,13,16,15,0,0
img_0823,0,0,5,12,12,8,1,0,0,0,10,16,16,15,0,0,0,0,11,16,16,8,0,0,0,4,16,16,16,4,0,0,0,3,16,16,10,0,0,0,0,0,13,16,16,3,0,0,0,0,13,16,16,0,0,0,0,0,2,10,12,0,0,0
img_0824,0,0,0,6,13,8,0,0,0,0,7,16,8,4,0,0,0,3,15,2,0,0,0,0,0,6,12,4,0,0,0,0,0,4,16,13,13,3,0,0,0,2,15,2,5,14,0,0,0,0,9,10,2,15,0,0,0,0,0,8,15,12,0,0
img_0825,0,0,5,12,9,1,0,0,0,0,16,9,15,9,0,0,0,2,14,1,10,12,0,0,0,0,9,14,16,11,0,0,0,0,3,15,16,9,0,0,0,0,12,10,3,13,1,0,0,0,11,8,5,16,3,0,0,0,4,10,8,3,0,0
img_0826,0,1,12,12,15,16,7,0,0,7,16,16,13,6,1,0,0,12,16,3,0,0,0,0,0,3,14,15,1,0,0,0,0,0,1,16,7,0,0,0,0,0,0,15,8,0,0,0,0,5,7,16,7,0,0,0,0,3,15,16,5,0,0,0
img_0827,0,0,6,13,16,10,0,0,0,4,13,5,4,16,0,0,0,0,0,1,10,8,0,0,0,0,0,12,16,3,0,0,0,0,0,3,7,15,1,0,0,0,0,0,0,9,8,0,0,0,8,6,3,11,7,0,0,0,4,14,16,11,1,0
img_0828,0,0,6,14,16,16,2,0,0,5,16,13,11,16,0,0,0,0,7,2,15,12,0,0,0,0,0,7,16,13,1,0,0,0,0,0,6,15,10,0,0,0,0,0,0,15,9,0,0,0,3,11,8,16,6,0,0,0,7,16,16,8,0,0
img_0829,0,0,7,15,16,16,1,0,0,9,16,16,10,5,0,0,0,14,16,16,15,0,0,0,0,11,14,13,16,2,0,0,0,0,0,6,16,1,0,0,0,0,0,12,12,0,0,0,0,0,6,16,7,0,0,0,0,0,10,13,0,0,0,0
img_0830,0,0,7,14,10,7,0,0,0,5,16,14,16,14,0,0,0,7,11,0,9,14,1,0,0,4,14,7,11,16,5,0,0,0,9,15,15,12,8,0,0,0,0,1,1,8,9,0,0,0,14,11,10,15,9,0,0,0,9,13,13,9,0,0
img_0831,0,1,12,14,10,0,0,0,0,5,16,16,16,4,0,0,0,0,0,4,16,4,0,0,0,0,0,7,15,1,0,0,0,0,2,15,9,0,0,0,0,0,9,15,2,0,0,0,0,0,16,14,8,8,3,0,0,0,10,15,13,9,4,0
img_0832,0,0,4,10,13,3,0,0,0,4,16,13,16,8,0,0,0,5,15,0,14,11,0,0,0,3,15,15,16,16,1,0,0,0,5,9,8,14,8,0,0,0,0,0,0,12,8,0,0,0,9,15,10,14,7,0,0,0,4,12,14,11,2,0
img_0833,0,0,8,16,15,8,0,0,0,1,16,16,16,2,0,0,0,2,16,16,10,0,0,0,0,2,16,16,12,0,0,0,0,6,16,16,13,0,0,0,0,1,16,16,11,0,0,0,0,0,16,16,10,0,0,0,0,0,7,15,15,0,0,0
img_0834,0,0,1,6,8,9,3,0,0,0,13,15,12,11,7,0,0,0,13,11,0,9,7,0,0,0,5,15,15,15,0,0,0,0,1,14,16,16,0,0,0,0,11,9,0,16,1,0,0,0,9,10,10,13,0,0,0,0,3,11,9,2,0,0
img_0835,0,0,2,14,15,4,0,0,0,0,2,16,16,11,0,0,0,0,2,16,16,10,0,0,0,0,5,16,16,7,0,0,0,0,14,16,14,2,0,0,0,4,16,16,8,0,0,0,0,3,15,16,8,0,0,0,0,0,5,15,13,2,0,0
img_0836,0,0,2,9,13,8,0,0,0,1,14,11,8,14,0,0,0,9,14,0,14,6,0,0,0,0,2,4,15,0,0,0,0,0,0,6,12,12,2,0,0,0,0,0,0,9,9,0,0,0,14,13,4,10,11,0,0,0,3,10,14,15,5,0
img_0837,0,0,7,14,16,13,1,0,0,9,15,8,10,16,7,0,0,5,1,0,14,14,1,0,0,0,0,4,16,12,0,0,0,0,0,2,16,13,0,0,0,0,0,0,6,16,7,0,0,0,9,7,6,16,9,0,0,0,5,15,16,11,3,0
img_0838,0,0,8,15,16,6,0,0,0,0,13,13,13,13,0,0,0,0,2,6,16,9,0,0,0,0,0,3,16,2,0,0,0,0,0,0,10,10,0,0,0,0,0,0,5,15,0,0,0,0,7,4,11,16,1,0,0,0,7,16,16,8,0,0
img_0839,0,0,0,9,11,0,0,0,0,0,5,15,1,0,0,0,0,2,16,4,0,3,9,0,0,7,14,0,1,14,12,0,0,9,16,12,14,15,1,0,0,0,6,8,15,6,0,0,0,0,0,4,16,1,0,0,0,0,0,9,13,0,0,0
img_0840,0,0,3,11,0,0,0,0,0,0,12,11,0,0,0,0,0,1,14,1,0,0,0,0,0,2,15,0,0,0,0,0,0,4,15,15,16,15,2,0,0,1,16,8,4,8,11,0,0,1,16,11,7,10,12,0,0,0,5,10,12,15,7,0
img_0841,0,0,4,6,11,14,6,0,0,4,16,16,12,16,7,0,0,6,16,2,1,16,3,0,0,5,16,0,5,14,0,0,0,0,2,0,11,10,0,0,0,0,0,2,15,4,0,0,0,0,0,8,16,0,0,0,0,0,0,7,12,0,0,0
img_0842,0,0,0,9,11,0,0,0,0,0,2,15,8,0,0,0,0,0,11,15,1,3,8,0,0,6,16,4,0,14,12,0,0,12,16,4,11,16,5,0,0,9,16,16,16,11,0,0,0,0,6,11,16,7,0,0,0,0,0,10,16,4,0,0
img_0843,0,0,5,13,1,0,0,0,0,0,12,13,1,0,0,0,0,0,16,3,0,0,0,0,0,3,16,0,0,0,0,0,0,3,16,16,14,9,0,0,0,2,16,8,3,8,9,0,0,0,14,2,0,3,16,1,0,0,6,15,16,14,5,0
img_0844,0,0,6,16,15,2,0,0,0,0,7,13,16,4,0,0,0,0,0,1,16,3,0,0,0,0,1,10,16,6,1,0,0,0,9,16,16,16,8,0,0,0,1,16,8,4,0,0,0,0,5,13,0,0,0,0,0,0,11,7,0,0,0,0
img_0845,0,0,4,15,12,2,0,0,0,2,15,7,11,10,0,0,0,4,16,0,0,15,1,0,0,6,10,0,0,10,8,0,0,8,8,0,0,6,8,0,0,5,12,0,0,11,8,0,0,2,16,7,8,16,2,0,0,0,6,15,16,8,0,0
img_0846,0,0,4,12,12,7,0,0,0,0,16,16,16,5,0,0,0,0,16,16,16,16,0,0,0,4,16,16,16,12,0,0,0,4,16,16,16,12,0,0,0,3,15,16,16,9,0,0,0,0,12,16,16,8,0,0,0,1,7,12,11,5,0,0
img_0847,0,1,8,16,16,3,0,0,0,6,16,12,16,4,0,0,0,1,7,0,16,4,0,0,0,0,0,7,15,0,0,0,0,0,0,14,9,0,0,0,0,0,10,14,1,4,5,0,0,0,13,12,11,15,3,0,0,0,12,16,12,3,0,0
img_0848,0,0,2,10,16,4,0,0,1,10,16,16,15,4,0,0,0,16,16,10,1,0,0,0,0,15,16,16,7,0,0,0,0,5,11,5,15,2,0,0,0,0,0,0,11,9,0,0,0,0,3,10,16,9,0,0,0,0,2,16,15,2,0,0
img_0849,0,0,0,13,1,0,0,0,0,0,10,12,1,0,0,0,0,0,14,3,0,0,0,0,0,4,14,0,4,5,0,0,0,7,16,4,7,14,7,0,0,3,14,0,0,4,12,0,0,0,10,10,4,10,12,0,0,0,1,9,16,14,2,0
img_0850,0,0,0,9,15,2,0,0,0,0,5,16,11,1,0,0,0,0,13,15,1,0,0,0,0,2,16,11,0,0,0,0,0,2,16,11,4,4,0,0,0,2,15,16,16,14,10,1,0,0,9,16,7,3,15,6,0,0,0,7,15,16,16,6
img_0851,0,0,6,16,16,16,16,10,0,0,6,10,8,14,16,3,0,0,0,0,4,16,8,0,0,0,2,10,14,15,6,0,0,0,6,16,16,16,7,0,0,0,0,15,9,0,0,0,0,0,6,16,6,0,0,0,0,0,10,13,1,0,0,0
img_0852,0,0,2,10,13,12,3,0,0,0,11,13,8,16,7,0,0,0,12,9,9,16,8,0,0,0,6,10,13,14,5,0,0,0,0,0,0,12,8,0,0,8,1,0,0,15,2,0,0,4,14,9,4,16,0,0,0,0,2,12,16,14,0,0
img_0853,0,2,15,13,1,0,0,0,0,13,12,14,7,0,0,0,0,8,6,6,13,0,0,0,0,0,0,5,15,0,0,0,0,0,0,11,10,0,0,0,0,0,2,16,5,0,0,0,0,0,11,16,13,14,12,0,0,3,16,14,8,8,7,0
img_0854,0,0,1,14,2,0,0,0,0,0,0,16,5,0,0,0,0,0,0,14,10,0,0,0,0,0,0,11,16,1,0,0,0,0,0,3,14,6,0,0,0,0,0,0,8,12,0,0,0,0,10,14,13,16,8,3,0,0,2,11,12,15,16,15
img_0855,0,0,4,15,13,3,0,0,0,4,13,14,10,13,0,0,0,8,16,8,8,13,0,0,0,0,15,12,15,11,0,0,0,0,6,16,13,1,0,0,0,0,11,15,15,2,0,0,0,0,12,8,15,8,0,0,0,0,5,15,16,5,0,0
img_0856,0,0,9,16,16,12,2,0,0,3,13,5,4,14,5,0,0,0,0,0,7,15,2,0,0,0,0,5,16,11,0,0,0,0,0,0,8,16,7,0,0,0,0,0,0,13,8,0,0,0,4,5,5,15,4,0,0,0,12,16,15,5,0,0
img_0857,0,0,2,14,5,0,0,0,0,0,9,12,0,0,0,0,0,1,15,1,0,0,0,0,0,3,15,0,0,0,0,0,0,6,16,16,16,13,1,0,0,2,16,8,4,7,11,0,0,0,12,11,1,8,11,0,0,0,3,12,16,15,4,0
img_0858,0,1,11,13,2,0,0,0,0,8,15,15,6,0,0,0,0,10,9,6,14,0,0,0,0,3,10,4,10,0,0,0,0,0,0,11,7,0,0,0,0,0,2,15,3,0,0,0,0,2,13,16,13,11,2,0,0,1,12,12,12,15,11,0
img_0859,0,0,6,14,10,0,0,0,0,6,16,14,16,0,0,0,0,5,10,11,16,0,0,0,0,0,0,9,16,12,0,0,0,0,0,0,3,16,7,0,0,4,6,0,3,16,8,0,0,5,15,9,16,13,1,0,0,0,9,15,8,0,0,0
img_0860,0,0,6,11,16,13,5,0,0,2,16,16,16,16,12,0,0,0,0,0,5,16,4,0,0,0,0,10,15,5,0,0,0,0,9,16,3,0,0,0,0,0,13,16,13,1,0,0,0,0,0,5,16,14,0,0,0,0,5,14,11,6,0,0
img_0861,0,0,13,10,8,8,7,0,0,4,16,16,16,16,15,2,0,0,10,16,5,0,0,0,0,0,0,13,12,0,0,0,0,0,0,6,15,0,0,0,0,0,0,8,15,0,0,0,0,1,6,10,12,0,0,0,0,1,13,16,5,0,0,0
img_0862,0,0,12,9,9,8,1,0,0,2,15,8,8,8,2,0,0,8,12,8,5,0,0,0,0,8,15,9,14,9,0,0,0,2,1,0,1,14,3,0,0,0,0,0,0,6,11,0,0,1,8,4,5,14,9,0,0,1,11,16,12,7,0,0
img_0863,0,0,4,10,15,16,4,0,0,0,13,14,9,16,3,0,0,0,2,1,5,15,0,0,0,0,3,4,13,14,2,0,0,5,16,16,16,16,8,0,0,4,9,12,14,1,0,0,0,0,5,15,10,0,0,0,0,0,6,16,4,0,0,0
img_0864,0,0,6,14,16,15,1,0,0,9,16,12,9,16,3,0,0,12,16,11,14,13,0,0,0,7,15,16,14,0,0,0,0,0,2,8,16,5,0,0,0,0,0,6,16,4,0,0,0,0,2,13,12,0,0,0,0,0,9,16,1,0,0,0
img_0865,0,0,2,16,13,1,0,0,0,0,6,15,16,7,0,0,0,0,3,6,16,8,0,0,0,0,0,3,16,6,0,0,0,0,1,13,13,0,0,0,0,6,14,16,4,0,0,0,0,9,16,16,13,10,3,0,0,0,4,11,15,16,10,0
img_0866,0,0,0,10,11,0,0,0,0,0,9,16,6,0,0,0,0,0,15,13,0,0,0,0,0,0,14,10,0,0,0,0,0,1,15,12,8,2,0,0,0,0,12,16,16,16,10,1,0,0,7,16,12,12,16,4,0,0,0,9,15,12,5,0
img_0867,0,0,12,16,14,8,0,0,0,7,16,10,14,16,0,0,0,4,16,11,14,16,4,0,0,0,5,14,16,16,8,0,0,0,0,0,0,16,8,0,0,0,0,0,4,16,6,0,0,2,12,9,16,15,1,0,0,1,9,16,14,3,0,0
img_0868,0,0,6,15,16,16,3,0,0,0,14,16,6,6,1,0,0,3,14,5,0,0,0,0,0,11,15,8,4,0,0,0,0,1,10,12,16,8,0,0,0,0,0,0,5,16,0,0,0,0,0,5,13,14,0,0,0,0,4,16,14,3,0,0
img_0869,0,1,14,14,6,0,0,0,0,2,16,1,14,2,0,0,0,0,10,7,10,6,4,0,0,0,1,12,16,14,5,0,0,0,3,14,16,4,0,0,0,1,15,5,6,12,0,0,0,4,10,0,1,15,0,0,0,1,12,12,12,5,0,0
img_0870,0,0,5,11,12,5,0,0,0,0,12,6,2,3,0,0,0,0,9,16,16,4,0,0,0,0,12,16,16,4,0,0,0,0,12,16,16,4,0,0,0,0,12,16,16,4,0,0,0,0,12,16,16,8,0,0,0,0,6,12,11,7,0,0
img_0871,0,0,0,12,10,0,0,0,0,0,4,16,5,0,0,0,0,0,15,7,2,14,1,0,0,6,16,2,9,16,11,0,0,9,14,9,16,15,6,0,0,5,16,16,16,1,0,0,0,0,2,11,13,0,0,0,0,0,0,12,13,0,0,0
img_0872,0,2,11,16,15,6,0,0,0,11,15,9,14,13,0,0,0,7,1,0,13,9,0,0,0,0,0,1,16,8,0,0,0,0,1,11,13,1,0,0,0,0,5,16,5,0,0,0,0,2,15,9,2,4,4,0,0,2,15,16,16,16,16,1
img_0873,0,0,0,8,13,3,0,0,0,0,8,16,16,8,0,0,0,12,16,16,16,2,0,0,0,9,9,16,10,0,0,0,0,0,2,15,8,0,0,0,0,0,4,16,7,0,0,0,0,0,3,16,10,0,0,0,0,0,0,7,13,2,0,0
img_0874,0,0,0,8,3,0,0,0,0,0,2,16,8,0,0,0,0,0,9,15,1,0,0,0,0,0,12,10,0,0,0,0,0,0,14,7,0,0,0,0,0,0,10,15,16,16,14,1,0,0,4,16,1,4,15,6,0,0,0,5,14,15,10,0
img_0875,0,0,3,12,8,3,0,0,0,0,7,16,13,13,1,0,0,0,13,8,0,9,4,0,0,0,16,2,0,6,6,0,0,4,12,0,0,10,3,0,0,3,12,0,0,13,2,0,0,0,12,4,12,10,0,0,0,0,5,16,13,2,0,0
img_0876,0,0,15,16,13,6,0,0,0,0,12,12,14,13,0,0,0,0,0,0,11,9,0,0,0,0,1,11,15,2,0,0,0,0,8,16,16,12,1,0,0,1,8,4,9,16,3,0,0,5,14,7,10,15,1,0,0,2,12,16,14,6,0,0
img_0877,0,0,8,11,8,10,14,8,0,3,15,11,12,16,5,1,0,1,16,0,11,8,0,0,0,0,1,5,16,5,0,0,0,0,3,15,16,14,0,0,0,0,7,16,3,0,0,0,0,0,6,13,0,0,0,0,0,0,11,7,0,0,0,0
img_0878,0,0,0,10,14,0,0,0,0,0,1,16,10,0,0,0,0,0,10,16,1,0,0,0,0,4,16,8,0,3,5,0,0,10,15,0,2,15,10,0,0,12,16,14,16,13,1,0,0,2,11,14,16,3,0,0,0,0,0,8,16,2,0,0
img_0879,0,0,11,16,12,12,16,7,0,3,16,9,8,16,10,0,0,1,10,0,6,14,2,0,0,0,1,8,15,15,11,0,0,0,12,16,15,7,2,0,0,0,4,13,7,0,0,0,0,0,4,16,3,0,0,0,0,0,12,12,0,0,0,0
img_0880,0,0,0,14,7,0,0,0,0,1,9,16,16,3,0,0,0,4,16,8,11,11,0,0,0,3,16,7,4,16,4,0,0,8,16,4,0,16,8,0,0,5,16,10,0,13,11,0,0,0,13,16,16,16,9,0,0,0,2,10,13,6,0,0
img_0881,0,0,8,16,16,9,0,0,0,1,16,15,11,8,0,0,0,1,14,10,0,0,0,0,0,7,16,10,6,0,0,0,0,2,12,16,16,10,0,0,0,0,0,1,7,15,0,0,0,0,11,5,13,13,0,0,0,0,11,16,16,6,0,0
img_0882,0,0,0,8,14,14,2,0,0,0,0,6,10,15,11,0,0,0,0,0,0,14,10,0,0,2,8,11,12,16,8,0,0,8,16,16,16,16,7,0,0,0,0,0,11,15,1,0,0,0,0,9,16,7,0,0,0,0,0,12,13,1,0,0
img_0883,0,0,5,12,1,6,0,0,0,0,11,12,0,16,2,0,0,0,16,5,0,12,4,0,0,3,15,0,0,8,4,0,0,7,12,0,0,4,7,0,0,2,15,1,1,12,5,0,0,0,16,11,12,15,3,0,0,0,4,12,12,3,0,0
img_0884,0,0,5,16,16,16,16,11,0,0,6,9,5,5,15,8,0,0,0,0,0,9,11,1,0,0,0,3,6,16,3,0,0,0,5,16,16,16,7,0,0,0,4,8,16,4,1,0,0,0,1,13,10,0,0,0,0,0,3,16,2,0,0,0
img_0885,0,0,6,13,10,3,0,0,0,5,15,11,16,11,0,0,0,2,6,0,16,12,0,0,0,0,0,0,16,12,0,0,0,0,0,7,16,6,0,0,0,0,5,15,10,0,0,0,0,0,11,16,8,4,0,0,0,0,8,14,13,12,4,0
img_0886,0,0,0,10,12,8,1,0,0,0,5,16,16,16,0,0,0,0,10,16,16,9,0,0,0,2,15,16,13,2,0,0,0,4,16,16,8,0,0,0,0,1,15,16,7,0,0,0,0,0,9,16,11,1,0,0,0,0,0,6,12,6,0,0
img_0887,0,0,1,13,7,0,0,0,0,0,7,14,2,0,0,0,0,0,13,5,0,0,0,0,0,0,16,3,0,0,0,0,0,3,16,10,12,12,3,0,0,3,16,11,5,9,12,0,0,1,13,11,4,13,11,0,0,0,1,12,16,11,2,0
img_0888,0,0,0,9,9,0,0,0,0,0,3,15,4,0,0,0,0,0,10,12,0,0,0,0,0,0,12,8,4,3,0,0,0,0,14,16,12,14,5,0,0,0,12,10,0,4,13,0,0,0,9,11,0,6,16,1,0,0,0,8,14,15,8,0
img_0889,0,0,9,16,16,7,0,0,0,7,16,12,7,11,2,0,0,13,13,1,0,0,0,0,0,10,16,10,7,0,0,0,0,0,8,12,16,10,0,0,0,0,0,0,5,16,3,0,0,0,1,0,11,16,1,0,0,0,7,16,16,6,0,0
img_0890,0,0,8,15,12,1,0,0,0,8,13,8,12,6,0,0,0,4,2,0,8,6,0,0,0,0,0,1,13,2,0,0,0,0,0,9,7,0,0,0,0,0,5,13,0,4,4,0,0,0,10,12,9,15,11,0,0,0,9,16,9,7,1,0
img_0891,0,0,9,14,16,13,2,0,0,0,13,8,2,6,4,0,0,0,16,2,9,8,0,0,0,3,15,15,11,14,4,0,0,5,16,6,0,12,2,0,0,5,7,0,3,13,0,0,0,0,5,7,13,6,0,0,0,0,10,16,9,0,0,0
img_0892,0,0,1,13,14,1,0,0,0,1,11,16,10,12,0,0,0,6,16,15,0,13,3,0,0,7,14,5,0,8,9,0,0,6,13,0,0,8,11,0,0,4,15,0,1,14,9,0,0,0,14,8,12,16,3,0,0,0,3,15,15,4,0,0
img_0893,0,0,11,12,2,0,0,0,0,0,15,8,13,2,0,0,0,0,7,11,9,9,0,0,0,4,12,12,16,7,0,0,0,2,10,12,9,12,1,0,0,0,0,0,0,7,11,0,0,0,0,0,0,0,16,2,0,0,6,12,12,13,11,0
img_0894,0,0,2,12,16,10,0,0,0,2,15,10,6,15,0,0,0,2,7,1,4,14,0,0,0,0,0,0,9,10,0,0,0,0,0,0,12,3,0,0,0,0,0,8,14,0,0,0,0,0,15,16,15,10,5,0,0,0,1,8,8,11,16,6
img_0895,0,0,0,14,13,1,0,0,0,0,4,16,11,0,0,0,0,0,12,16,1,0,0,0,0,1,15,16,14,1,0,0,0,4,16,12,8,12,7,0,0,2,15,8,0,8,16,2,0,0,10,14,9,15,15,1,0,0,1,14,16,14,2,0
img_0896,0,0,7,16,16,15,8,0,0,0,12,15,15,16,11,0,0,0,0,3,14,15,2,0,0,0,1,14,12,1,0,0,0,0,1,16,15,5,0,0,0,0,0,3,12,15,0,0,0,0,0,4,12,14,1,0,0,0,10,15,10,4,0,0
img_0897,0,0,0,4,14,14,5,0,0,0,0,9,16,16,7,0,0,0,5,15,16,15,3,0,0,4,15,16,16,12,0,0,0,5,16,16,16,12,0,0,0,0,0,12,16,13,1,0,0,0,0,8,16,16,7,0,0,0,0,4,14,15,6,0
img_0898,0,0,4,14,11,0,0,0,0,3,15,15,16,9,0,0,0,8,13,0,3,15,1,0,0,8,12,0,0,8,6,0,0,8,12,0,0,8,8,0,0,5,13,1,0,8,8,0,0,2,15,14,12,15,6,0,0,0,5,16,15,8,0,0
img_0899,0,0,10,16,16,4,0,0,0,0,9,8,13,10,0,0,0,0,0,4,15,6,0,0,0,0,0,13,16,7,0,0,0,0,0,5,13,16,1,0,0,0,0,0,0,16,4,0,0,0,7,3,5,16,2,0,0,0,11,16,16,10,0,0
img_0900,0,1,13,15,12,12,5,0,0,4,16,8,8,6,0,0,0,7,13,0,0,0,0,0,0,8,15,13,15,7,0,0,0,1,6,5,8,12,0,0,0,0,0,0,12,11,0,0,0,0,2,13,14,1,0,0,0,3,14,10,1,0,0,0
img_0901,0,2,15,16,6,0,0,0,0,5,16,15,14,0,0,0,0,5,13,10,14,0,0,0,0,0,0,12,12,0,0,0,0,0,1,16,7,0,0,0,0,0,10,15,2,0,0,0,0,3,16,10,8,6,1,0,0,2,15,16,16,16,7,0
img_0902,0,0,12,13,12,12,12,0,0,0,16,13,12,11,11,0,0,0,16,13,11,2,0,0,0,3,16,14,16,7,0,0,0,0,0,0,11,11,0,0,0,0,0,0,8,11,0,0,0,1,14,11,15,9,0,0,0,0,10,14,12,0,0,0
img_0903,0,0,0,0,11,15,4,0,0,0,0,3,16,16,12,0,0,0,0,8,14,16,12,0,0,0,0,5,10,16,6,0,0,1,7,11,16,13,0,0,0,9,16,16,14,1,0,0,0,3,8,14,16,9,0,0,0,0,0,1,11,16,12,0
img_0904,0,0,0,14,14,1,0,0,0,0,6,16,12,0,0,0,0,0,12,16,2,0,0,0,0,0,16,16,16,9,0,0,0,1,16,15,8,14,9,0,0,0,14,12,0,12,13,0,0,0,6,14,7,16,10,0,0,0,1,13,16,13,1,0
img_0905,0,0,2,10,11,1,0,0,0,0,5,14,3,12,0,0,0,0,6,13,3,15,0,0,0,0,8,15,15,9,0,0,0,2,16,11,9,0,0,0,0,2,14,2,10,0,0,0,0,0,7,6,13,0,0,0,0,0,1,15,6,0,0,0
img_0906,0,0,4,15,4,0,0,0,0,0,9,16,2,0,0,0,0,0,16,10,0,0,0,0,0,6,16,3,0,0,0,0,0,10,15,11,16,13,4,0,0,7,16,16,11,14,14,0,0,2,16,11,5,15,12,0,0,0,3,16,16,14,3,0
img_0907,0,0,3,13,13,3,0,0,0,0,14,8,7,15,1,0,0,3,16,0,0,9,6,0,0,6,13,0,0,4,8,0,0,4,9,0,0,4,8,0,0,1,13,0,0,5,8,0,0,0,14,7,0,11,4,0,0,0,3,15,16,14,0,0
img_0908,0,0,9,16,16,9,0,0,0,5,16,14,15,16,1,0,0,2,11,1,10,15,0,0,0,0,0,1,15,8,0,0,0,0,0,8,15,1,0,0,0,0,6,16,7,8,7,0,0,0,9,16,15,14,2,0,0,0,9,16,13,1,0,0
img_0909,0,0,12,12,14,15,1,0,0,1,15,11,6,5,0,0,0,6,15,12,4,0,0,0,0,6,11,8,13,6,0,0,0,0,0,0,1,13,0,0,0,0,0,0,0,9,3,0,0,2,6,1,6,14,3,0,0,1,11,16,13,8,0,0
img_0910,0,0,0,13,15,8,0,0,0,0,1,16,16,10,0,0,0,0,1,16,16,8,0,0,0,0,4,16,16,2,0,0,0,0,11,16,14,0,0,0,0,2,16,16,10,0,0,0,0,0,13,16,15,2,0,0,0,0,1,13,16,4,0,0
img_0911,0,0,0,0,13,8,0,0,0,0,0,5,16,3,0,0,0,0,0,14,10,2,9,0,0,1,11,13,0,10,15,0,0,12,15,5,7,14,10,0,1,15,16,16,16,16,4,0,0,4,4,3,10,14,0,0,0,0,0,0,15,7,0,0
img_0912,0,0,0,8,12,0,0,0,0,0,5,16,3,0,2,0,0,1,16,5,1,10,15,1,0,9,16,4,9,16,7,0,0,7,16,16,16,7,0,0,0,0,2,8,16,2,0,0,0,0,0,10,13,0,0,0,0,0,0,12,10,0,0,0
img_0913,0,1,8,8,11,15,10,0,0,4,16,16,11,12,6,0,0,4,16,4,0,0,0,0,0,1,16,15,8,0,0,0,0,0,4,10,16,6,0,0,0,0,0,0,12,12,0,0,0,6,15,9,13,10,0,0,0,1,13,16,13,4,0,0
img_0914,0,0,11,8,4,13,16,3,0,2,16,16,16,14,9,1,0,4,13,6,16,4,0,0,0,0,2,15,10,0,0,0,0,5,13,16,14,12,2,0,0,8,15,15,12,12,2,0,0,0,15,9,0,0,0,0,0,0,16,7,0,0,0,0
img_0915,0,7,16,16,16,11,2,0,0,5,16,12,8,6,1,0,0,9,16,1,0,0,0,0,0,2,16,15,3,0,0,0,0,0,5,16,14,1,0,0,0,0,0,2,16,10,0,0,0,1,7,13,16,3,0,0,0,4,15,16,6,0,0,0
img_0916,0,0,2,10,15,1,0,0,0,3,16,16,13,13,0,0,0,5,16,12,1,12,1,0,0,7,13,5,0,7,5,0,0,2,14,0,0,7,10,0,0,0,12,2,0,12,7,0,0,0,9,12,12,16,4,0,0,0,0,10,16,6,0,0
img_0917,0,0,0,0,7,14,7,0,0,0,0,3,16,16,9,0,0,0,6,15,16,16,6,0,0,5,16,16,16,16,2,0,0,4,8,8,16,16,0,0,0,0,0,3,16,16,3,0,0,0,0,1,13,16,0,0,0,0,0,0,8,15,0,0
img_0918,0,0,0,7,12,16,16,15,0,0,9,16,10,4,16,10,0,0,14,16,13,14,12,1,0,0,4,16,16,16,12,0,0,0,0,0,0,16,10,0,0,0,0,0,7,15,0,0,0,0,0,1,15,7,0,0,0,0,0,12,6,0,0,0
img_0919,0,0,6,12,13,9,0,0,0,7,14,6,7,16,3,0,0,4,6,5,14,6,0,0,0,0,0,12,14,4,0,0,0,0,0,0,3,14,2,0,0,0,0,0,0,9,7,0,0,0,3,1,0,9,8,0,0,0,5,14,12,13,2,0
img_0920,0,0,4,15,12,1,0,0,0,0,12,11,13,13,1,0,0,3,12,0,0,14,6,0,0,8,12,0,0,11,8,0,0,8,12,0,0,8,8,0,0,6,13,0,0,11,7,0,0,4,16,7,10,15,2,0,0,0,7,13,12,2,0,0
img_0921,0,3,13,16,13,0,0,0,0,9,13,8,16,5,1,0,0,0,8,14,16,16,5,0,0,0,8,16,15,2,0,0,0,0,2,16,7,0,0,0,0,0,7,16,4,0,0,0,0,0,15,9,0,0,0,0,0,2,15,3,0,0,0,0
img_0922,0,0,6,16,16,8,0,0,0,2,16,8,9,16,3,0,0,8,16,1,0,9,9,0,0,9,12,0,0,8,12,0,0,10,12,0,0,8,10,0,0,8,13,0,0,9,8,0,0,2,16,8,6,15,3,0,0,0,8,16,15,8,0,0
img_0923,0,0,0,8,16,16,16,6,0,0,6,14,5,8,16,2,0,0,7,4,0,6,12,0,0,0,0,0,0,12,6,0,0,0,0,11,16,16,10,0,0,0,0,12,16,8,0,0,0,0,0,6,16,0,0,0,0,0,0,12,9,0,0,0
img_0924,0,5,12,13,16,16,2,0,0,11,16,15,8,4,0,0,0,8,14,11,1,0,0,0,0,8,16,16,14,0,0,0,0,1,6,6,16,0,0,0,0,0,0,5,16,3,0,0,0,1,5,15,13,0,0,0,0,4,15,16,2,0,0,0
img_0925,0,0,14,16,16,16,2,0,0,7,16,5,1,0,0,0,0,14,13,7,3,0,0,0,0,4,12,13,16,9,0,0,0,0,0,0,6,15,0,0,0,0,0,0,9,14,0,0,0,0,5,14,16,3,0,0,0,1,15,11,4,0,0,0
img_0926,0,1,15,16,16,16,5,0,0,7,16,16,12,9,1,0,0,13,16,3,0,0,0,0,0,5,16,11,0,0,0,0,0,0,10,16,6,0,0,0,0,0,1,15,11,0,0,0,0,1,4,14,12,0,0,0,0,3,15,16,6,0,0,0
img_0927,0,0,3,15,3,0,0,0,0,0,14,16,1,0,0,0,0,8,16,6,0,8,5,0,0,12,14,0,5,16,8,0,0,12,15,14,16,13,0,0,0,1,11,14,16,5,0,0,0,0,4,15,10,0,0,0,0,0,4,16,5,0,0,0
img_0928,0,0,4,15,14,10,1,0,0,0,7,9,0,9,8,0,0,0,11,9,2,13,7,0,0,0,4,15,14,4,0,0,0,0,6,15,15,1,0,0,0,4,14,1,13,7,0,0,0,7,13,1,5,13,0,0,0,0,7,14,16,16,1,0
img_0929,0,0,1,9,16,16,16,1,0,0,8,15,10,14,13,0,0,0,14,6,0,14,6,0,0,0,6,2,6,16,3,0,0,0,0,12,16,16,10,0,0,0,0,6,16,8,0,0,0,0,0,7,13,0,0,0,0,0,0,14,6,0,0,0
img_0930,0,0,0,3,12,10,0,0,0,0,1,14,6,15,0,0,0,0,0,16,6,10,0,0,0,0,0,14,16,2,0,0,0,0,3,14,15,3,0,0,0,1,16,4,9,9,0,0,0,0,4,13,4,7,8,0,0,0,0,3,10,11,15,2
img_0931,0,0,0,4,14,14,1,0,0,0,3,14,12,10,4,0,0,3,13,4,0,8,6,0,0,3,15,9,2,15,1,0,0,0,2,10,16,13,0,0,0,0,0,0,12,14,4,0,0,0,0,2,12,9,3,0,0,0,0,2,16,14,0,0
img_0932,0,0,3,6,14,5,0,0,0,0,7,15,15,13,0,0,0,0,3,14,13,12,0,0,0,0,0,16,13,1,0,0,0,0,2,16,8,0,0,0,0,0,10,9,14,0,0,0,0,0,12,4,15,2,0,0,0,0,4,15,14,0,0,0
img_0933,0,0,1,11,15,6,0,0,0,2,15,10,16,15,0,0,0,1,14,5,6,11,0,0,0,0,5,14,14,3,0,0,0,0,1,14,16,6,0,0,0,0,10,8,6,15,1,0,0,0,9,9,4,16,3,0,0,0,1,15,15,6,0,0
img_0934,0,0,5,13,16,10,1,0,0,7,16,16,16,16,7,0,0,0,5,2,11,14,5,0,0,0,0,10,15,6,0,0,0,0,9,16,13,2,0,0,0,0,4,11,15,14,0,0,0,0,2,2,13,16,1,0,0,0,5,14,15,9,0,0
img_0935,0,0,5,15,16,14,1,0,0,0,11,13,9,16,5,0,0,0,0,0,5,16,2,0,0,0,0,0,9,11,0,0,0,0,7,13,15,12,1,0,0,0,7,14,14,12,4,0,0,0,0,14,3,0,0,0,0,0,7,10,0,0,0,0
img_0936,0,0,11,12,0,0,0,0,0,2,16,16,16,13,0,0,0,3,16,12,10,14,0,0,0,1,16,1,12,15,0,0,0,0,13,16,9,15,2,0,0,0,0,3,0,9,11,0,0,0,0,0,9,15,4,0,0,0,9,12,13,3,0,0
img_0937,0,1,7,13,14,3,0,0,0,10,13,2,5,10,0,0,0,12,4,0,7,16,0,0,0,6,10,9,13,15,1,0,0,0,2,4,0,14,4,0,0,0,0,0,0,13,2,0,0,0,6,0,5,14,0,0,0,0,5,14,14,5,0,0
img_0938,0,1,10,15,16,13,3,0,0,5,14,5,5,15,8,0,0,0,0,0,2,15,6,0,0,0,0,0,9,16,0,0,0,0,0,0,9,16,0,0,0,0,0,0,4,16,6,0,0,0,2,3,13,12,0,0,0,0,15,13,7,0,0,0
img_0939,0,0,1,13,12,5,0,0,0,0,11,16,4,13,2,0,0,2,16,4,0,8,5,0,0,7,12,0,0,8,8,0,0,6,12,0,0,5,8,0,0,3,16,0,0,8,7,0,0,1,15,8,6,15,3,0,0,0,2,13,15,6,0,0
img_0940,0,0,2,13,15,1,0,0,0,1,14,13,15,4,0,0,0,5,14,2,15,0,0,0,0,6,14,8,13,0,0,0,0,0,7,16,12,1,0,0,0,0,1,15,10,13,1,0,0,0,4,13,4,13,6,0,0,0,0,11,16,14,1,0
img_0941,0,0,12,16,16,7,0,0,0,3,16,10,2,2,0,0,0,4,16,5,0,0,0,0,0,3,16,12,12,9,1,0,0,1,15,16,12,15,9,0,0,0,0,0,3,14,11,0,0,0,3,9,16,16,7,0,0,0,10,12,12,4,0,0
img_0942,0,0,11,10,0,0,0,0,0,0,11,15,0,0,0,0,0,0,11,16,5,0,0,0,0,0,13,16,11,0,0,0,0,0,2,7,16,2,0,0,0,0,0,2,14,6,0,0,0,0,6,10,15,13,8,3,0,0,8,16,16,16,16,12
img_0943,0,0,5,15,7,0,0,0,0,0,14,16,16,5,0,0,0,0,13,14,14,15,0,0,0,0,3,11,14,16,3,0,0,0,0,0,6,16,2,0,0,0,0,0,4,16,7,0,0,0,0,1,11,16,6,0,0,0,4,15,16,10,0,0
img_0944,0,0,1,16,11,0,0,0,0,0,0,15,16,1,0,0,0,0,0,15,14,0,0,0,0,0,2,16,14,0,0,0,0,0,1,16,15,0,0,0,0,0,0,14,13,0,0,0,0,0,0,13,10,0,0,0,0,0,0,12,11,0,0,0
img_0945,0,0,8,12,14,12,3,0,0,0,12,5,0,3,0,0,0,0,16,2,4,1,0,0,0,4,16,14,12,15,4,0,0,0,4,0,0,8,8,0,0,1,0,0,0,11,5,0,0,6,14,1,2,15,1,0,0,0,8,14,16,4,0,0
img_0946,0,0,9,12,13,6,0,0,0,0,16,8,8,15,2,0,0,0,16,10,9,16,5,0,0,0,4,12,11,12,5,0,0,0,0,0,0,8,8,0,0,0,0,0,0,9,7,0,0,0,8,4,7,16,2,0,0,0,10,16,16,7,0,0
img_0947,0,0,12,16,7,0,0,0,0,2,16,5,12,3,0,0,0,0,14,6,3,16,2,0,0,0,2,14,16,12,0,0,0,0,0,0,10,10,0,0,0,0,0,0,10,8,0,0,0,0,8,2,13,7,0,0,0,0,11,16,16,3,0,0
img_0948,0,0,6,12,14,4,0,0,0,2,15,2,1,15,0,0,0,2,14,0,3,16,2,0,0,0,13,5,14,14,6,0,0,0,2,8,4,7,9,0,0,0,0,0,0,9,9,0,0,0,5,0,5,14,3,0,0,0,7,13,12,4,0,0
img_0949,0,1,13,16,15,5,0,0,0,4,16,7,14,12,0,0,0,3,12,2,11,10,0,0,0,0,0,0,14,8,0,0,0,0,0,3,16,4,0,0,0,0,1,11,13,0,0,0,0,0,9,16,14,16,7,0,0,1,16,16,15,12,5,0
img_0950,0,1,13,14,16,15,7,0,0,4,15,3,3,4,1,0,0,4,13,5,8,5,0,0,0,6,16,12,8,14,2,0,0,0,4,0,0,12,4,0,0,0,0,0,1,14,2,0,0,2,12,3,11,9,0,0,0,1,11,16,13,1,0,0
img_0951,0,0,0,10,13,3,0,0,0,0,8,16,14,12,0,0,0,3,16,13,0,14,1,0,0,5,16,6,0,14,5,0,0,6,16,0,0,15,4,0,0,2,13,1,5,16,4,0,0,0,10,16,16,14,1,0,0,0,2,11,13,6,0,0
img_0952,0,0,0,1,14,14,3,0,0,0,0,10,11,13,8,0,0,0,0,7,0,13,8,0,0,0,0,0,7,15,1,0,0,4,8,12,15,4,0,0,0,6,16,16,6,0,0,0,0,0,2,12,12,4,2,0,0,0,0,1,13,16,5,0
img_0953,0,2,15,16,12,0,0,0,0,8,11,8,16,0,0,0,0,3,1,7,13,0,0,0,0,0,0,10,8,0,0,0,0,0,0,15,5,0,0,0,0,0,7,15,0,0,0,0,0,0,14,11,6,5,2,0,0,1,16,16,16,16,9,0
img_0954,0,0,3,13,12,2,0,0,0,0,14,13,15,11,0,0,0,0,7,0,8,15,0,0,0,0,0,0,13,6,0,0,0,0,0,3,16,4,0,0,0,0,0,13,11,0,0,0,0,0,3,16,12,8,1,0,0,0,3,16,11,8,0,0
img_0955,0,0,0,6,15,12,1,0,0,4,12,16,12,16,3,0,0,15,16,6,4,16,3,0,0,4,5,1,15,12,0,0,0,0,0,7,16,10,1,0,0,0,3,2,4,15,7,0,0,0,12,15,8,11,14,0,0,0,1,8,15,16,11,0
img_0956,0,1,12,16,16,9,0,0,0,11,15,9,7,16,3,0,0,13,3,1,10,15,1,0,0,0,0,11,16,8,0,0,0,0,0,5,15,16,5,0,0,0,0,0,0,10,13,0,0,0,7,4,8,15,9,0,0,0,13,16,16,12,1,0
img_0957,0,0,0,13,13,3,0,0,0,0,4,16,8,0,0,0,0,0,9,16,1,0,0,0,0,0,13,16,5,0,0,0,0,2,16,16,14,8,1,0,0,4,16,16,6,16,9,0,0,0,8,16,11,16,10,0,0,0,1,14,16,13,1,0
img_0958,0,0,1,15,11,1,0,0,0,0,9,12,8,12,0,0,0,1,15,1,6,16,2,0,0,2,12,0,1,11,6,0,0,5,10,0,0,11,4,0,0,2,13,0,0,10,3,0,0,0,13,2,3,13,3,0,0,0,1,13,16,15,1,0
img_0959,0,0,0,0,12,8,0,0,0,0,0,3,16,16,0,0,0,0,1,13,16,11,0,0,0,3,15,16,16,8,0,0,0,0,3,7,16,8,0,0,0,0,0,4,16,8,0,0,0,0,0,4,16,14,0,0,0,0,0,0,14,15,5,0
img_0960,0,0,0,6,14,0,0,0,0,0,4,15,4,0,0,0,0,1,13,9,4,7,0,0,0,7,13,1,13,10,6,0,0,14,14,8,16,16,10,0,0,7,15,16,16,7,1,0,0,0,0,6,16,0,0,0,0,0,0,10,13,0,0,0
img_0961,0,0,2,12,15,3,0,0,0,0,15,15,13,15,0,0,0,2,14,3,1,12,3,0,0,4,8,0,0,8,8,0,0,7,10,0,0,9,5,0,0,1,13,5,3,15,2,0,0,0,7,16,14,15,0,0,0,0,0,10,14,4,0,0
img_0962,0,0,0,2,14,2,0,0,0,0,1,13,15,6,0,0,0,0,12,15,12,11,0,0,0,5,16,4,15,6,0,0,0,12,15,8,16,16,11,0,0,6,16,16,16,8,2,0,0,0,2,6,16,0,0,0,0,0,0,2,14,0,0,0
img_0963,0,0,9,16,6,0,0,0,0,3,16,1,16,10,8,0,0,0,15,6,16,8,0,0,0,0,3,16,11,0,0,0,0,0,1,14,12,0,0,0,0,0,6,9,11,2,0,0,0,0,12,1,13,0,0,0,0,0,12,14,3,0,0,0
img_0964,0,0,7,14,2,0,0,0,0,0,2,16,6,0,0,0,0,0,2,15,9,0,0,0,0,0,2,16,12,0,0,0,0,0,2,16,16,5,0,0,0,0,0,3,13,13,0,0,0,0,6,12,14,16,12,5,0,0,5,16,16,16,16,15
img_0965,0,0,4,9,13,5,0,0,0,1,16,16,12,11,0,0,0,0,11,8,5,16,0,0,0,0,7,10,13,10,0,0,0,0,4,16,13,0,0,0,0,0,13,15,12,0,0,0,0,0,11,9,14,5,0,0,0,0,0,10,16,8,0,0
img_0966,0,0,0,6,13,16,16,9,0,0,6,16,14,11,16,10,0,0,2,3,0,4,15,4,0,0,2,9,12,16,13,0,0,2,15,16,16,16,3,0,0,4,9,3,10,10,0,0,0,0,0,1,16,2,0,0,0,0,0,7,9,0,0,0
img_0967,0,0,0,11,16,16,10,0,0,0,10,12,9,15,9,0,0,0,13,8,0,12,5,0,0,0,6,0,4,12,0,0,0,0,2,15,16,16,9,0,0,0,6,13,15,9,1,0,0,0,0,9,9,0,0,0,0,0,1,14,4,0,0,0
img_0968,0,0,6,14,16,5,0,0,0,2,16,16,16,7,0,0,0,2,15,16,15,2,0,0,0,0,6,16,15,7,0,0,0,0,14,10,6,16,3,0,0,1,16,3,0,16,7,0,0,0,10,11,11,15,3,0,0,0,3,14,16,6,0,0
img_0969,0,0,1,14,8,0,0,0,0,0,8,16,4,0,0,0,0,1,16,9,0,1,5,0,0,8,16,5,1,12,15,0,0,10,16,12,11,16,6,0,0,3,14,16,16,8,0,0,0,0,0,11,16,1,0,0,0,0,0,13,14,0,0,0
img_0970,0,0,5,11,8,7,0,0,0,3,16,11,9,16,4,0,0,0,14,3,7,15,0,0,0,0,5,15,15,3,0,0,0,0,10,15,14,1,0,0,0,4,13,0,9,7,0,0,0,3,11,5,13,7,0,0,0,0,6,10,6,0,0,0
img_0971,0,0,0,7,16,16,7,0,0,0,0,14,16,16,4,0,0,2,13,16,16,12,0,0,0,7,16,16,16,12,0,0,0,0,0,10,16,8,0,0,0,0,0,11,16,13,0,0,0,0,0,10,16,16,2,0,0,0,0,9,16,12,2,0
img_0972,0,0,9,16,14,6,0,0,0,6,16,5,10,16,0,0,0,2,15,7,10,16,3,0,0,0,4,8,12,16,4,0,0,0,0,0,0,16,7,0,0,0,0,0,1,16,8,0,0,0,3,0,8,16,1,0,0,0,10,16,13,4,0,0
img_0973,0,0,6,16,11,0,0,0,0,0,9,16,16,5,0,0,0,0,8,16,16,4,0,0,0,0,10,16,13,0,0,0,0,0,13,16,12,0,0,0,0,0,10,16,9,0,0,0,0,0,9,16,10,0,0,0,0,0,4,15,16,3,0,0
img_0974,0,0,2,13,10,0,0,0,0,0,10,13,0,0,0,0,0,0,16,6,0,0,0,0,0,3,16,8,2,0,0,0,0,7,16,16,16,11,0,0,0,4,16,2,4,11,9,0,0,1,13,11,8,12,12,0,0,0,1,12,16,14,4,0
img_0975,0,0,2,16,12,1,0,0,0,0,11,15,13,11,0,0,0,2,16,9,0,14,2,0,0,4,16,12,0,11,5,0,0,4,16,6,0,12,7,0,0,0,15,1,1,15,9,0,0,0,10,9,10,15,2,0,0,0,2,13,16,8,0,0
img_0976,0,0,2,12,8,0,0,0,0,0,12,13,5,0,0,0,0,1,16,1,0,0,0,0,0,2,14,0,0,0,0,0,0,2,16,5,10,10,4,0,0,0,16,14,8,6,13,0,0,0,13,9,2,4,14,0,0,0,3,10,16,16,7,0
img_0977,0,1,8,12,16,16,3,0,0,5,14,8,10,15,0,0,0,0,2,5,14,12,2,0,0,3,15,16,15,12,8,0,0,3,6,14,7,0,0,0,0,0,2,15,1,0,0,0,0,0,10,8,0,0,0,0,0,0,14,4,0,0,0,0
img_0978,0,0,1,13,16,10,0,0,0,0,8,14,13,14,0,0,0,1,15,5,5,15,0,0,0,7,12,0,9,11,0,0,0,1,2,11,15,16,7,0,0,0,4,15,16,9,1,0,0,0,0,10,11,0,0,0,0,0,1,15,7,0,0,0
img_0979,0,0,3,14,15,9,0,0,0,0,10,16,16,13,0,0,0,2,13,16,16,4,0,0,0,0,12,16,16,4,0,0,0,2,13,16,16,4,0,0,0,0,12,16,16,4,0,0,0,0,6,16,16,16,6,0,0,0,2,10,16,16,2,0
img_0980,0,4,12,13,13,6,0,0,0,6,14,8,13,16,0,0,0,0,0,0,11,16,2,0,0,0,0,0,16,15,0,0,0,0,0,0,12,16,3,0,0,0,0,0,4,16,9,0,0,0,1,4,12,16,8,0,0,2,13,16,12,6,0,0
img_0981,0,0,0,14,15,1,0,0,0,0,6,16,11,0,0,0,0,0,13,15,2,0,0,0,0,0,16,12,0,0,0,0,0,3,16,16,16,10,1,0,0,2,16,12,4,11,12,0,0,0,10,14,6,14,15,0,0,0,1,13,16,16,10,0
img_0982,0,0,0,5,13,1,0,0,0,0,1,15,12,0,0,0,0,0,4,16,5,0,0,0,0,0,11,14,3,0,0,0,0,0,11,16,16,4,0,0,0,0,11,11,5,13,0,0,0,0,6,13,7,15,0,0,0,0,0,5,14,9,0,0
img_0983,0,0,0,6,13,7,0,0,0,0,10,13,6,15,0,0,0,0,12,8,4,12,0,0,0,0,0,1,15,3,0,0,0,0,0,10,15,2,0,0,0,0,0,1,5,15,2,0,0,0,14,10,2,5,11,0,0,0,2,7,13,15,8,0
img_0984,0,6,16,16,15,7,0,0,0,2,11,12,16,16,5,0,0,0,0,0,14,15,2,0,0,0,0,1,16,11,0,0,0,0,0,0,14,14,0,0,0,0,0,0,5,16,9,0,0,0,3,7,12,16,7,0,0,3,16,16,15,11,1,0
img_0985,0,0,8,16,16,12,0,0,0,0,16,13,10,16,3,0,0,0,12,1,2,16,4,0,0,0,0,0,6,15,0,0,0,0,0,1,15,10,0,0,0,0,0,9,15,2,0,0,0,1,11,16,12,8,8,1,0,0,11,16,16,16,12,1
img_0986,0,0,0,13,9,0,0,0,0,0,8,15,5,0,0,0,0,0,14,8,0,0,0,0,0,2,16,3,0,2,0,0,0,0,16,13,16,16,6,0,0,1,16,11,4,7,12,0,0,0,11,12,5,13,9,0,0,0,1,12,15,11,2,0
img_0987,0,0,6,14,16,13,0,0,0,0,9,9,9,15,0,0,0,0,0,0,14,9,0,0,0,0,2,10,16,16,12,0,0,0,13,16,12,7,3,0,0,0,3,14,6,0,0,0,0,0,6,16,2,0,0,0,0,0,10,13,0,0,0,0
img_0988,0,0,10,12,14,1,0,0,0,0,16,16,16,12,0,0,0,5,16,8,3,16,0,0,0,8,13,0,0,8,7,0,0,8,12,0,0,6,8,0,0,8,13,0,4,12,8,0,0,7,16,16,16,13,0,0,0,0,11,14,8,1,0,0
img_0989,0,0,0,8,16,16,7,0,0,0,15,16,10,8,1,0,0,3,16,12,5,0,0,0,0,8,16,16,16,3,0,0,0,8,11,2,13,9,0,0,0,0,0,0,11,13,0,0,0,0,0,0,12,11,0,0,0,0,0,11,14,2,0,0
img_0990,0,0,0,0,5,14,3,0,0,0,0,0,9,16,8,0,0,0,0,9,16,16,5,0,0,1,13,15,12,16,1,0,0,4,12,3,10,15,0,0,0,0,0,0,11,12,0,0,0,0,0,0,8,12,0,0,0,0,0,0,5,13,4,0
img_0991,0,0,0,10,12,0,0,0,0,0,4,16,5,3,3,0,0,0,15,7,0,13,11,0,0,7,14,1,7,16,8,0,0,9,13,5,15,13,1,0,0,11,16,16,16,1,0,0,0,0,4,9,16,0,0,0,0,0,0,11,15,0,0,0
img_0992,0,0,10,9,0,0,0,0,0,0,8,16,2,0,0,0,0,0,8,16,6,0,0,0,0,0,5,16,13,1,0,0,0,0,1,5,14,6,0,0,0,0,0,0,8,11,0,0,0,0,8,12,9,16,6,4,0,0,7,16,16,16,16,14
img_0993,0,0,0,12,5,0,0,0,0,0,2,15,7,0,0,0,0,0,7,16,8,0,0,0,0,0,15,15,8,4,0,0,0,0,15,16,16,15,3,0,0,1,16,13,4,11,11,0,0,0,11,14,9,15,11,0,0,0,1,14,16,15,6,0
img_0994,0,0,4,12,10,1,0,0,0,3,16,13,15,10,0,0,0,5,16,2,1,14,3,0,0,8,13,0,0,10,8,0,0,8,12,0,0,8,8,0,0,8,14,0,0,11,8,0,0,3,16,14,13,16,2,0,0,0,8,16,13,5,0,0
img_0995,0,0,5,10,14,16,11,0,0,2,15,15,5,4,1,0,0,2,16,9,4,1,0,0,0,2,16,16,16,11,0,0,0,2,9,1,0,14,4,0,0,0,0,0,1,14,3,0,0,0,0,2,13,7,0,0,0,0,7,14,7,0,0,0
img_0996,0,1,10,15,16,11,0,0,0,8,11,4,7,14,0,0,0,7,1,2,13,7,0,0,0,0,0,10,16,6,0,0,0,0,0,0,1,14,5,0,0,0,0,0,0,7,9,0,0,0,2,0,3,11,7,0,0,0,15,16,16,7,0,0
img_0997,0,0,5,15,14,13,2,0,0,0,12,15,9,7,1,0,0,5,16,8,0,0,0,0,0,9,16,16,7,0,0,0,0,6,12,14,7,0,0,0,0,0,0,11,6,0,0,0,0,0,2,16,3,0,0,0,0,0,7,14,0,0,0,0
img_0998,0,6,13,5,8,8,1,0,0,8,16,16,16,16,6,0,0,6,16,9,6,4,0,0,0,6,16,16,15,5,0,0,0,0,4,5,15,12,0,0,0,0,0,3,16,9,0,0,0,1,8,13,15,3,0,0,0,4,16,15,3,0,0,0
img_0999,0,0,1,7,13,10,0,0,0,2,13,14,14,16,4,0,0,4,16,5,12,16,2,0,0,0,6,11,12,16,5,0,0,0,0,0,0,15,8,0,0,1,1,0,0,13,11,0,0,0,12,8,4,13,8,0,0,0,0,7,15,16,10,0
img_1000,0,0,12,16,15,1,0,0,0,5,16,10,15,8,0,0,0,1,7,3,14,6,0,0,0,0,0,12,16,7,0,0,0,0,0,3,13,16,6,0,0,0,4,0,0,15,11,0,0,2,16,10,11,16,7,0,0,0,10,16,16,10,1,0
img_1001,0,0,1,14,9,0,0,0,0,0,14,15,3,0,0,0,0,1,16,10,0,0,0,0,0,5,14,13,15,10,0,0,0,8,16,2,3,14,5,0,0,5,16,4,0,12,6,0,0,0,10,13,2,14,6,0,0,0,2,12,16,11,1,0
img_1002,0,0,7,5,14,13,0,0,0,0,16,15,6,9,2,0,0,4,16,7,0,4,4,0,0,6,12,1,0,5,7,0,0,8,7,0,0,12,3,0,0,4,8,0,4,12,0,0,0,2,12,5,15,4,0,0,0,0,6,15,6,0,0,0
img_1003,0,0,9,15,14,2,0,0,0,0,9,3,9,8,0,0,0,0,0,0,6,10,0,0,0,0,0,10,15,2,0,0,0,0,2,10,11,15,2,0,0,3,1,0,0,14,4,0,0,10,13,7,2,12,4,0,0,0,7,14,16,10,0,0
img_1004,0,0,1,11,14,15,3,0,0,1,13,16,12,16,8,0,0,8,16,4,6,16,5,0,0,5,15,11,13,14,0,0,0,0,2,12,16,13,0,0,0,0,0,13,16,16,6,0,0,0,0,16,16,16,7,0,0,0,0,11,13,12,1,0
img_1005,0,0,0,2,15,7,0,0,0,0,0,11,15,2,5,0,0,0,5,16,6,6,16,0,0,2,16,10,4,13,13,0,0,13,16,16,16,16,10,0,0,6,4,4,11,16,4,0,0,0,0,0,14,14,0,0,0,0,0,3,16,7,0,0
img_1006,0,0,0,10,10,0,0,0,0,0,6,15,3,0,0,0,0,0,15,6,5,1,0,0,0,7,15,2,16,3,5,0,0,11,11,6,16,15,10,0,0,12,16,16,16,8,1,0,0,4,8,13,12,0,0,0,0,0,0,13,9,0,0,0
img_1007,0,0,7,16,12,0,0,0,0,1,16,7,13,3,0,0,0,0,15,2,10,6,0,0,0,0,4,0,12,5,0,0,0,0,0,0,15,1,0,0,0,0,0,5,13,0,0,0,0,0,6,15,14,8,7,1,0,0,6,13,12,12,15,12
img_1008,0,0,2,15,15,4,0,0,0,0,11,10,14,9,0,0,0,0,1,0,11,9,0,0,0,0,0,3,15,4,0,0,0,0,1,16,16,14,6,0,0,0,0,8,13,6,1,0,0,0,0,9,7,0,0,0,0,0,1,15,2,0,0,0
img_1009,0,0,4,16,16,16,3,0,0,0,7,12,13,16,8,0,0,0,0,0,1,16,5,0,0,1,4,4,7,16,1,0,0,10,16,16,16,16,9,0,0,5,11,13,16,10,2,0,0,0,0,11,13,0,0,0,0,0,5,13,3,0,0,0
img_1010,0,0,15,12,11,6,2,0,0,4,16,15,12,12,10,0,0,7,14,1,0,0,0,0,0,10,12,3,1,0,0,0,0,8,16,16,14,2,0,0,0,1,8,8,16,8,0,0,0,0,1,11,15,2,0,0,0,0,13,16,6,0,0,0
img_1011,0,1,15,16,10,0,0,0,0,7,15,10,16,0,0,0,0,4,12,1,16,4,0,0,0,0,2,3,16,1,0,0,0,0,0,4,15,0,0,0,0,0,0,11,12,0,0,0,0,0,11,16,14,14,15,3,0,1,15,16,16,16,16,5
img_1012,0,0,10,16,16,14,0,0,0,4,16,14,10,8,0,0,0,13,16,8,1,0,0,0,0,12,16,16,13,2,0,0,0,3,8,9,16,5,0,0,0,0,0,3,16,6,0,0,0,0,5,12,15,2,0,0,0,0,12,15,5,0,0,0
img_1013,0,0,10,15,6,0,0,0,0,2,16,14,16,7,0,0,0,4,16,8,5,16,1,0,0,5,12,0,0,12,8,0,0,8,9,0,0,12,8,0,0,5,12,0,1,15,3,0,0,4,13,4,12,13,0,0,0,0,9,16,13,4,0,0
img_1014,0,1,10,15,15,5,0,0,0,11,16,9,12,10,0,0,0,15,6,0,14,7,0,0,0,0,0,6,16,5,0,0,0,0,1,15,11,0,0,0,0,0,5,16,4,0,0,0,0,1,15,11,8,12,14,1,0,1,15,16,16,12,5,0
img_1015,0,0,3,12,5,0,0,0,0,1,15,14,16,6,0,0,0,6,16,0,6,16,6,0,0,5,16,11,14,16,4,0,0,0,8,10,12,16,0,0,0,0,1,1,7,15,1,0,0,0,8,10,10,16,2,0,0,0,2,13,14,7,0,0
img_1016,0,0,4,15,14,4,0,0,0,1,14,8,10,13,1,0,0,5,13,0,0,16,3,0,0,6,12,0,0,13,3,0,0,7,12,0,0,14,3,0,0,1,16,0,0,14,3,0,0,0,10,11,12,14,0,0,0,0,1,11,12,3,0,0
img_1017,0,0,8,15,16,11,0,0,0,2,16,10,4,14,4,0,0,6,16,2,0,8,8,0,0,10,12,0,0,11,6,0,0,9,11,0,0,15,6,0,0,8,12,0,7,15,1,0,0,2,15,7,15,9,0,0,0,0,10,16,12,1,0,0
img_1018,0,0,2,16,15,5,0,0,0,0,10,16,14,15,0,0,0,0,15,10,0,16,7,0,0,4,16,1,0,12,5,0,0,4,15,0,0,12,5,0,0,5,16,6,0,16,0,0,0,0,14,13,8,15,0,0,0,0,3,14,16,6,0,0
img_1019,0,0,2,14,13,1,0,0,0,0,14,16,13,11,0,0,0,4,16,11,1,13,3,0,0,5,16,3,0,10,9,0,0,6,13,0,0,9,11,0,0,2,15,0,1,15,8,0,0,0,11,12,15,15,1,0,0,0,2,13,16,5,0,0
img_1020,0,0,0,1,14,5,0,0,0,0,0,11,11,0,0,0,0,0,9,12,1,0,0,0,0,5,15,1,0,2,4,0,0,14,7,0,0,13,10,0,0,15,16,16,16,16,5,0,0,3,8,8,15,10,0,0,0,0,0,3,15,2,0,0
img_1021,0,0,6,12,11,0,0,0,0,2,16,14,14,11,0,0,0,8,15,1,8,16,0,0,0,3,15,5,11,16,5,0,0,0,11,16,15,14,8,0,0,0,4,2,3,6,12,0,0,2,16,13,10,14,12,0,0,0,8,12,13,13,5,0
img_1022,0,0,0,0,5,15,3,0,0,0,0,3,15,16,4,0,0,3,13,16,14,16,1,0,0,2,7,4,8,16,0,0,0,0,0,0,8,14,0,0,0,0,0,0,7,16,1,0,0,0,0,0,9,16,6,0,0,0,0,0,8,15,2,0
img_1023,0,0,6,14,14,13,11,0,0,0,14,12,5,4,2,0,0,3,16,16,4,0,0,0,0,2,11,11,16,3,0,0,0,0,0,0,7,10,0,0,0,0,0,0,1,11,0,0,0,0,3,7,12,8,0,0,0,0,7,14,11,1,0,0
img_1024,0,0,10,12,12,15,4,0,0,0,16,8,8,5,3,0,0,4,15,8,6,0,0,0,0,6,15,12,14,8,0,0,0,0,1,0,2,16,0,0,0,0,0,0,0,14,3,0,0,0,11,4,8,15,3,0,0,0,10,16,15,5,0,0
img_1025,0,0,5,14,15,4,0,0,0,0,8,16,16,14,0,0,0,0,5,16,16,9,0,0,0,0,0,15,16,1,0,0,0,0,1,16,13,0,0,0,0,0,11,15,14,5,0,0,0,0,12,12,8,15,1,0,0,0,5,16,16,16,2,0
img_1026,0,0,2,15,14,1,0,0,0,0,11,16,16,4,0,0,0,4,16,16,16,1,0,0,0,7,16,16,14,0,0,0,0,9,16,16,11,0,0,0,0,1,13,16,9,0,0,0,0,0,5,16,5,0,0,0,0,0,2,14,9,0,0,0
img_1027,0,0,7,15,15,5,0,0,0,6,16,12,16,12,0,0,0,1,7,0,16,10,0,0,0,0,0,10,15,0,0,0,0,0,1,16,7,0,0,0,0,0,10,13,1,5,1,0,0,0,12,12,13,15,3,0,0,0,10,16,13,3,0,0
img_1028,0,4,7,13,16,16,4,0,0,11,16,14,9,2,0,0,0,14,5,0,0,0,0,0,0,12,8,0,0,0,0,0,0,9,12,0,0,0,0,0,0,2,13,16,9,0,0,0,0,1,3,14,16,3,0,0,0,4,14,16,13,0,0,0
img_1029,0,4,15,11,1,0,0,0,0,8,16,16,4,0,0,0,0,2,6,13,8,0,0,0,0,0,0,8,5,0,0,0,0,0,0,11,4,0,0,0,0,0,5,16,0,0,0,0,0,2,13,16,13,12,6,0,0,5,16,15,16,12,3,0
img_1030,0,0,1,8,10,15,11,0,0,2,14,15,13,16,7,0,0,0,6,0,6,14,2,0,0,0,0,3,11,12,2,0,0,0,2,16,16,15,8,0,0,0,3,13,15,2,0,0,0,0,0,13,10,0,0,0,0,0,1,16,5,0,0,0
img_1031,0,2,15,15,6,0,0,0,0,0,10,13,16,5,0,0,0,0,0,2,16,9,0,0,0,0,0,3,16,11,0,0,0,0,0,0,13,14,1,0,0,0,0,0,7,16,5,0,0,1,4,6,13,15,1,0,0,3,15,14,11,2,0,0
img_1032,0,0,6,12,13,6,0,0,0,6,16,9,12,16,2,0,0,7,16,9,15,13,0,0,0,0,11,15,16,4,0,0,0,0,0,12,10,0,0,0,0,0,3,16,4,0,0,0,0,0,1,16,2,0,0,0,0,0,6,11,0,0,0,0
img_1033,0,0,0,11,16,6,0,0,0,0,10,16,10,0,0,0,0,0,16,3,0,0,0,0,0,5,14,0,3,0,0,0,0,2,16,16,13,12,1,0,0,2,15,3,0,8,7,0,0,0,8,8,0,10,7,0,0,0,1,11,12,15,4,0
img_1034,0,0,7,15,16,12,0,0,0,4,16,11,12,12,0,0,0,2,7,1,13,11,0,0,0,0,0,13,16,6,0,0,0,0,0,11,15,16,3,0,0,0,0,0,1,15,8,0,0,0,5,16,12,15,8,0,0,0,7,16,16,13,2,0
img_1035,0,0,0,3,16,2,0,0,0,0,0,10,13,3,8,0,0,0,1,16,5,9,16,0,0,2,12,14,5,15,9,0,0,12,16,16,16,16,7,0,0,5,5,6,14,16,0,0,0,0,0,1,13,12,0,0,0,0,0,3,16,4,0,0
img_1036,0,0,3,13,16,5,0,0,0,6,15,9,15,7,0,0,0,0,0,6,16,10,0,0,0,0,7,14,16,3,0,0,0,0,9,16,16,14,3,0,0,0,0,3,2,15,10,0,0,0,4,5,12,16,14,0,0,0,5,13,14,8,2,0
img_1037,0,0,3,12,12,3,0,0,0,0,4,16,16,4,0,0,0,0,5,16,16,5,0,0,0,0,11,16,15,0,0,0,0,0,12,16,14,0,0,0,0,0,13,16,9,0,0,0,0,0,7,16,10,1,0,0,0,0,5,13,14,4,0,0
img_1038,0,0,2,11,13,4,0,0,0,1,13,7,8,15,0,0,0,6,11,0,5,13,0,0,0,9,7,2,14,14,0,0,0,3,14,15,8,15,1,0,0,0,0,0,0,11,5,0,0,0,11,7,0,10,7,0,0,0,4,10,15,15,3,0
img_1039,0,0,3,11,13,1,0,0,0,6,16,11,13,6,0,0,1,16,8,0,11,4,0,0,0,4,4,0,16,0,0,0,0,0,0,5,11,0,0,0,0,0,0,8,9,0,0,0,0,0,0,12,9,4,5,0,0,0,1,14,13,12,15,5
img_1040,0,0,9,15,6,0,0,0,0,2,16,16,16,7,0,0,0,4,14,5,11,13,0,0,0,7,12,0,0,12,4,0,0,8,11,0,0,7,5,0,0,4,13,1,1,10,6,0,0,2,16,15,15,14,1,0,0,0,8,15,11,4,0,0
img_1041,0,0,1,11,10,0,0,0,0,0,13,10,0,0,0,0,0,3,13,0,0,0,0,0,0,5,11,0,0,0,0,0,0,5,14,12,12,7,0,0,0,0,16,12,5,11,10,0,0,0,10,11,4,10,12,0,0,0,1,12,16,12,3,0
img_1042,0,0,1,12,12,4,1,0,0,0,13,13,13,14,8,0,0,6,15,0,0,12,7,0,0,2,16,13,12,13,1,0,0,0,0,14,16,9,0,0,0,0,6,10,2,16,0,0,0,0,11,8,5,16,0,0,0,0,3,12,16,7,0,0
img_1043,0,0,2,11,10,1,0,0,0,0,10,13,14,13,0,0,0,0,13,0,0,14,5,0,0,3,9,0,0,9,6,0,0,5,9,0,0,5,8,0,0,6,12,0,0,8,4,0,0,0,14,11,5,14,1,0,0,0,3,13,14,5,0,0
img_1044,0,0,9,16,16,16,4,0,0,0,8,16,5,4,0,0,0,1,15,9,0,0,0,0,0,9,15,8,7,3,0,0,0,3,12,12,14,16,5,0,0,0,0,0,1,11,12,0,0,0,1,2,1,11,10,0,0,0,9,16,16,16,4,0
img_1045,0,0,9,16,11,0,0,0,0,1,16,13,15,7,0,0,0,7,16,6,4,16,3,0,0,9,14,0,0,11,10,0,0,8,13,0,0,7,13,0,0,7,13,0,0,7,16,0,0,3,16,7,7,15,6,0,0,0,9,16,16,10,0,0
img_1046,0,0,5,16,15,3,0,0,0,0,13,15,14,7,0,0,0,0,13,4,13,8,0,0,0,0,0,0,16,5,0,0,0,0,0,7,16,0,0,0,0,0,6,15,9,0,0,0,0,2,16,16,16,9,13,3,0,0,5,2,9,16,14,3
img_1047,0,1,5,11,15,4,0,0,0,8,16,13,6,2,0,0,0,11,7,0,0,0,0,0,0,11,16,16,11,2,0,0,0,0,4,4,5,12,3,0,0,0,0,0,0,5,11,0,0,0,1,6,0,10,11,0,0,0,2,12,16,15,2,0
img_1048,0,1,13,16,16,12,1,0,0,12,15,6,12,16,3,0,0,13,10,10,16,9,0,0,0,0,5,16,15,4,0,0,0,0,0,2,10,14,1,0,0,0,0,0,1,16,7,0,0,0,3,1,5,16,9,0,0,1,14,16,16,11,1,0
img_1049,0,0,10,9,14,10,0,0,0,2,15,15,4,14,2,0,0,0,13,5,9,12,0,0,0,0,4,16,14,2,0,0,0,0,11,12,10,0,0,0,0,0,15,1,12,0,0,0,0,3,12,2,13,0,0,0,0,0,9,16,7,0,0,0
img_1050,0,0,2,13,4,0,0,0,0,0,8,14,11,0,0,0,0,0,10,6,14,5,2,0,0,0,2,14,12,14,0,0,0,0,1,15,13,2,0,0,0,0,11,13,14,1,0,0,0,0,13,8,10,4,0,0,0,0,2,11,16,7,0,0
img_1051,0,0,5,12,16,15,2,0,0,6,15,9,10,15,4,0,0,3,14,3,1,14,4,0,0,0,10,16,15,13,1,0,0,0,6,15,15,10,0,0,0,0,15,3,2,15,3,0,0,0,16,8,1,14,4,0,0,0,4,15,16,11,2,0
img_1052,0,0,0,7,16,16,11,0,0,0,6,16,16,16,16,0,0,0,11,16,16,16,9,0,0,0,2,9,11,14,10,0,0,0,0,0,0,10,6,0,0,0,0,0,4,11,1,0,0,0,0,2,14,2,0,0,0,0,0,11,3,0,0,0
img_1053,0,0,6,10,8,3,0,0,0,0,6,16,16,9,0,0,0,0,9,16,16,6,0,0,0,0,7,16,16,10,0,0,0,0,11,16,16,8,0,0,0,0,7,16,16,9,0,0,0,0,10,16,16,6,0,0,0,0,4,9,12,11,2,0
img_1054,0,0,1,8,15,11,3,0,0,0,11,12,9,14,11,0,0,2,14,0,0,13,6,0,0,7,15,8,12,9,0,0,0,0,6,13,16,8,0,0,0,0,0,13,9,15,4,0,0,0,0,16,8,14,3,0,0,0,0,11,15,8,0,0
img_1055,0,0,2,9,14,16,15,0,0,3,16,13,8,10,16,0,0,1,2,0,0,11,9,0,0,0,3,11,12,16,11,0,0,0,12,14,16,12,2,0,0,0,0,3,16,3,0,0,0,0,0,7,10,0,0,0,0,0,0,14,5,0,0,0
img_1056,0,0,2,13,16,8,0,0,0,1,13,16,10,7,0,0,0,5,16,9,0,0,0,0,0,7,16,7,0,0,0,0,0,9,16,16,13,1,0,0,0,5,16,6,14,9,0,0,0,0,13,12,14,15,0,0,0,0,3,12,16,11,0,0
img_1057,0,1,9,14,8,0,0,0,0,8,11,3,7,11,1,0,0,12,7,0,3,16,4,0,0,3,13,12,14,14,7,0,0,0,0,0,0,6,7,0,0,0,0,0,0,9,9,0,0,0,0,0,2,16,1,0,0,0,8,13,14,5,0,0
img_1058,0,1,8,10,14,10,0,0,0,12,10,6,6,16,2,0,0,3,0,0,7,14,1,0,0,0,0,0,9,11,0,0,0,0,0,0,2,16,1,0,0,0,0,0,0,8,12,0,0,0,4,0,2,11,9,0,0,0,12,16,14,12,4,0
img_1059,0,0,10,7,3,0,0,0,0,1,15,12,14,6,0,0,0,5,12,0,2,13,0,0,0,4,12,0,0,4,7,0,0,8,5,0,0,4,8,0,0,5,8,0,0,5,10,0,0,0,14,3,4,14,6,0,0,0,7,16,16,10,0,0
img_1060,0,0,16,8,0,0,0,0,0,2,16,13,0,0,0,0,0,2,16,16,6,0,0,0,0,0,8,16,10,0,0,0,0,0,0,14,12,0,0,0,0,0,0,10,16,2,0,0,0,0,5,12,16,11,8,3,0,0,12,16,16,16,16,9
img_1061,0,0,2,10,16,11,1,0,0,0,13,13,10,16,8,0,0,4,14,1,8,14,1,0,0,4,15,12,15,8,0,0,0,0,6,7,14,5,0,0,0,1,2,0,12,5,0,0,0,8,15,6,13,4,0,0,0,0,5,11,16,3,0,0
img_1062,0,0,6,14,16,6,0,0,0,6,16,16,8,15,0,0,0,7,14,14,12,14,0,0,0,0,13,10,16,6,0,0,0,0,4,16,10,0,0,0,0,0,11,13,16,2,0,0,0,0,15,5,15,4,0,0,0,0,8,16,15,1,0,0
img_1063,0,0,7,16,16,3,0,0,0,7,16,9,14,7,0,0,0,10,9,0,14,5,0,0,0,3,3,4,16,2,0,0,0,0,0,12,11,0,0,0,0,0,6,16,3,0,0,0,0,0,12,15,8,8,3,0,0,0,10,16,16,16,9,0
img_1064,0,0,5,14,1,0,0,0,0,0,9,16,4,0,0,0,0,0,12,16,4,0,0,0,0,0,12,16,8,0,0,0,0,0,9,16,11,0,0,0,0,0,0,8,16,2,0,0,0,0,3,8,15,13,11,8,0,0,5,16,16,16,16,10
img_1065,0,0,0,6,16,2,0,0,0,0,2,15,15,0,0,0,0,0,15,16,3,2,3,0,0,7,16,7,3,15,11,0,0,7,16,14,14,16,5,0,0,1,7,12,16,10,0,0,0,0,0,7,16,4,0,0,0,0,0,10,15,0,0,0
img_1066,0,0,0,7,14,16,5,0,0,0,7,16,12,16,8,0,0,0,4,2,1,16,4,0,0,0,3,12,12,16,8,0,0,0,12,16,16,15,5,0,0,0,5,5,13,6,0,0,0,0,0,2,14,0,0,0,0,0,0,9,8,0,0,0
img_1067,0,0,7,11,12,14,2,0,0,8,16,9,4,3,0,0,0,10,15,5,0,0,0,0,0,3,12,16,14,4,0,0,0,0,0,2,13,16,2,0,0,0,0,0,0,15,9,0,0,0,2,4,8,15,9,0,0,0,10,16,13,8,0,0
img_1068,0,0,0,9,11,0,0,0,0,0,1,16,11,0,0,0,0,0,6,16,1,0,0,0,0,0,11,11,6,7,1,0,0,0,13,14,15,16,8,0,0,0,12,13,5,5,13,0,0,0,6,14,8,15,12,0,0,0,0,10,16,12,2,0
img_1069,0,0,7,16,16,16,6,0,0,0,12,13,5,1,0,0,0,0,15,7,1,0,0,0,0,3,16,16,13,0,0,0,0,11,15,5,16,4,0,0,0,5,3,1,16,3,0,0,0,0,0,11,12,0,0,0,0,0,7,15,1,0,0,0
img_1070,0,0,5,15,13,12,4,0,0,0,11,16,16,14,0,0,0,0,16,16,16,8,0,0,0,4,16,16,15,3,0,0,0,2,16,16,8,0,0,0,0,0,16,15,3,0,0,0,0,0,10,16,4,0,0,0,0,0,8,15,3,0,0,0
img_1071,0,0,0,11,16,10,0,0,0,0,9,16,10,7,0,0,0,3,16,8,0,0,0,0,0,9,16,13,4,0,0,0,0,10,16,8,16,7,0,0,0,4,16,3,7,16,2,0,0,0,13,13,8,16,5,0,0,0,1,11,16,16,1,0
img_1072,0,0,1,14,6,0,0,0,0,0,7,16,1,0,0,0,0,0,13,10,0,0,0,0,0,0,14,7,0,0,0,0,0,3,16,10,8,3,0,0,0,0,16,13,12,14,7,0,0,0,14,9,4,11,13,0,0,0,2,12,16,12,4,0
img_1073,0,0,0,4,12,15,4,0,0,0,3,14,4,10,8,0,0,0,4,12,5,14,2,0,0,0,4,16,14,3,0,0,0,1,12,15,13,0,0,0,0,6,13,1,12,6,0,0,0,0,10,13,5,14,1,0,0,0,0,4,10,16,8,0
img_1074,0,0,5,15,5,0,0,0,0,0,12,11,13,8,0,0,0,0,11,9,10,16,0,0,0,0,3,15,16,16,1,0,0,0,0,0,0,14,6,0,0,0,0,0,0,13,8,0,0,0,6,3,0,14,6,0,0,0,2,13,16,15,3,0
img_1075,0,0,4,12,16,16,11,2,0,0,15,13,8,11,8,1,0,2,15,13,16,8,0,0,0,6,16,13,13,16,2,0,0,7,11,2,2,16,6,0,0,0,0,0,5,15,2,0,0,0,9,6,13,10,0,0,0,0,7,14,13,1,0,0
img_1076,0,0,5,12,12,9,3,0,0,0,8,16,16,16,4,0,0,0,9,16,16,14,1,0,0,0,11,16,16,12,0,0,0,0,12,16,16,12,0,0,0,0,11,16,16,12,0,0,0,0,4,16,16,12,0,0,0,0,6,12,12,6,0,0
img_1077,0,0,3,13,13,1,0,0,0,0,10,15,16,7,0,0,0,0,5,3,15,10,0,0,0,0,0,0,16,15,1,0,0,2,7,0,4,16,8,0,0,5,13,0,0,14,9,0,0,0,14,11,9,16,8,0,0,0,3,12,13,8,0,0
img_1078,0,0,7,16,16,16,13,0,0,0,8,9,8,15,15,0,0,0,0,0,4,16,7,0,0,0,4,8,12,16,5,0,0,3,16,16,16,14,7,0,0,0,3,8,16,3,0,0,0,0,0,15,13,0,0,0,0,0,7,16,3,0,0,0
img_1079,0,0,4,13,15,6,0,0,0,0,15,11,2,14,2,0,0,3,14,1,0,12,4,0,0,5,12,0,0,9,5,0,0,5,5,0,0,12,2,0,0,4,9,0,2,13,2,0,0,0,13,2,14,7,0,0,0,0,5,16,7,0,0,0
img_1080,0,2,13,16,16,10,0,0,2,15,12,7,10,16,0,0,0,3,1,0,12,13,0,0,0,0,0,3,16,4,0,0,0,0,0,13,9,0,0,0,0,0,6,15,3,0,0,0,0,0,16,10,6,8,8,1,0,2,15,16,16,12,12,1
img_1081,0,0,5,12,8,0,1,0,0,0,11,16,5,13,6,0,0,0,2,15,16,12,1,0,0,0,0,10,16,6,0,0,0,0,1,15,16,7,0,0,0,0,8,16,16,11,0,0,0,0,11,16,16,9,0,0,0,0,6,12,12,3,0,0
img_1082,0,0,6,14,4,0,0,0,0,0,11,16,10,0,0,0,0,0,8,14,16,2,0,0,0,0,1,12,12,11,0,0,0,0,0,0,0,11,3,0,0,0,0,0,0,5,11,0,0,0,1,4,4,7,16,2,0,0,7,16,16,13,11,1
img_1083,0,6,16,16,16,15,10,0,0,9,16,13,8,6,5,0,0,12,16,1,0,0,0,0,0,10,16,7,0,0,0,0,0,3,15,15,3,0,0,0,0,0,3,16,13,0,0,0,0,1,5,16,9,0,0,0,0,9,16,11,0,0,0,0
img_1084,0,0,3,8,11,11,1,0,0,0,3,16,16,12,0,0,0,0,2,15,16,12,0,0,0,0,0,16,16,7,0,0,0,0,1,15,16,10,0,0,0,0,1,16,16,6,0,0,0,0,3,16,16,5,0,0,0,0,2,15,16,6,0,0
img_1085,0,2,11,16,13,2,0,0,0,11,15,12,16,7,0,0,0,7,6,0,14,8,0,0,0,0,0,1,16,6,0,0,0,0,0,10,10,0,0,0,0,0,7,16,4,3,3,0,0,3,15,16,15,15,11,0,0,2,13,12,9,0,0,0
img_1086,0,3,16,16,12,12,6,0,0,0,4,4,5,14,8,0,0,0,0,0,11,11,0,0,0,0,0,4,16,3,0,0,0,0,0,0,12,11,0,0,0,0,0,0,9,14,0,0,0,0,3,7,15,4,0,0,0,3,16,14,4,0,0,0
img_1087,0,0,2,13,15,7,1,0,0,0,7,16,15,16,10,0,0,0,14,16,10,10,10,0,0,2,16,3,0,8,8,0,0,5,13,0,0,9,8,0,0,6,13,0,0,12,3,0,0,2,16,6,9,10,0,0,0,0,3,14,14,1,0,0
img_1088,0,0,13,16,16,16,8,0,0,2,16,13,8,4,1,0,0,7,16,1,0,0,0,0,0,11,15,12,5,0,0,0,0,5,16,16,16,3,0,0,0,0,0,6,16,2,0,0,0,0,3,15,9,0,0,0,0,0,11,14,0,0,0,0
img_1089,0,1,15,14,2,0,0,0,0,6,14,0,0,3,2,0,0,2,16,3,2,13,3,0,0,0,11,14,15,9,0,0,0,0,7,16,11,0,0,0,0,0,15,13,14,0,0,0,0,2,15,4,16,3,0,0,0,1,15,16,12,1,0,0
img_1090,0,0,9,14,15,6,0,0,0,2,16,12,1,13,0,0,0,3,12,7,0,8,4,0,0,6,11,4,0,7,2,0,0,4,9,0,0,12,1,0,0,3,9,0,4,11,0,0,0,1,12,5,12,3,0,0,0,0,6,14,5,0,0,0
img_1091,0,0,0,14,10,0,0,0,0,0,3,16,16,3,0,0,0,0,7,16,16,7,0,0,0,0,12,16,16,5,0,0,0,0,4,15,16,6,0,0,0,0,0,13,16,0,0,0,0,0,0,14,12,0,0,0,0,0,0,10,10,0,0,0
img_1092,0,0,5,13,13,8,0,0,0,0,16,11,13,16,6,0,0,1,16,5,2,14,9,0,0,0,9,16,16,15,0,0,0,0,10,16,14,14,0,0,0,5,15,4,0,16,6,0,0,6,14,7,6,16,4,0,0,0,7,15,16,10,0,0
img_1093,0,0,0,8,10,0,0,0,0,0,3,15,5,0,0,0,0,0,7,13,0,0,0,0,0,0,7,14,5,1,0,0,0,0,6,16,16,16,3,0,0,0,6,16,7,13,8,0,0,0,2,15,7,15,7,0,0,0,0,7,15,12,0,0
img_1094,0,4,16,15,1,0,0,0,0,6,14,16,4,0,0,0,0,0,0,16,8,0,0,0,0,0,3,16,6,0,0,0,0,0,6,16,1,0,0,0,0,0,13,11,0,0,0,0,0,3,16,16,12,10,5,0,0,3,16,16,16,16,8,0
img_1095,0,0,10,16,15,8,2,0,0,9,16,12,8,9,3,0,0,13,16,9,0,0,0,0,0,7,16,16,10,0,0,0,0,7,13,8,16,4,0,0,0,0,0,1,16,5,0,0,0,0,2,12,15,1,0,0,0,0,13,16,6,0,0,0
img_1096,0,0,5,11,16,12,0,0,0,0,16,12,4,3,0,0,0,4,16,6,3,0,0,0,0,4,15,16,16,9,0,0,0,0,0,0,3,16,6,0,0,0,0,0,0,11,6,0,0,0,0,1,8,15,1,0,0,0,6,16,13,1,0,0
img_1097,0,0,7,14,9,0,0,0,0,1,16,5,10,7,0,0,0,0,13,2,3,13,0,0,0,0,5,15,16,16,1,0,0,0,0,0,5,10,7,0,0,0,0,0,0,2,14,0,0,0,4,2,0,0,14,3,0,0,5,15,16,16,12,1
img_1098,0,0,1,9,16,6,0,0,0,4,14,10,11,10,0,0,0,12,10,0,13,6,0,0,0,6,7,4,16,5,0,0,0,0,0,0,7,12,1,0,0,0,0,0,0,8,10,0,0,0,8,13,3,0,14,3,0,0,0,8,16,16,13,3
img_1099,0,0,3,14,9,3,0,0,0,0,11,13,8,14,2,0,0,2,16,3,0,9,4,0,0,5,12,0,0,4,8,0,0,8,8,0,0,7,8,0,0,5,11,0,2,15,3,0,0,0,14,5,13,7,0,0,0,0,5,14,5,0,0,0
img_1100,0,0,7,12,11,1,0,0,0,0,12,10,5,14,0,0,0,6,13,13,3,15,0,0,0,8,9,11,16,8,0,0,0,1,11,10,9,11,1,0,0,0,0,0,0,13,6,0,0,0,0,0,0,10,12,0,0,0,8,12,16,13,2,0
img_1101,0,0,6,12,11,0,0,0,0,0,12,16,15,0,0,0,0,0,13,16,14,2,0,0,0,1,15,16,11,2,0,0,0,0,9,16,10,0,0,0,0,0,9,16,14,5,0,0,0,0,10,16,16,14,0,0,0,0,4,11,12,8,0,0
img_1102,0,0,10,16,16,8,0,0,0,0,5,8,13,13,0,0,0,0,0,0,9,13,0,0,0,0,0,2,13,12,0,0,0,0,2,15,16,16,7,0,0,0,0,13,13,5,1,0,0,0,1,14,5,0,0,0,0,0,9,13,1,0,0,0
img_1103,0,0,14,16,8,0,0,0,0,0,16,4,13,8,8,0,0,0,12,7,12,14,5,0,0,0,4,15,16,5,0,0,0,0,0,14,14,0,0,0,0,0,8,10,11,2,0,0,0,0,13,0,12,3,0,0,0,0,14,15,12,1,0,0
img_1104,0,0,0,6,14,10,0,0,0,0,3,16,7,13,2,0,0,0,4,16,3,14,1,0,0,0,0,11,16,9,0,0,0,0,5,14,16,6,0,0,0,3,15,4,1,13,4,0,0,2,14,11,5,5,12,0,0,0,0,6,10,15,15,0
img_1105,0,0,4,14,14,0,0,0,0,5,16,16,16,5,1,0,0,9,13,0,13,16,2,0,0,3,16,13,15,5,0,0,0,0,7,16,13,0,0,0,0,0,10,13,14,7,0,0,0,0,10,11,10,15,0,0,0,0,4,13,11,3,0,0
img_1106,0,0,0,2,16,1,0,0,0,0,0,9,12,0,0,0,0,0,4,15,9,0,0,0,0,4,16,12,0,9,12,0,0,9,16,16,16,16,10,0,0,1,6,10,14,16,4,0,0,0,0,0,14,14,0,0,0,0,0,3,16,7,0,0
img_1107,0,0,10,16,15,0,0,0,0,4,14,8,16,1,0,0,0,0,1,4,16,0,2,0,0,0,3,11,16,16,13,0,0,0,12,16,11,7,2,0,0,0,6,16,0,0,0,0,0,0,7,15,0,0,0,0,0,0,12,11,0,0,0,0
img_1108,0,0,0,11,4,0,0,0,0,0,1,16,4,3,0,0,0,0,10,9,16,4,0,0,0,2,14,5,16,2,0,0,0,8,13,7,16,11,2,0,0,10,16,16,16,14,1,0,0,0,0,11,13,0,0,0,0,0,0,11,7,0,0,0
img_1109,0,0,6,14,15,7,0,0,0,3,15,6,2,14,3,0,0,4,13,0,1,16,4,0,0,0,10,11,9,16,6,0,0,0,1,8,10,14,5,0,0,0,0,0,0,8,11,0,0,1,12,5,0,10,11,0,0,0,7,13,16,16,4,0
img_1110,0,0,4,14,14,2,0,0,0,5,16,11,7,10,0,0,0,4,16,4,0,11,1,0,0,7,14,1,0,7,5,0,0,4,10,0,0,7,7,0,0,1,12,0,0,12,3,0,0,0,9,6,6,13,0,0,0,0,0,10,14,4,0,0
img_1111,0,0,0,3,16,2,0,0,0,0,0,12,12,0,0,0,0,0,5,16,2,5,12,0,0,3,15,8,0,11,13,0,0,9,16,4,7,16,8,0,0,9,16,16,16,16,2,0,0,0,0,0,13,12,0,0,0,0,0,1,16,9,0,0
img_1112,0,0,2,14,1,0,0,0,0,0,11,12,1,0,0,0,0,1,15,4,0,0,0,0,0,5,13,0,0,0,0,0,0,7,12,12,16,13,2,0,0,4,16,12,6,6,11,0,0,0,14,9,0,5,13,0,0,0,3,11,15,14,1,0
img_1113,0,0,0,5,15,4,0,0,0,0,1,15,11,0,0,0,0,0,12,14,2,0,0,0,0,5,16,7,7,10,0,0,0,12,16,16,16,12,0,0,0,11,12,14,16,14,1,0,0,0,0,0,16,9,0,0,0,0,0,4,16,6,0,0
img_1114,0,0,2,14,14,0,0,0,0,0,7,16,7,0,0,0,0,0,13,12,0,0,0,0,0,1,16,8,4,2,0,0,0,4,16,16,16,15,3,0,0,2,16,12,4,6,16,2,0,0,13,8,3,6,16,6,0,0,2,13,14,16,12,1
img_1115,0,0,0,12,14,1,0,0,0,0,9,16,10,5,0,0,0,0,8,13,5,14,0,0,0,0,2,14,16,16,4,0,0,0,0,0,4,10,10,0,0,0,0,0,0,4,16,0,0,0,2,6,4,9,16,0,0,0,1,11,16,15,7,0
img_1116,0,0,4,13,13,4,0,0,0,0,16,10,10,8,0,0,0,0,14,7,6,11,0,0,0,0,6,15,15,16,2,0,0,0,0,0,0,11,5,0,0,0,0,0,0,7,9,0,0,1,4,4,6,12,10,0,0,1,6,11,15,12,1,0
img_1117,0,0,7,16,15,4,0,0,0,0,14,16,9,15,2,0,0,1,15,12,1,9,8,0,0,4,16,0,0,7,10,0,0,7,13,0,0,10,11,0,0,7,12,0,2,15,6,0,0,3,15,12,14,14,1,0,0,0,10,16,14,4,0,0
img_1118,0,0,0,0,14,13,1,0,0,0,0,5,16,16,2,0,0,0,0,14,16,12,0,0,0,1,10,16,16,12,0,0,0,3,12,14,16,9,0,0,0,0,0,5,16,15,0,0,0,0,0,4,16,14,0,0,0,0,0,1,13,16,1,0
img_1119,0,0,8,14,16,16,2,0,0,0,11,6,7,16,1,0,0,0,0,0,10,12,0,0,0,1,11,16,16,16,12,0,0,2,12,13,13,2,0,0,0,0,1,14,4,0,0,0,0,0,8,12,0,0,0,0,0,0,12,7,0,0,0,0
img_1120,0,0,3,12,16,16,15,0,0,0,9,10,7,12,14,0,0,0,0,0,2,15,6,0,0,0,0,0,11,13,0,0,0,1,9,9,16,11,1,0,0,13,16,16,16,16,4,0,0,0,1,16,7,0,0,0,0,0,6,16,2,0,0,0
img_1121,0,1,8,15,16,16,9,0,0,8,16,12,8,8,5,0,0,8,14,7,0,0,0,0,0,9,16,16,12,0,0,0,0,8,13,8,16,3,0,0,0,0,0,1,16,4,0,0,0,0,0,8,15,1,0,0,0,0,12,15,5,0,0,0
img_1122,0,0,0,16,6,0,0,0,0,0,3,16,6,0,0,0,0,0,9,16,0,0,0,0,0,0,12,16,12,9,1,0,0,0,15,16,14,13,12,0,0,0,14,15,7,0,15,6,0,0,9,14,4,7,15,8,0,0,1,13,16,16,12,1
img_1123,0,0,9,13,11,1,0,0,0,0,6,4,9,14,1,0,0,0,1,5,0,11,4,0,0,0,13,14,0,7,5,0,0,3,14,1,0,10,4,0,0,3,14,0,2,15,1,0,0,2,13,8,12,11,0,0,0,0,8,14,10,1,0,0
img_1124,0,0,10,12,0,0,0,0,0,0,8,16,1,0,0,0,0,0,9,16,1,0,0,0,0,0,12,16,5,0,0,0,0,0,13,16,10,0,0,0,0,0,1,10,15,0,0,0,0,0,7,12,16,12,12,4,0,0,7,16,16,16,16,11
img_1125,0,0,0,1,15,3,0,0,0,0,0,8,13,0,9,7,0,0,2,15,4,0,15,5,0,2,13,14,11,10,15,0,0,11,15,13,16,16,10,0,0,0,0,0,3,16,5,0,0,0,0,0,9,14,0,0,0,0,0,2,16,6,0,0
img_1126,0,0,11,8,12,5,0,0,0,1,15,11,6,14,2,0,0,4,11,0,0,9,4,0,0,4,8,0,0,8,6,0,0,6,7,0,0,11,3,0,0,5,8,0,5,13,0,0,0,3,13,5,15,3,0,0,0,0,9,14,4,0,0,0
img_1127,0,0,6,8,11,14,14,0,0,1,16,16,13,12,7,0,0,0,16,7,1,0,0,0,0,4,16,16,15,1,0,0,0,1,5,6,13,9,0,0,0,0,6,0,12,9,0,0,0,0,12,10,16,4,0,0,0,0,10,14,8,0,0,0
img_1128,0,0,0,9,15,12,1,0,0,1,11,12,5,15,4,0,0,6,14,0,0,13,7,0,0,5,16,12,12,16,4,0,0,0,3,8,14,8,0,0,0,0,0,2,15,1,0,0,0,0,0,9,10,0,0,0,0,0,0,10,9,0,0,0
img_1129,0,0,10,15,1,0,0,0,0,0,11,16,1,0,0,0,0,1,16,16,1,0,0,0,0,0,8,16,5,0,0,0,0,0,0,14,10,0,0,0,0,0,0,10,14,0,0,0,0,0,5,11,15,6,4,1,0,0,10,16,16,16,16,10
img_1130,0,0,15,12,3,0,0,0,0,0,15,9,14,1,0,0,0,0,12,10,15,1,0,0,0,0,5,16,4,10,7,0,0,0,0,11,14,11,0,0,0,0,1,12,13,11,0,0,0,0,12,6,0,9,4,0,0,0,15,4,5,13,6,0
img_1131,0,0,8,16,13,0,0,0,0,0,7,14,16,4,0,0,0,0,1,12,16,13,12,1,0,0,11,16,16,14,9,0,0,0,10,16,14,1,0,0,0,0,0,14,9,0,0,0,0,0,3,16,1,0,0,0,0,0,12,9,0,0,0,0
img_1132,0,0,0,8,15,0,0,0,0,0,3,15,3,0,0,0,0,0,12,10,0,1,0,0,0,4,16,4,11,11,0,0,0,11,15,2,14,10,1,0,0,13,16,16,16,13,1,0,0,0,4,12,12,0,0,0,0,0,0,11,9,0,0,0
img_1133,0,0,0,15,8,0,0,0,0,0,5,15,2,13,5,0,0,0,13,9,2,15,2,0,0,4,14,1,10,12,2,0,0,10,14,8,16,16,10,0,0,10,16,16,15,5,0,0,0,0,2,12,8,0,0,0,0,0,0,16,5,0,0,0
img_1134,0,0,6,14,11,1,0,0,0,0,15,5,6,15,0,0,0,4,16,0,0,9,3,0,0,8,9,0,0,4,8,0,0,7,8,0,0,4,8,0,0,4,8,0,0,9,4,0,0,1,13,2,3,14,0,0,0,0,5,14,15,4,0,0
img_1135,0,0,7,15,15,6,0,0,0,4,16,16,11,15,0,0,0,7,16,10,10,16,1,0,0,3,11,16,16,6,0,0,0,1,15,16,10,0,0,0,0,5,16,5,14,0,0,0,0,1,13,3,14,1,0,0,0,0,5,15,15,2,0,0
img_1136,0,0,4,12,16,14,7,0,0,2,16,6,0,7,12,0,0,0,7,0,3,13,3,0,0,0,0,1,16,6,0,0,0,0,0,0,9,12,0,0,0,0,2,0,0,13,5,0,0,3,16,7,1,12,4,0,0,0,3,12,16,15,2,0
img_1137,0,0,7,16,12,1,0,0,0,0,16,11,16,8,0,0,0,0,3,9,16,6,0,0,0,0,0,13,16,15,1,0,0,0,1,2,5,14,8,0,0,5,14,0,0,9,15,0,0,4,16,7,6,13,14,0,0,0,7,16,16,16,4,0
img_1138,0,0,0,6,9,0,0,0,0,0,2,15,8,0,0,0,0,0,4,16,5,0,0,0,0,0,9,12,7,12,2,0,0,0,9,16,15,13,6,0,0,0,13,14,2,13,6,0,0,0,14,15,13,16,4,0,0,0,1,10,16,10,0,0
img_1139,0,0,5,16,15,1,0,0,0,1,15,9,10,12,0,0,0,3,16,1,0,16,4,0,0,6,16,0,0,11,6,0,0,3,16,1,0,11,8,0,0,4,16,4,3,15,4,0,0,1,13,13,13,14,1,0,0,0,4,13,14,1,0,0
img_1140,0,0,0,3,16,5,0,0,0,0,3,14,10,0,9,11,0,1,13,11,0,2,15,8,0,7,16,9,11,16,15,1,0,6,15,13,12,16,9,0,0,0,0,0,8,15,2,0,0,0,0,1,15,7,0,0,0,0,0,5,15,2,0,0
img_1141,0,0,9,16,10,1,0,0,0,0,8,3,16,4,0,0,0,0,0,5,14,2,0,0,0,0,2,16,15,7,0,0,0,0,0,0,3,15,2,0,0,4,6,0,0,13,7,0,0,6,13,1,5,16,3,0,0,0,10,16,15,5,0,0
img_1142,0,0,0,12,11,1,0,0,0,0,3,16,13,10,0,0,0,0,8,9,1,12,0,0,0,2,16,9,0,10,5,0,0,4,16,8,0,7,8,0,0,1,16,3,0,10,7,0,0,0,8,13,9,16,6,0,0,0,1,10,16,13,1,0
img_1143,0,0,0,1,9,14,7,0,0,0,5,14,9,8,10,0,0,2,14,16,11,13,3,0,0,3,16,16,16,16,5,0,0,0,6,7,1,11,7,0,0,0,0,0,1,13,3,0,0,0,0,0,6,8,0,0,0,0,0,0,10,0,0,0
img_1144,0,0,15,13,1,0,0,0,0,0,14,14,4,0,0,0,0,0,1,4,12,0,0,0,0,0,0,6,12,0,0,0,0,0,0,11,10,0,0,0,0,0,1,16,8,6,5,0,0,0,13,16,16,16,14,0,0,0,10,13,10,6,2,0
img_1145,0,1,12,16,10,0,0,0,0,7,11,7,14,1,0,0,0,2,2,3,14,0,0,0,0,0,3,14,6,0,0,0,0,0,12,16,16,6,0,0,0,0,2,0,5,15,6,0,0,1,11,4,4,13,8,0,0,2,14,16,16,13,1,0
img_1146,0,0,0,9,9,0,0,0,0,0,3,16,9,0,0,0,0,3,14,10,0,2,0,0,0,10,16,5,7,15,1,0,0,2,11,15,16,13,1,0,0,0,0,7,16,3,0,0,0,0,0,6,15,0,0,0,0,0,0,4,16,5,0,0
img_1147,0,0,7,13,2,0,0,0,0,11,15,12,13,0,0,0,0,12,7,0,16,4,0,0,0,4,4,0,14,8,0,0,0,0,0,0,14,7,0,0,0,0,0,4,16,3,0,0,0,0,12,16,16,12,9,0,0,0,9,12,8,10,14,0
img_1148,0,0,0,2,14,5,0,0,0,0,1,11,11,0,0,0,0,0,7,14,1,0,0,0,0,5,16,3,4,6,2,0,0,14,16,14,16,16,10,0,0,9,12,7,8,16,4,0,0,0,0,0,13,12,0,0,0,0,0,3,15,6,0,0
img_1149,0,0,0,0,11,14,3,0,0,0,0,2,16,16,2,0,0,0,0,11,16,14,0,0,0,0,3,16,16,15,0,0,0,1,13,16,16,13,0,0,0,6,16,9,15,13,0,0,0,0,0,0,12,16,1,0,0,0,0,0,9,14,1,0
img_1150,0,8,16,12,15,16,7,0,0,13,16,14,6,4,1,0,0,12,10,0,0,0,0,0,0,3,16,10,0,0,0,0,0,0,6,15,9,0,0,0,0,0,0,4,16,2,0,0,0,1,4,6,16,5,0,0,0,7,16,16,10,0,0,0
img_1151,0,0,11,16,16,16,16,2,0,5,16,16,14,10,4,0,0,5,16,5,0,0,0,0,0,1,15,10,0,0,0,0,0,0,6,16,8,0,0,0,0,0,0,9,14,0,0,0,0,0,0,5,16,3,0,0,0,0,10,16,13,1,0,0
img_1152,0,0,3,16,4,0,0,0,0,0,12,13,2,5,0,0,0,2,16,6,10,15,1,0,0,9,15,3,16,11,7,0,0,12,16,16,15,11,5,0,0,3,9,16,3,0,0,0,0,0,2,16,3,0,0,0,0,0,6,14,0,0,0,0
img_1153,0,0,5,15,14,3,0,0,0,2,14,7,4,13,0,0,0,2,15,5,5,16,1,0,0,0,7,15,16,16,3,0,0,0,0,1,3,7,10,0,0,0,0,0,0,2,14,0,0,0,8,9,4,2,16,1,0,0,4,11,13,16,11,0
img_1154,0,0,8,16,15,4,0,0,0,10,16,11,13,12,0,0,0,12,7,0,13,8,0,0,0,0,1,7,16,12,5,0,0,5,15,16,16,14,9,0,0,2,8,15,10,0,0,0,0,0,7,16,2,0,0,0,0,0,10,13,0,0,0,0
img_1155,0,0,11,7,12,15,1,0,0,1,16,14,9,6,0,0,0,8,12,0,0,0,0,0,0,5,14,15,15,5,0,0,0,1,6,4,10,9,0,0,0,0,0,0,4,11,0,0,0,0,10,4,13,8,0,0,0,0,12,16,10,1,0,0
img_1156,0,0,5,12,10,4,0,0,0,0,5,16,16,16,3,0,0,0,0,16,16,16,0,0,0,0,3,16,16,13,0,0,0,0,4,16,16,12,0,0,0,0,8,16,16,8,0,0,0,0,10,16,16,7,0,0,0,0,8,12,12,4,0,0
img_1157,0,0,5,11,13,3,0,0,0,0,16,13,15,9,0,0,0,4,16,0,13,13,0,0,0,1,11,16,15,15,3,0,0,0,0,0,0,12,7,0,0,0,0,0,0,6,12,0,0,0,6,4,2,9,11,0,0,0,6,13,16,16,6,0
img_1158,0,0,4,12,16,16,4,0,0,0,9,7,4,14,12,0,0,0,0,0,0,11,14,0,0,0,0,0,3,16,6,0,0,0,0,1,13,6,0,0,0,0,1,12,8,0,0,0,0,0,6,16,9,5,0,0,0,0,3,12,13,9,0,0
img_1159,0,0,6,15,13,2,0,0,0,1,15,10,11,14,0,0,0,2,16,3,1,16,4,0,0,4,12,0,1,14,4,0,0,4,10,0,0,15,3,0,0,4,12,0,0,15,3,0,0,1,13,9,11,16,2,0,0,0,4,12,14,5,0,0
img_1160,0,0,4,13,11,7,0,0,0,0,14,16,13,16,2,0,0,5,16,4,0,5,7,0,0,8,14,0,0,4,8,0,0,6,9,0,0,4,8,0,0,2,14,1,0,8,6,0,0,0,13,12,9,15,2,0,0,0,3,16,12,5,0,0
img_1161,0,1,10,16,16,11,0,0,0,5,10,8,12,16,4,0,0,0,0,1,10,14,0,0,0,0,0,6,16,4,0,0,0,0,0,7,16,5,0,0,0,0,0,1,12,16,4,0,0,0,2,4,9,16,4,0,0,1,15,14,11,4,0,0
img_1162,0,0,0,3,14,9,0,0,0,0,0,13,11,1,0,0,0,0,9,14,0,0,0,0,0,4,16,4,0,4,2,0,0,12,12,7,14,16,10,0,0,13,16,14,11,16,4,0,0,2,2,0,11,13,0,0,0,0,0,3,16,9,0,0
img_1163,0,1,11,15,16,9,0,0,0,3,16,10,10,16,1,0,0,0,2,1,14,11,0,0,0,0,0,14,16,7,0,0,0,0,0,13,16,16,5,0,0,0,0,0,2,16,8,0,0,0,6,8,13,15,5,0,0,0,15,16,12,5,0,0
img_1164,0,0,0,5,11,0,6,0,0,0,3,15,7,6,16,1,0,0,13,9,1,13,7,0,0,6,15,2,6,15,0,0,0,14,10,0,14,12,3,0,0,14,16,16,16,14,3,0,0,5,11,14,13,2,0,0,0,0,0,7,9,0,0,0
img_1165,0,0,6,13,12,2,0,0,0,0,7,7,10,12,0,0,0,0,0,1,12,9,0,0,0,0,0,7,16,7,0,0,0,0,0,0,5,14,1,0,0,1,7,0,0,7,11,0,0,1,16,4,0,9,11,0,0,0,5,13,12,16,3,0
img_1166,0,0,14,12,12,12,6,0,0,2,15,8,8,8,4,0,0,5,12,0,0,0,0,0,0,8,16,12,11,7,0,0,0,1,4,4,9,15,7,0,0,0,0,0,0,8,8,0,0,1,11,4,5,14,7,0,0,0,12,16,16,8,1,0
img_1167,0,0,2,11,14,8,1,0,0,3,14,9,8,13,4,0,0,6,11,1,4,14,1,0,0,0,9,14,15,6,0,0,0,0,0,12,14,10,0,0,0,0,4,12,2,13,5,0,0,0,4,11,1,11,8,0,0,0,1,9,16,14,2,0
img_1168,0,0,5,9,13,16,6,0,0,0,12,12,7,16,5,0,0,0,0,0,6,16,3,0,0,0,3,12,15,16,14,0,0,0,7,16,15,5,1,0,0,0,0,10,10,0,0,0,0,0,2,15,5,0,0,0,0,0,6,14,0,0,0,0
img_1169,0,0,1,12,11,1,0,0,0,0,1,16,16,4,0,0,0,0,3,16,15,2,0,0,0,0,9,16,12,0,0,0,0,0,12,16,5,0,0,0,0,0,14,16,6,0,0,0,0,0,9,16,8,0,0,0,0,0,2,11,13,1,0,0
img_1170,0,0,9,12,15,15,2,0,0,1,15,14,11,16,7,0,0,0,2,0,2,16,4,0,0,0,2,4,10,15,2,0,0,0,13,16,16,16,9,0,0,0,13,16,10,1,0,0,0,0,6,16,1,0,0,0,0,0,11,9,0,0,0,0
img_1171,0,0,11,12,0,0,0,0,0,0,13,16,0,0,0,0,0,3,15,16,4,0,0,0,0,13,15,16,6,0,0,0,0,3,3,15,10,0,0,0,0,0,0,11,16,0,0,0,0,0,2,10,16,6,3,0,0,0,7,16,16,16,16,5
img_1172,0,0,0,1,15,2,0,0,0,0,0,5,15,0,4,0,0,0,0,13,8,1,16,3,0,0,5,15,2,5,15,0,0,5,15,16,16,16,8,0,0,14,12,12,14,16,2,0,0,0,0,0,12,12,0,0,0,0,0,2,16,5,0,0
img_1173,0,0,0,9,13,3,0,0,0,0,8,15,12,15,2,0,0,0,12,8,0,15,4,0,0,3,13,0,0,10,7,0,0,8,9,0,0,13,7,0,0,2,16,4,7,16,5,0,0,0,14,14,16,15,1,0,0,0,1,12,14,4,0,0
img_1174,0,0,1,6,12,16,9,0,0,0,10,15,10,13,9,0,0,0,2,1,0,14,2,0,0,0,0,6,12,16,15,0,0,0,5,16,16,14,7,0,0,0,3,6,15,0,0,0,0,0,0,7,9,0,0,0,0,0,0,11,2,0,0,0
img_1175,0,0,7,15,14,8,0,0,0,1,15,7,5,14,5,0,0,0,15,8,0,10,7,0,0,3,16,6,0,12,8,0,0,5,16,2,0,12,8,0,0,4,16,3,1,16,4,0,0,5,16,10,14,12,0,0,0,0,8,15,15,2,0,0
img_1176,0,2,10,16,12,0,0,0,0,12,14,12,16,5,0,0,0,2,0,4,16,7,1,0,0,0,4,15,16,16,10,0,0,1,16,16,12,5,2,0,0,0,15,12,1,0,0,0,0,1,14,4,0,0,0,0,0,0,16,3,0,0,0,0
img_1177,0,0,0,12,6,0,0,0,0,0,8,15,13,4,0,0,0,5,16,6,3,12,0,0,0,7,14,1,0,11,5,0,0,3,14,0,0,7,10,0,0,1,14,2,0,9,9,0,0,0,9,11,6,15,5,0,0,0,0,10,16,11,0,0
img_1178,0,0,1,10,14,13,1,0,0,0,8,12,6,4,0,0,0,0,14,4,0,0,0,0,0,5,16,12,13,12,0,0,0,2,11,11,8,14,4,0,0,0,0,0,0,16,4,0,0,0,0,0,6,15,2,0,0,0,0,12,14,4,0,0
img_1179,0,0,3,11,15,8,0,0,0,4,14,8,13,14,0,0,0,8,11,3,15,6,0,0,0,1,1,9,14,0,0,0,0,0,0,0,13,10,0,0,0,0,0,0,1,13,7,0,0,0,9,8,2,6,11,0,0,0,4,10,14,16,10,0
img_1180,0,0,0,1,11,9,0,0,0,0,0,7,16,13,0,0,0,0,4,14,16,9,0,0,0,10,16,11,16,8,0,0,0,0,0,3,16,6,0,0,0,0,0,3,16,8,0,0,0,0,0,5,16,10,0,0,0,0,0,2,14,6,0,0
img_1181,0,0,4,14,11,3,0,0,0,0,1,15,16,6,0,0,0,0,0,16,16,9,0,0,0,0,1,14,16,3,0,0,0,0,6,16,16,2,0,0,0,0,8,16,15,0,0,0,0,0,7,16,11,0,0,0,0,0,6,15,14,4,0,0
img_1182,0,0,8,12,11,6,0,0,0,0,8,16,16,13,2,0,0,2,14,16,16,14,2,0,0,2,13,16,16,8,0,0,0,4,16,16,16,8,0,0,0,4,16,16,16,10,0,0,0,1,11,16,16,8,0,0,0,0,4,11,12,7,0,0
img_1183,0,0,10,15,8,13,6,0,0,0,13,14,14,15,2,0,0,1,15,0,13,7,0,0,0,2,7,9,16,13,13,0,0,0,10,16,11,7,2,0,0,0,4,16,2,0,0,0,0,0,7,13,0,0,0,0,0,0,12,4,0,0,0,0
img_1184,0,0,4,15,13,3,0,0,0,1,16,13,16,15,1,0,0,6,15,0,4,16,4,0,0,3,15,14,16,14,0,0,0,0,4,16,16,11,0,0,0,0,11,12,8,16,5,0,0,0,16,10,12,16,3,0,0,0,7,16,13,7,0,0
img_1185,0,0,2,16,13,0,0,0,0,0,4,16,15,0,0,0,0,0,4,16,12,0,0,0,0,0,7,16,10,0,0,0,0,0,5,16,9,0,0,0,0,0,7,16,7,0,0,0,0,0,3,16,9,0,0,0,0,0,1,12,15,0,0,0
img_1186,0,0,0,7,13,9,1,0,0,0,7,15,8,15,5,0,0,1,15,2,0,10,8,0,0,4,12,0,0,12,7,0,0,5,9,0,0,14,3,0,0,4,14,0,0,11,0,0,0,1,16,8,8,11,0,0,0,0,2,11,14,5,0,0
img_1187,0,0,0,9,15,16,9,0,0,0,10,13,4,12,7,0,0,5,14,1,2,15,3,0,0,4,14,12,16,15,0,0,0,0,1,1,13,7,0,0,0,0,0,4,15,1,0,0,0,0,0,11,8,0,0,0,0,0,0,12,4,0,0,0
img_1188,0,0,6,14,8,0,0,0,0,6,16,10,14,4,0,0,0,11,5,0,11,4,0,0,0,4,6,2,16,2,0,0,0,0,0,13,7,0,0,0,0,0,7,14,0,0,0,0,0,0,12,10,8,8,4,0,0,0,7,14,14,14,13,0
img_1189,0,0,0,0,12,11,1,0,0,0,0,1,16,16,7,0,0,0,1,14,16,16,7,0,0,1,14,16,14,16,8,0,0,5,12,3,8,16,7,0,0,0,0,0,8,16,4,0,0,0,0,0,8,16,1,0,0,0,0,0,11,12,0,0
img_1190,0,1,12,12,13,8,1,0,0,0,8,9,15,16,2,0,0,0,0,3,16,10,0,0,0,0,0,7,16,6,0,0,0,0,0,5,16,10,0,0,0,0,0,0,7,16,7,0,0,0,3,8,15,13,2,0,0,2,14,16,10,1,0,0
img_1191,0,1,11,16,11,0,0,0,0,10,14,11,16,0,0,0,0,14,5,6,15,0,0,0,0,3,1,11,14,3,1,0,0,2,13,16,16,16,9,0,0,2,14,16,5,4,2,0,0,0,11,11,0,0,0,0,0,0,16,3,0,0,0,0
img_1192,0,1,14,13,12,8,5,0,0,4,16,11,12,15,7,0,0,8,16,16,13,1,0,0,0,3,9,7,15,7,0,0,0,0,0,0,8,9,0,0,0,0,2,0,6,12,0,0,0,0,16,8,12,11,0,0,0,0,12,14,12,4,0,0
img_1193,0,0,3,15,16,16,5,0,0,0,10,12,10,16,6,0,0,2,15,2,3,16,1,0,0,0,2,3,10,13,2,0,0,0,3,16,16,16,10,0,0,0,0,12,13,7,1,0,0,0,1,16,6,0,0,0,0,0,5,14,2,0,0,0
img_1194,0,0,3,14,1,0,0,0,0,0,12,12,0,0,0,0,0,3,16,6,0,0,0,0,0,5,16,2,0,0,0,0,0,6,16,2,5,2,0,0,0,4,16,2,12,15,2,0,0,1,14,13,2,13,11,0,0,0,3,11,16,13,4,0
img_1195,0,0,0,16,6,0,0,0,0,0,11,16,16,11,0,0,0,4,16,11,13,14,0,0,0,7,12,1,3,13,0,0,0,4,10,0,0,16,0,0,0,2,14,0,1,16,1,0,0,0,9,7,9,14,0,0,0,0,1,11,15,3,0,0
img_1196,0,0,0,3,15,13,1,0,0,0,2,15,16,16,2,0,0,0,13,10,5,15,0,0,0,0,6,2,11,8,0,0,0,0,0,6,14,2,0,0,0,3,8,16,8,0,0,0,3,16,16,16,16,8,0,0,1,4,4,5,13,6,0,0
img_1197,0,0,2,12,12,2,0,0,0,0,10,16,16,9,0,0,0,3,16,16,8,15,3,0,0,6,16,6,0,13,8,0,0,8,16,4,0,15,8,0,0,5,16,8,12,16,6,0,0,0,15,16,16,15,2,0,0,0,3,13,12,3,0,0
img_1198,0,0,0,15,2,0,0,0,0,0,0,16,4,0,0,0,0,0,6,9,0,0,0,0,0,0,12,16,16,9,1,0,0,0,14,11,0,8,9,0,0,0,11,14,3,2,14,0,0,0,8,11,4,14,7,0,0,0,1,12,14,6,0,0
img_1199,0,0,1,12,12,3,0,0,0,0,9,13,5,14,0,0,0,0,15,3,0,10,2,0,0,3,16,4,0,9,4,0,0,4,13,0,0,9,2,0,0,3,13,0,1,15,0,0,0,0,13,6,8,9,0,0,0,0,2,14,12,2,0,0
img_1200,0,0,7,16,16,16,10,0,0,0,10,10,5,12,16,2,0,0,0,0,7,15,6,0,0,0,1,13,16,13,0,0,0,0,0,7,12,16,6,0,0,0,0,0,2,16,6,0,0,0,2,9,11,14,1,0,0,0,5,16,15,5,0,0
img_1201,0,0,1,9,15,11,0,0,0,0,11,16,8,14,6,0,0,2,16,10,0,9,9,0,0,1,16,4,0,8,8,0,0,4,16,4,0,8,8,0,0,1,16,5,1,11,3,0,0,0,12,12,10,10,0,0,0,0,1,10,13,3,0,0
img_1202,0,0,0,2,15,8,0,0,0,0,1,15,13,3,0,0,0,0,9,13,1,0,0,0,0,1,15,6,0,5,11,0,0,7,14,0,1,15,8,0,0,8,15,9,15,16,3,0,0,1,11,16,16,10,0,0,0,0,0,2,15,5,0,0
img_1203,0,1,15,16,10,0,0,0,0,4,16,9,16,4,0,0,0,2,12,5,16,3,0,0,0,0,0,6,16,3,0,0,0,0,1,15,13,0,0,0,0,0,8,16,4,0,0,0,0,2,16,13,4,4,3,0,0,2,13,16,16,16,16,2
img_1204,0,0,13,14,12,15,4,0,0,0,16,5,5,16,5,0,0,0,13,7,15,4,0,0,0,0,11,16,2,0,0,0,0,2,13,10,6,0,0,0,0,8,5,1,15,0,0,0,0,5,8,1,16,0,0,0,0,1,10,16,8,0,0,0
img_1205,0,0,0,0,10,0,0,0,0,0,0,10,8,0,8,0,0,0,4,13,2,2,14,0,0,2,14,12,7,8,10,0,0,9,16,16,16,16,7,0,0,0,0,0,5,15,1,0,0,0,0,0,8,12,0,0,0,0,0,0,16,8,0,0
img_1206,0,0,6,16,16,16,10,0,0,0,13,15,9,6,0,0,0,6,16,4,0,0,0,0,0,12,15,4,2,0,0,0,0,8,16,16,16,15,1,0,0,0,6,8,9,16,4,0,0,0,1,3,13,15,1,0,0,0,7,16,15,3,0,0
img_1207,0,0,11,15,4,0,0,0,0,5,16,15,15,0,0,0,0,0,14,11,16,2,0,0,0,0,0,4,16,5,0,0,0,0,0,4,16,6,0,0,0,0,0,7,16,10,3,0,0,0,11,16,16,16,16,6,0,0,11,16,10,5,13,6
img_1208,0,0,0,13,12,0,0,0,0,0,6,16,7,0,0,0,0,0,15,15,1,1,4,0,0,6,16,10,9,15,14,0,0,9,16,16,16,16,4,0,0,2,8,12,16,9,0,0,0,0,0,13,16,0,0,0,0,0,0,14,15,1,0,0
img_1209,0,0,9,16,13,1,0,0,0,8,16,8,11,8,0,0,0,11,10,0,8,10,0,0,0,1,5,0,11,11,0,0,0,0,0,0,13,9,0,0,0,0,0,4,16,2,0,0,0,0,4,14,15,7,4,1,0,0,8,16,16,16,16,12
img_1210,0,0,8,15,16,16,6,0,0,2,16,11,5,0,0,0,0,3,16,5,0,0,0,0,0,5,16,16,13,0,0,0,0,10,13,6,15,5,0,0,0,3,1,0,11,8,0,0,0,0,0,6,16,4,0,0,0,0,9,16,8,0,0,0
img_1211,0,0,5,12,16,10,0,0,0,8,15,5,12,13,0,0,0,0,0,3,16,4,0,0,0,0,0,5,16,3,0,0,0,0,0,2,15,8,0,0,0,0,0,0,2,14,7,0,0,0,0,0,0,13,11,0,0,0,5,16,16,11,3,0
img_1212,0,0,6,12,12,6,0,0,0,0,11,16,16,13,0,0,0,0,12,16,16,8,0,0,0,0,8,16,16,12,0,0,0,2,13,16,16,12,0,0,0,1,16,16,16,10,0,0,0,0,16,16,16,8,0,0,0,0,2,11,10,4,0,0
img_1213,0,0,0,1,11,7,0,0,0,0,0,11,16,5,0,0,0,0,9,15,15,7,0,0,0,5,16,3,16,4,0,0,0,10,13,9,16,14,8,0,0,3,15,16,16,13,6,0,0,0,0,0,16,3,0,0,0,0,0,0,14,2,0,0
img_1214,0,0,0,11,10,0,0,0,0,0,8,16,5,0,0,0,0,3,16,10,4,11,0,0,0,11,13,0,9,16,0,0,0,12,13,5,14,16,8,0,0,3,12,14,16,11,3,0,0,0,0,10,11,0,0,0,0,0,0,11,8,0,0,0
img_1215,0,0,0,10,9,0,0,0,0,0,5,15,0,0,9,5,0,0,14,10,0,7,16,4,0,5,16,7,5,16,6,0,0,11,16,16,16,14,0,0,0,3,4,11,16,8,0,0,0,0,0,7,16,2,0,0,0,0,0,12,12,0,0,0
img_1216,0,1,15,4,0,0,0,0,0,2,16,16,16,14,2,0,0,6,16,11,8,8,3,0,0,5,16,11,5,0,0,0,0,0,11,14,14,1,0,0,0,0,0,5,16,7,0,0,0,0,6,16,16,4,0,0,0,0,14,14,4,0,0,0
img_1217,0,0,0,13,15,2,0,0,0,0,4,16,11,1,0,0,0,0,13,15,1,0,0,0,0,0,15,9,0,0,0,0,0,4,16,14,15,8,0,0,0,1,16,15,8,13,9,0,0,0,11,10,0,11,16,0,0,0,2,14,16,16,13,0
img_1218,0,0,0,2,16,16,2,0,0,0,0,4,16,16,2,0,0,1,4,12,16,12,0,0,0,7,16,16,16,12,0,0,0,0,3,10,16,14,0,0,0,0,0,8,16,12,0,0,0,0,0,6,16,16,2,0,0,0,0,2,12,15,4,0
img_1219,0,0,0,12,13,0,0,0,0,0,5,16,8,0,0,0,0,0,13,16,3,0,0,0,0,0,14,13,0,0,0,0,0,0,15,12,7,2,0,0,0,0,13,16,13,16,3,0,0,0,7,16,11,15,8,0,0,0,1,9,15,11,3,0
img_1220,0,0,0,10,11,0,0,0,0,0,3,16,10,0,0,0,0,0,8,16,0,0,0,0,0,0,12,14,0,0,0,0,0,0,14,16,15,6,0,0,0,0,12,16,12,15,6,0,0,0,7,16,10,13,14,0,0,0,0,9,13,11,6,0
img_1221,0,0,0,14,10,0,0,0,0,3,14,16,13,0,0,0,2,16,16,16,5,0,0,0,1,11,14,15,1,0,0,0,0,0,8,16,1,0,0,0,0,0,7,16,1,0,0,0,0,0,1,15,5,0,0,0,0,0,0,13,13,0,0,0
img_1222,0,0,3,11,13,5,0,0,0,0,10,12,5,16,0,0,0,0,7,10,6,15,4,0,0,0,2,13,16,14,6,0,0,0,0,0,0,7,9,0,0,0,0,0,0,4,11,0,0,0,9,7,0,8,11,0,0,0,3,9,16,16,6,0
img_1223,0,0,3,13,13,3,0,0,0,0,12,7,3,13,0,0,0,0,16,0,5,12,0,0,0,0,10,13,14,16,2,0,0,0,1,7,6,13,4,0,0,1,4,0,0,5,11,0,0,2,14,6,2,9,11,0,0,0,4,10,16,16,4,0
img_1224,0,0,0,9,15,1,0,0,0,0,4,16,12,0,0,0,0,0,15,14,2,11,3,0,0,4,16,9,4,16,10,0,0,9,16,11,13,16,2,0,0,0,9,16,16,14,0,0,0,0,0,8,16,6,0,0,0,0,0,9,16,2,0,0
img_1225,0,0,1,9,15,1,0,0,0,0,9,14,4,0,0,0,0,0,16,3,0,0,0,0,0,6,13,0,0,0,0,0,0,4,14,12,16,13,3,0,0,2,15,13,4,3,13,0,0,0,9,8,2,4,16,1,0,0,0,9,12,12,8,0
img_1226,0,3,12,12,14,15,3,0,0,4,15,4,4,4,0,0,0,5,12,0,0,2,0,0,0,5,15,12,15,15,5,0,0,5,12,6,0,8,8,0,0,0,0,0,0,10,7,0,0,1,9,0,7,14,1,0,0,2,15,16,14,3,0,0
img_1227,0,0,0,13,15,4,0,0,0,0,11,16,9,4,0,0,0,1,16,14,0,0,0,0,0,5,16,7,0,0,0,0,0,5,16,16,14,4,0,0,0,2,15,9,7,15,5,0,0,0,11,13,4,12,13,0,0,0,1,13,16,16,10,0
img_1228,0,0,2,11,13,4,0,0,0,0,12,16,13,15,0,0,0,0,16,9,1,3,0,0,0,4,16,6,14,9,1,0,0,7,16,16,16,16,6,0,0,1,16,14,4,16,8,0,0,0,12,16,13,16,2,0,0,0,2,10,16,7,0,0
img_1229,0,0,0,5,11,1,0,0,0,0,0,14,14,2,0,0,0,0,5,16,5,0,0,0,0,0,8,15,2,0,0,0,0,0,10,13,0,0,0,0,0,0,14,16,16,8,0,0,0,0,6,16,9,15,6,0,0,0,0,6,14,16,8,0
img_1230,0,0,9,16,16,7,0,0,0,2,16,11,4,15,2,0,0,4,16,2,2,16,6,0,0,0,13,11,13,16,10,0,0,0,1,10,13,16,6,0,0,0,0,0,3,16,7,0,0,0,0,2,13,14,1,0,0,0,11,15,15,6,0,0
img_1231,0,2,10,16,16,2,0,0,0,10,15,9,16,4,0,0,0,5,3,6,16,2,0,0,0,0,2,15,16,5,0,0,0,0,1,10,14,16,3,0,0,0,5,1,0,13,10,0,0,0,16,13,10,15,11,0,0,0,11,16,16,13,3,0
img_1232,0,3,11,15,12,7,1,0,0,4,16,13,11,9,6,0,0,4,15,0,0,0,0,0,0,3,16,8,0,0,0,0,0,0,11,16,8,0,0,0,0,0,0,13,12,0,0,0,0,1,7,16,3,0,0,0,0,5,13,6,0,0,0,0
img_1233,0,0,0,5,9,0,0,0,0,0,2,14,14,2,0,0,0,0,6,14,11,12,0,0,0,3,15,3,11,10,0,0,0,8,11,0,13,10,2,0,0,10,16,16,16,15,3,0,0,0,4,10,15,0,0,0,0,0,0,8,9,0,0,0
img_1234,0,3,15,16,8,0,0,0,0,14,13,10,16,2,0,0,0,5,3,2,16,2,0,0,0,0,0,3,16,2,0,0,0,0,0,9,12,0,0,0,0,0,1,16,8,0,2,0,0,0,8,16,14,16,15,0,0,2,16,16,15,12,9,0
img_1235,0,0,4,16,15,4,0,0,0,0,8,16,16,4,0,0,0,0,12,16,13,0,0,0,0,2,16,16,10,0,0,0,0,3,16,16,8,0,0,0,0,2,16,16,12,0,0,0,0,0,9,16,16,4,0,0,0,0,3,12,14,11,0,0
img_1236,0,0,1,13,10,1,0,0,0,0,12,6,7,10,0,0,0,0,10,10,11,15,0,0,0,0,1,14,16,16,5,0,0,0,0,0,0,10,10,0,0,0,0,0,0,5,11,0,0,0,2,4,4,14,11,0,0,0,2,11,15,16,5,0
img_1237,0,0,11,14,16,10,0,0,0,6,15,8,6,4,0,0,0,5,12,2,0,0,0,0,0,12,16,15,1,0,0,0,0,3,11,11,6,0,0,0,0,0,0,12,10,0,0,0,0,0,5,16,9,0,0,0,0,0,13,16,3,0,0,0
img_1238,0,0,2,15,6,0,0,0,0,0,10,14,0,5,0,0,0,0,13,9,9,16,3,0,0,6,15,6,16,3,0,0,0,9,13,12,15,12,8,0,0,9,16,16,14,7,2,0,0,1,7,16,7,0,0,0,0,0,2,16,7,0,0,0
img_1239,0,0,6,11,13,6,0,0,0,7,14,6,7,13,0,0,0,10,7,0,7,10,0,0,0,4,13,12,15,10,0,0,0,0,1,4,0,12,0,0,0,0,0,0,0,11,1,0,0,0,8,2,0,12,0,0,0,0,6,14,15,12,0,0
img_1240,0,0,9,13,6,0,0,0,0,0,14,7,11,3,0,0,0,4,7,8,5,8,0,0,0,8,10,15,14,9,0,0,0,0,4,7,9,13,1,0,0,0,0,0,0,5,11,0,0,0,2,0,2,12,6,0,0,0,10,14,14,7,0,0
img_1241,0,0,6,16,16,11,0,0,0,1,16,8,8,16,6,0,0,0,8,16,14,16,11,0,0,0,1,4,3,10,8,0,0,0,0,0,0,9,7,0,0,0,0,0,1,14,1,0,0,0,4,7,11,9,0,0,0,0,9,16,10,1,0,0
img_1242,0,0,0,1,7,14,14,0,0,0,3,15,7,1,14,0,0,2,16,10,5,14,8,0,0,4,15,16,12,16,5,0,0,0,5,3,1,15,0,0,0,0,0,0,4,12,0,0,0,0,0,0,7,10,0,0,0,0,0,0,7,12,0,0
img_1243,0,0,4,16,12,1,0,0,0,2,16,16,11,8,0,0,0,3,16,13,1,14,2,0,0,4,16,0,0,13,4,0,0,4,15,0,0,13,8,0,0,1,16,1,0,14,5,0,0,0,10,8,7,15,1,0,0,0,2,13,16,8,0,0
img_1244,0,1,9,16,15,10,0,0,0,6,16,8,7,16,3,0,0,0,11,14,16,11,1,0,0,1,13,16,6,0,0,0,0,8,15,16,3,0,0,0,0,5,14,10,11,0,0,0,0,0,15,7,16,3,0,0,0,0,11,16,8,0,0,0
img_1245,0,0,0,0,8,10,0,0,0,0,0,0,13,6,0,0,0,0,0,5,13,0,0,0,0,0,2,14,3,10,10,0,0,1,14,15,10,16,6,0,0,14,14,12,15,16,2,0,0,3,0,0,8,14,0,0,0,0,0,0,5,10,0,0
img_1246,0,1,12,16,5,0,0,0,0,7,15,14,11,0,0,0,0,8,13,10,12,0,0,0,0,0,1,12,12,0,0,0,0,0,0,14,9,0,0,0,0,0,4,16,8,4,0,0,0,0,13,16,16,16,9,0,0,2,16,13,11,9,3,0
img_1247,0,1,7,14,16,12,1,0,0,7,16,9,6,11,1,0,0,11,12,4,1,0,0,0,0,12,16,16,15,6,0,0,0,3,9,4,11,12,0,0,0,0,0,0,8,16,0,0,0,0,0,0,14,13,0,0,0,0,6,16,15,3,0,0
img_1248,0,0,10,8,8,4,0,0,0,8,15,12,14,14,0,0,0,9,11,0,10,16,4,0,0,1,9,12,10,12,8,0,0,0,0,0,0,8,8,0,0,0,0,0,0,10,7,0,0,0,11,6,4,15,4,0,0,0,13,16,16,7,0,0
img_1249,0,2,10,12,16,8,0,0,0,4,8,5,13,16,0,0,0,0,0,7,15,7,0,0,0,0,6,16,10,0,0,0,0,0,0,5,16,11,0,0,0,0,0,0,6,16,3,0,0,0,0,0,10,16,5,0,0,2,14,16,12,9,0,0
img_1250,0,0,4,16,6,0,0,0,0,0,12,15,1,0,0,0,0,1,16,11,0,0,0,0,0,8,16,3,0,7,4,0,0,12,16,6,11,16,7,0,0,7,16,16,15,3,0,0,0,0,4,16,10,0,0,0,0,0,4,16,6,0,0,0
img_1251,0,0,0,0,13,11,0,0,0,0,0,8,16,5,0,0,0,0,3,15,16,4,0,0,0,0,8,15,16,10,1,0,0,4,16,14,16,16,11,0,0,7,16,13,15,14,3,0,0,0,0,0,16,11,0,0,0,0,0,0,12,11,0,0
img_1252,0,0,2,12,9,0,0,0,0,0,12,10,1,0,0,0,0,4,14,0,0,0,0,0,0,8,9,0,0,0,0,0,0,8,9,5,11,8,0,0,0,4,16,14,6,12,5,0,0,0,13,7,0,10,8,0,0,0,3,14,16,16,5,0
img_1253,0,0,0,7,11,0,0,0,0,0,1,16,10,0,0,0,0,0,7,11,0,0,0,0,0,0,11,8,1,1,0,0,0,0,12,16,16,15,5,0,0,0,14,11,0,1,15,0,0,0,6,11,1,3,14,2,0,0,0,8,16,16,7,0
img_1254,0,0,6,14,13,4,0,0,0,4,16,11,10,15,0,0,0,9,11,0,12,11,0,0,0,7,11,8,16,3,0,0,0,0,13,16,10,0,0,0,0,0,13,13,12,9,0,0,0,0,12,8,0,15,1,0,0,0,5,16,16,11,0,0
img_1255,0,0,1,11,15,1,0,0,0,0,13,16,8,2,1,0,0,0,16,15,10,16,5,0,0,0,8,16,16,7,0,0,0,0,9,16,16,4,0,0,0,0,16,14,16,15,0,0,0,0,15,15,15,16,0,0,0,0,2,9,13,6,0,0
img_1256,0,0,11,16,16,12,0,0,0,3,16,7,14,16,1,0,0,0,15,14,15,16,6,0,0,0,2,10,9,15,9,0,0,0,0,0,0,9,10,0,0,0,0,0,0,12,8,0,0,0,6,11,6,15,5,0,0,0,9,16,16,12,0,0
img_1257,0,1,13,16,16,5,0,0,0,7,10,4,10,12,0,0,0,0,0,0,11,7,0,0,0,0,0,2,15,2,0,0,0,0,0,12,7,0,0,0,0,0,6,12,1,0,0,0,0,0,16,3,1,5,3,0,0,1,15,16,16,15,3,0
img_1258,0,0,7,13,4,1,0,0,0,1,15,13,15,11,0,0,0,7,16,1,13,16,4,0,0,3,16,12,16,16,7,0,0,0,4,11,5,16,8,0,0,0,0,0,2,16,5,0,0,0,12,6,9,14,1,0,0,0,6,13,16,5,0,0
img_1259,0,0,5,12,9,1,0,0,0,0,14,14,13,13,0,0,0,3,12,1,1,13,4,0,0,7,8,0,0,6,8,0,0,8,8,0,0,5,8,0,0,5,10,0,0,11,4,0,0,1,15,9,11,13,0,0,0,0,7,15,12,2,0,0
img_1260,0,0,1,13,2,0,0,0,0,0,9,14,2,0,0,0,0,3,16,7,0,0,0,0,0,3,16,7,0,0,0,0,0,5,16,16,8,1,0,0,0,3,15,11,14,13,2,0,0,0,10,16,10,16,15,0,0,0,1,10,14,12,7,0
img_1261,0,0,1,12,14,3,0,0,0,1,13,11,9,13,0,0,0,7,11,0,1,16,4,0,0,8,6,0,2,15,0,0,0,4,12,0,0,15,0,0,0,0,15,1,1,15,0,0,0,0,7,10,7,13,0,0,0,0,1,13,16,7,0,0
img_1262,0,0,15,16,16,12,2,0,0,2,16,15,12,12,3,0,0,4,16,8,0,0,0,0,0,8,16,12,4,0,0,0,0,0,12,16,16,0,0,0,0,0,0,3,16,8,0,0,0,2,6,9,16,8,0,0,0,1,15,16,15,3,0,0
img_1263,0,0,0,8,15,2,0,0,0,0,6,16,5,0,0,0,0,0,12,8,0,0,0,0,0,0,13,6,0,0,0,0,0,0,12,12,16,14,0,0,0,0,14,15,6,8,11,0,0,3,12,14,5,10,13,0,0,0,0,9,16,13,5,0
img_1264,0,0,11,10,12,14,11,0,0,0,16,16,16,16,7,0,0,1,16,16,16,12,0,0,0,1,5,2,11,15,0,0,0,0,1,0,2,16,0,0,0,3,12,0,3,15,0,0,0,6,15,8,13,11,0,0,0,0,9,14,9,2,0,0
img_1265,0,0,0,4,15,7,0,0,0,0,3,15,12,0,0,0,0,1,14,12,0,2,11,0,0,10,14,0,0,13,12,0,0,11,15,12,15,16,5,0,0,4,10,8,16,11,0,0,0,0,0,2,16,4,0,0,0,0,0,6,14,0,0,0
img_1266,0,0,0,4,15,11,0,0,0,0,2,15,16,13,0,0,0,0,13,13,11,10,0,0,0,7,14,3,14,12,6,0,0,8,16,16,16,15,8,0,0,1,8,9,16,4,0,0,0,0,0,3,16,0,0,0,0,0,0,3,14,0,0,0
img_1267,0,0,9,16,3,0,0,0,0,0,11,16,14,1,0,0,0,0,0,11,16,4,0,0,0,0,0,8,16,10,1,0,0,1,12,16,16,16,9,0,0,1,11,16,11,4,0,0,0,0,6,16,4,0,0,0,0,0,11,11,0,0,0,0
img_1268,0,0,3,14,13,1,0,0,0,0,9,16,16,9,0,0,0,0,8,16,11,15,1,0,0,0,2,14,16,15,2,0,0,0,6,16,16,6,0,0,0,0,15,11,10,12,0,0,0,1,16,11,11,15,0,0,0,0,5,13,15,7,0,0
img_1269,0,0,1,8,8,9,12,7,0,0,8,16,12,13,16,5,0,0,11,6,0,8,11,0,0,0,15,3,1,15,3,0,0,0,1,0,10,9,0,0,0,0,0,3,13,1,0,0,0,0,0,13,7,0,0,0,0,0,1,11,1,0,0,0
img_1270,0,0,7,12,10,0,0,0,0,3,16,16,16,9,1,0,0,0,8,16,16,11,1,0,0,0,10,16,16,0,0,0,0,3,16,14,16,4,0,0,0,4,13,0,7,15,0,0,0,4,14,2,2,16,0,0,0,0,6,11,10,5,0,0
img_1271,0,0,0,0,7,13,5,0,0,0,0,0,15,16,8,0,0,0,1,13,16,16,3,0,0,0,12,16,16,16,0,0,0,8,16,3,16,13,0,0,0,2,3,0,16,12,0,0,0,0,0,0,16,13,0,0,0,0,0,0,8,12,0,0
img_1272,0,0,1,12,5,0,0,0,0,0,9,16,14,3,0,0,0,2,16,14,11,13,0,0,0,2,16,10,0,14,4,0,0,4,16,0,0,12,4,0,0,4,16,3,0,11,10,0,0,0,13,12,8,14,6,0,0,0,3,10,16,12,1,0
img_1273,0,0,2,15,8,0,0,0,0,0,7,14,15,8,0,0,0,7,15,3,3,15,0,0,0,6,16,1,0,9,8,0,0,4,12,0,0,8,8,0,0,0,12,3,0,12,7,0,0,0,9,13,13,15,1,0,0,0,1,9,12,5,0,0
img_1274,0,0,4,15,13,2,0,0,0,4,16,15,7,11,0,0,0,8,14,14,0,14,2,0,0,7,9,12,4,8,7,0,0,6,11,0,0,7,9,0,0,2,15,1,0,10,8,0,0,0,11,8,4,15,4,0,0,0,2,14,16,10,0,0
img_1275,0,1,12,16,16,15,0,0,0,7,16,9,4,3,0,0,0,10,15,1,0,0,0,0,0,11,15,8,7,1,0,0,0,2,13,16,16,15,5,0,0,0,0,0,0,13,14,0,0,0,2,7,13,16,9,0,0,0,14,16,12,5,0,0
img_1276,0,0,4,12,13,2,0,0,0,0,5,16,16,5,0,0,0,0,5,16,16,6,0,0,0,0,9,16,15,0,0,0,0,0,10,16,14,0,0,0,0,0,12,16,12,0,0,0,0,0,5,16,11,0,0,0,0,0,6,16,13,0,0,0
img_1277,0,0,4,13,16,14,0,0,0,2,14,16,12,4,0,0,0,13,16,5,0,0,0,0,0,11,16,10,1,0,0,0,0,5,15,16,5,0,0,0,0,0,2,15,9,0,0,0,0,0,5,15,9,0,0,0,0,0,4,16,5,0,0,0
img_1278,0,0,0,13,13,0,0,0,0,0,7,16,3,0,0,0,0,0,12,11,0,0,0,0,0,0,14,6,0,0,0,0,0,1,16,12,16,11,3,0,0,2,16,15,9,9,15,2,0,0,11,12,1,3,16,6,0,0,1,13,16,16,15,1
img_1279,0,1,11,16,15,12,3,0,0,1,13,16,16,12,0,0,0,2,16,16,16,8,0,0,0,0,16,16,16,2,0,0,0,8,16,16,14,0,0,0,0,7,16,16,9,0,0,0,0,1,13,16,13,1,0,0,0,0,8,16,12,0,0,0
img_1280,0,1,10,12,12,11,0,0,0,7,14,8,8,6,0,0,0,7,11,7,3,0,0,0,0,8,16,13,13,8,0,0,0,1,3,0,1,14,5,0,0,0,0,0,0,4,12,0,0,0,11,3,0,10,12,0,0,0,10,16,16,14,4,0
img_1281,0,0,0,1,15,5,0,0,0,0,0,12,16,0,0,0,0,0,7,16,16,3,0,0,0,5,16,8,16,8,3,0,0,11,16,12,16,16,12,0,0,11,16,15,16,7,2,0,0,1,4,2,16,0,0,0,0,0,0,2,14,0,0,0
img_1282,0,0,0,1,15,4,0,0,0,0,1,13,14,1,0,0,0,0,9,15,5,7,7,0,0,4,16,6,1,16,8,0,0,14,15,0,6,16,2,0,0,11,16,13,14,16,4,0,0,0,5,8,15,14,1,0,0,0,0,0,15,12,0,0
img_1283,0,0,3,15,6,0,0,0,0,0,9,13,1,6,9,0,0,3,16,3,6,15,5,0,0,7,15,1,14,9,5,0,0,10,13,9,16,15,7,0,0,7,16,16,11,4,0,0,0,0,3,16,5,0,0,0,0,0,4,16,3,0,0,0
img_1284,0,0,3,9,14,9,0,0,0,5,16,14,5,0,0,0,0,12,11,3,0,0,0,0,0,13,16,12,1,0,0,0,0,4,11,13,8,0,0,0,0,0,0,7,11,0,0,0,0,0,1,12,12,0,0,0,0,0,2,15,7,0,0,0
img_1285,0,0,4,14,9,0,0,0,0,0,13,16,16,10,0,0,0,4,16,4,5,16,6,0,0,8,14,0,1,15,5,0,0,6,16,0,0,13,4,0,0,4,15,1,7,16,1,0,0,2,15,14,16,7,0,0,0,0,4,13,9,0,0,0
img_1286,0,0,1,15,7,0,0,0,0,0,6,16,3,0,0,0,0,1,16,10,0,1,3,0,0,5,16,3,1,12,15,0,0,11,16,8,14,15,3,0,0,6,16,16,16,5,0,0,0,0,1,14,11,0,0,0,0,0,2,16,12,0,0,0
img_1287,0,0,2,11,13,5,0,0,0,0,16,10,13,16,7,0,0,0,14,10,0,10,11,0,0,0,4,14,16,13,1,0,0,0,0,11,13,12,1,0,0,0,8,10,2,14,3,0,0,0,10,10,3,15,1,0,0,0,2,15,16,6,0,0
img_1288,0,1,10,13,2,0,0,0,0,10,16,16,12,0,0,0,0,9,9,8,16,0,0,0,0,0,0,6,16,2,0,0,0,0,1,11,15,0,0,0,0,0,4,16,13,2,0,0,0,0,14,16,16,16,13,0,0,0,9,13,11,10,9,0
img_1289,0,0,5,15,13,3,0,0,0,0,12,15,12,14,0,0,0,0,12,12,14,14,0,0,0,0,3,16,14,3,0,0,0,0,9,14,15,3,0,0,0,1,15,5,8,12,1,0,0,0,16,4,4,16,4,0,0,0,5,16,16,12,2,0
img_1290,0,0,4,14,11,0,0,0,0,0,2,16,16,3,0,0,0,0,0,14,16,5,0,0,0,0,0,16,16,3,0,0,0,0,1,15,16,2,0,0,0,0,2,15,13,0,0,0,0,0,4,16,11,0,0,0,0,0,5,16,14,1,0,0
img_1291,0,0,1,10,10,0,0,0,0,1,13,10,1,0,0,0,0,4,14,0,0,0,0,0,0,6,12,0,0,0,0,0,0,8,11,5,10,11,1,0,0,5,16,13,6,10,8,0,0,0,10,9,0,7,11,0,0,0,1,12,16,14,2,0
img_1292,0,1,13,16,12,1,0,0,0,1,9,5,16,1,0,0,0,0,0,9,5,0,0,0,0,0,9,10,0,0,0,0,0,0,8,15,16,11,1,0,0,0,0,0,2,12,7,0,0,0,2,4,6,15,3,0,0,0,14,16,11,5,0,0
img_1293,0,0,0,12,7,0,0,0,0,0,0,14,15,0,0,0,0,0,0,14,16,1,0,0,0,0,0,15,16,2,0,0,0,0,0,13,16,1,0,0,0,0,0,14,16,1,0,0,0,0,0,14,16,1,0,0,0,0,0,6,16,2,0,0
img_1294,0,0,7,11,3,1,0,0,0,1,14,16,13,13,0,0,0,3,16,12,1,6,6,0,0,4,10,4,0,4,8,0,0,8,8,0,0,11,5,0,0,7,9,0,2,14,0,0,0,1,12,4,12,10,0,0,0,0,6,14,9,0,0,0
img_1295,0,0,0,5,16,8,0,0,0,0,4,16,16,8,0,0,0,2,15,16,16,8,0,0,0,4,8,12,16,5,0,0,0,0,0,6,16,11,0,0,0,0,0,6,16,12,0,0,0,0,0,6,16,15,1,0,0,0,0,4,15,11,2,0
img_1296,0,0,0,12,11,0,0,0,0,0,12,12,9,10,0,0,0,2,16,2,1,11,1,0,0,1,15,0,0,5,8,0,0,2,14,0,0,5,10,0,0,0,13,2,0,2,13,0,0,0,7,9,0,7,11,0,0,0,0,11,13,16,2,0
img_1297,0,1,13,16,16,12,0,0,0,3,12,6,11,14,0,0,0,0,0,0,9,12,0,0,0,1,9,15,16,16,9,0,0,2,12,15,14,5,5,0,0,0,5,15,1,0,0,0,0,0,11,9,0,0,0,0,0,0,15,3,0,0,0,0
img_1298,0,0,0,16,12,1,0,0,0,0,6,16,14,7,0,0,0,0,14,15,1,11,0,0,0,0,16,15,0,14,1,0,0,1,16,10,0,14,2,0,0,0,15,13,3,15,3,0,0,0,9,16,16,15,0,0,0,0,0,13,16,8,0,0
img_1299,0,0,1,14,16,8,0,0,0,0,2,10,5,14,0,0,0,0,0,2,7,15,0,0,0,0,0,6,16,10,0,0,0,0,0,0,3,14,4,0,0,0,13,0,0,4,12,0,0,0,13,6,4,8,13,0,0,0,0,12,16,15,6,0
img_1300,0,0,3,13,16,16,13,0,0,0,11,14,8,15,9,0,0,0,3,5,2,14,2,0,0,0,0,0,9,11,1,0,0,0,2,15,15,16,9,0,0,0,2,15,14,8,2,0,0,0,0,11,10,0,0,0,0,0,2,15,4,0,0,0
img_1301,0,0,7,15,14,6,0,0,0,5,16,5,10,16,4,0,0,6,15,2,10,14,1,0,0,1,13,16,14,1,0,0,0,0,10,13,15,8,0,0,0,0,15,2,3,15,6,0,0,0,15,3,8,15,6,0,0,0,6,16,11,4,0,0
img_1302,0,0,3,13,16,16,5,0,0,4,15,13,10,16,6,0,0,1,8,1,4,16,4,0,0,0,1,6,11,16,10,0,0,0,13,16,16,13,3,0,0,0,10,7,16,4,0,0,0,0,0,11,13,0,0,0,0,0,4,16,8,0,0,0
img_1303,0,0,0,11,16,12,1,0,0,0,5,16,10,16,4,0,0,2,15,10,0,8,1,0,0,5,16,9,1,0,0,0,0,8,16,16,9,0,0,0,0,2,16,10,16,6,0,0,0,0,11,16,16,7,0,0,0,0,1,8,13,0,0,0
img_1304,0,1,13,16,16,16,12,1,0,6,16,14,12,11,5,0,0,2,15,15,5,0,0,0,0,0,8,14,15,1,0,0,0,0,0,3,16,6,0,0,0,0,0,3,16,5,0,0,0,0,7,10,16,4,0,0,0,0,15,16,10,0,0,0
img_1305,0,0,7,15,16,10,0,0,0,0,14,9,10,16,1,0,0,0,2,5,15,14,0,0,0,0,0,11,16,5,0,0,0,0,0,2,16,8,0,0,0,0,0,0,10,13,0,0,0,0,11,9,15,16,1,0,0,0,8,16,16,12,0,0
img_1306,0,2,13,16,16,16,15,2,0,8,16,12,8,4,1,0,0,5,16,13,1,0,0,0,0,0,8,16,8,0,0,0,0,0,0,10,16,0,0,0,0,0,0,9,16,0,0,0,0,0,3,13,12,0,0,0,0,2,16,16,6,0,0,0
img_1307,0,1,11,16,16,4,0,0,0,7,16,8,14,11,0,0,0,0,0,10,16,6,0,0,0,0,0,15,16,6,0,0,0,0,0,0,8,16,2,0,0,1,5,0,0,14,9,0,0,4,16,10,11,16,6,0,0,1,13,16,16,10,0,0
img_1308,0,0,5,10,11,13,12,0,0,2,14,8,8,13,10,0,0,1,6,0,4,13,0,0,0,0,0,1,15,2,0,0,0,0,0,11,15,8,1,0,0,2,15,15,8,7,0,0,0,1,9,12,0,0,0,0,0,0,7,11,0,0,0,0
img_1309,0,0,4,14,15,6,0,0,0,5,16,16,16,16,0,0,0,5,16,16,16,16,3,0,0,0,2,8,13,16,5,0,0,0,0,0,8,16,6,0,0,0,0,0,4,16,8,0,0,0,1,6,13,16,6,0,0,0,4,13,15,9,0,0
img_1310,0,0,0,8,15,9,1,0,0,0,11,14,12,15,8,0,0,0,15,5,6,14,2,0,0,0,14,14,15,1,0,0,0,1,13,16,6,0,0,0,0,6,16,9,13,0,0,0,0,2,13,15,16,4,0,0,0,0,1,9,15,2,0,0
img_1311,0,3,15,15,3,0,0,0,0,8,14,12,10,0,0,0,0,5,11,6,14,0,0,0,0,0,0,7,14,0,0,0,0,0,0,10,12,0,0,0,0,0,0,15,9,0,0,0,0,1,11,16,12,8,5,0,0,5,16,16,16,16,16,0
img_1312,0,0,3,15,2,0,0,0,0,0,12,12,1,7,0,0,0,2,16,4,9,13,0,0,0,8,11,6,16,1,2,0,0,12,10,12,14,12,11,0,0,11,16,16,14,7,1,0,0,1,7,16,0,0,0,0,0,0,5,16,1,0,0,0
img_1313,0,0,10,13,14,8,0,0,0,0,13,9,5,12,5,0,0,4,13,0,0,4,8,0,0,4,8,0,0,4,8,0,0,8,4,0,0,13,2,0,0,8,4,0,9,10,0,0,0,4,12,12,13,1,0,0,0,1,11,11,1,0,0,0
img_1314,0,0,0,6,15,6,0,0,0,1,11,13,8,11,0,0,0,9,13,0,9,10,0,0,0,8,9,3,15,3,0,0,0,0,0,5,14,3,0,0,0,0,3,0,5,13,2,0,0,0,9,12,5,10,7,0,0,0,0,6,12,15,5,0
img_1315,0,0,0,8,12,1,0,0,0,0,1,15,12,1,0,0,0,0,6,16,3,0,0,0,0,0,7,16,1,0,0,0,0,1,16,16,14,5,0,0,0,1,12,16,6,14,9,0,0,0,2,16,6,10,15,0,0,0,0,6,16,16,11,0
img_1316,0,0,5,16,14,8,0,0,0,0,4,16,16,7,0,0,0,0,14,16,16,8,0,0,0,0,14,16,16,8,0,0,0,0,11,16,16,5,0,0,0,0,10,16,16,8,0,0,0,0,11,16,16,14,3,0,0,0,6,16,16,16,3,0
img_1317,0,0,6,14,13,3,0,0,0,0,12,2,3,14,0,0,0,0,0,0,8,13,0,0,0,0,0,12,16,3,0,0,0,0,0,0,8,13,1,0,0,1,7,0,0,7,11,0,0,3,13,2,0,7,13,0,0,0,5,14,14,15,6,0
img_1318,0,3,14,14,16,16,10,0,0,9,15,9,7,1,0,0,0,10,16,11,1,0,0,0,0,1,7,14,9,0,0,0,0,0,0,7,16,0,0,0,0,0,0,6,15,0,0,0,0,1,1,11,10,0,0,0,0,3,15,16,4,0,0,0
img_1319,0,0,2,12,16,10,0,0,0,3,15,10,7,16,4,0,0,9,8,0,11,10,0,0,0,3,15,11,14,1,0,0,0,0,10,16,9,0,0,0,0,0,14,7,13,4,0,0,0,0,9,7,6,10,0,0,0,0,1,12,16,5,0,0
img_1320,0,0,1,13,16,2,0,0,0,0,8,16,12,1,0,0,0,0,14,16,2,0,0,0,0,0,15,14,9,1,0,0,0,1,16,16,16,10,0,0,0,0,13,15,13,15,0,0,0,0,8,16,14,14,1,0,0,0,1,11,16,8,0,0
img_1321,0,0,4,14,5,0,0,0,0,0,13,14,0,0,0,0,0,2,16,10,0,0,0,0,0,4,16,7,0,0,0,0,0,6,16,16,15,4,0,0,0,4,16,9,4,16,2,0,0,1,15,13,6,16,11,0,0,0,4,13,16,15,5,0
img_1322,0,0,0,10,13,1,0,0,0,1,11,12,7,0,0,0,0,2,16,12,0,0,0,0,0,4,16,11,0,0,0,0,0,4,16,15,8,4,0,0,0,4,16,16,13,16,6,0,0,0,7,16,7,13,14,0,0,0,0,7,15,15,5,0
img_1323,0,0,3,13,8,0,0,0,0,4,16,16,14,0,0,0,0,11,11,9,10,0,0,0,0,8,14,15,9,0,0,0,0,0,7,16,15,5,0,0,0,0,4,16,3,13,9,0,0,0,5,15,4,13,11,0,0,0,1,15,15,8,2,0
img_1324,0,0,8,16,11,1,0,0,0,0,14,2,5,9,0,0,0,0,14,1,5,12,0,0,0,0,6,16,16,14,1,0,0,0,0,3,7,10,7,0,0,0,0,0,0,4,12,0,0,0,6,1,0,2,14,0,0,0,9,16,16,16,12,0
img_1325,0,0,3,11,16,15,2,0,0,4,16,10,4,16,4,0,0,7,6,0,5,16,1,0,0,0,0,0,10,12,0,0,0,0,0,9,16,16,10,0,0,0,0,6,15,6,1,0,0,0,0,13,9,0,0,0,0,0,1,15,2,0,0,0
img_1326,0,0,8,16,16,13,0,0,0,0,10,11,9,16,2,0,0,0,0,4,16,12,0,0,0,0,2,16,15,1,0,0,0,0,2,15,11,0,0,0,0,0,0,4,16,3,0,0,0,3,12,2,14,4,0,0,0,0,9,16,16,5,0,0
img_1327,0,0,6,16,4,0,0,0,0,0,4,16,9,0,0,0,0,0,7,16,12,0,0,0,0,0,13,16,15,0,0,0,0,0,13,15,16,2,0,0,0,0,1,2,15,8,0,0,0,0,6,9,14,15,13,7,0,0,5,15,16,16,15,3
img_1328,0,0,0,4,12,16,11,0,0,0,15,12,0,5,9,0,0,4,16,5,6,15,3,0,0,3,15,16,14,1,0,0,0,0,3,10,16,2,0,0,0,0,0,0,14,2,0,0,0,0,0,0,12,0,0,0,0,0,0,4,12,0,0,0
img_1329,0,0,0,16,7,0,0,0,0,0,6,16,4,0,0,0,0,0,11,15,0,0,0,0,0,0,12,12,0,0,0,0,0,0,15,16,16,8,0,0,0,0,12,16,13,15,8,0,0,0,12,16,7,13,15,0,0,0,1,11,16,15,9,0
img_1330,0,0,5,15,13,2,0,0,0,1,15,11,8,13,0,0,0,5,14,0,0,14,5,0,0,9,16,1,0,7,9,0,0,9,13,0,0,5,14,0,0,6,16,2,0,5,15,0,0,2,14,11,5,14,12,0,0,0,5,15,16,15,3,0
img_1331,0,0,8,9,8,12,8,0,0,0,12,14,10,8,5,0,0,1,14,2,0,0,0,0,0,6,16,12,12,8,0,0,0,1,4,4,7,15,7,0,0,0,0,0,0,10,7,0,0,1,12,4,9,15,1,0,0,0,9,16,14,3,0,0
img_1332,0,2,13,16,15,2,0,0,0,15,14,7,16,5,0,0,0,10,1,2,16,4,0,0,0,0,1,11,16,15,8,0,0,0,15,16,13,8,2,0,0,0,10,14,0,0,0,0,0,0,11,10,0,0,0,0,0,0,15,3,0,0,0,0
img_1333,0,0,6,14,13,3,0,0,0,0,14,10,7,13,0,0,0,4,13,0,0,12,3,0,0,5,11,0,0,7,6,0,0,4,11,0,0,4,8,0,0,2,12,0,0,6,6,0,0,0,12,8,2,14,2,0,0,0,4,15,16,9,0,0
img_1334,0,0,0,11,8,0,0,0,0,0,2,16,5,0,0,0,0,0,12,10,4,10,0,0,0,6,15,2,15,8,0,0,0,10,12,4,16,7,6,0,0,10,16,15,16,14,6,0,0,3,8,16,9,0,0,0,0,0,0,14,11,0,0,0
img_1335,0,0,1,14,3,0,0,0,0,0,8,14,0,3,0,0,0,1,16,4,10,12,0,0,0,7,14,2,15,5,0,0,0,13,14,11,16,16,9,0,0,8,16,16,14,4,0,0,0,0,0,15,9,0,0,0,0,0,2,16,5,0,0,0
img_1336,0,0,0,12,16,1,0,0,0,0,4,16,11,0,0,0,0,0,12,15,1,0,0,0,0,0,15,13,8,4,0,0,0,3,16,15,11,15,7,0,0,2,15,10,0,4,15,3,0,0,8,12,4,6,16,5,0,0,1,11,16,16,13,0
img_1337,0,0,4,14,16,5,0,0,0,4,16,16,16,8,0,0,0,12,12,0,15,8,0,0,0,2,1,5,16,13,1,0,0,0,0,1,11,15,11,0,0,0,0,0,0,11,12,0,0,0,2,13,12,16,7,0,0,0,3,16,15,8,0,0
img_1338,0,0,13,10,1,0,0,0,0,5,16,14,7,0,0,0,0,4,16,8,14,0,0,0,0,2,14,16,16,6,0,0,0,0,1,4,9,13,1,0,0,0,0,0,0,13,6,0,0,0,5,8,5,9,14,0,0,0,13,13,15,16,13,0
img_1339,0,0,4,16,1,0,0,0,0,0,12,13,0,1,1,0,0,3,16,8,5,16,6,0,0,9,16,6,14,16,2,0,0,11,16,16,16,9,0,0,0,0,10,15,15,2,0,0,0,0,3,16,9,0,0,0,0,0,5,16,3,0,0,0
img_1340,0,0,3,15,16,12,0,0,0,0,6,16,6,14,6,0,0,0,0,3,1,15,6,0,0,0,0,1,14,16,3,0,0,5,8,2,13,16,3,0,0,5,16,0,0,9,13,0,0,1,15,11,8,12,16,1,0,0,3,14,16,16,9,0
img_1341,0,0,7,16,14,3,0,0,0,0,9,14,11,15,0,0,0,0,1,5,0,15,5,0,0,0,0,0,0,16,5,0,0,0,0,0,3,16,4,0,0,0,0,1,12,14,1,0,0,0,5,12,16,16,14,1,0,0,8,16,14,10,13,3
img_1342,0,0,6,8,8,13,3,0,0,1,14,14,12,9,3,0,0,4,16,8,2,0,0,0,0,4,16,13,15,7,0,0,0,0,0,0,3,15,0,0,0,0,0,0,3,15,0,0,0,0,6,8,13,8,0,0,0,0,9,15,8,0,0,0
img_1343,0,0,4,15,7,0,0,0,0,1,13,12,16,2,2,0,0,7,11,0,11,12,1,0,0,4,8,6,13,3,0,0,0,3,16,15,1,0,0,0,0,2,16,14,6,0,0,0,0,3,16,10,14,3,0,0,0,0,2,9,12,3,0,0
img_1344,0,0,11,14,10,1,0,0,0,0,16,15,14,13,0,0,0,1,14,8,3,16,2,0,0,0,7,16,13,16,2,0,0,0,0,12,16,9,0,0,0,0,1,14,16,12,0,0,0,0,10,16,15,16,0,0,0,0,7,14,15,11,0,0
img_1345,0,0,0,9,15,6,0,0,0,0,5,15,16,15,0,0,0,0,15,15,4,16,3,0,0,2,14,5,0,12,8,0,0,6,13,0,1,14,6,0,0,1,10,14,15,16,3,0,0,0,3,16,16,14,1,0,0,0,0,9,13,5,0,0
img_1346,0,0,0,5,14,12,2,0,0,0,7,15,8,14,4,0,0,0,6,2,3,13,1,0,0,0,0,1,13,4,0,0,0,0,1,11,9,0,0,0,0,8,16,13,0,0,0,0,0,5,14,16,11,2,0,0,0,0,0,6,12,13,3,0
img_1347,0,0,2,13,13,1,0,0,0,0,8,16,14,4,0,0,0,0,5,16,10,8,4,0,0,0,1,16,16,10,2,0,0,2,15,13,12,0,0,0,0,5,12,3,15,1,0,0,0,0,14,3,13,4,0,0,0,0,3,15,13,1,0,0
img_1348,0,0,6,16,16,3,0,0,0,0,8,16,16,12,0,0,0,0,0,4,15,11,0,0,0,0,6,16,16,16,13,0,0,0,11,16,16,5,1,0,0,0,0,14,7,0,0,0,0,0,4,16,1,0,0,0,0,0,11,11,0,0,0,0
img_1349,0,3,12,16,9,0,0,0,0,13,15,8,15,2,0,0,0,11,6,0,12,4,0,0,0,1,0,0,15,3,0,0,0,0,0,4,16,1,0,0,0,0,0,12,11,0,0,0,0,0,11,16,10,4,6,1,0,2,15,16,16,16,16,3
img_1350,0,0,10,16,14,5,0,0,0,2,16,16,8,0,0,0,0,0,9,16,16,5,0,0,0,0,7,16,16,3,0,0,0,0,14,14,13,11,0,0,0,5,16,1,6,15,0,0,0,7,14,9,13,15,1,0,0,1,11,16,15,6,0,0
img_1351,0,3,15,15,2,0,0,0,0,7,16,16,6,0,0,0,0,1,9,16,6,0,0,0,0,0,6,16,1,0,0,0,0,0,10,12,0,0,0,0,0,3,15,8,0,0,0,0,0,8,16,13,15,15,5,0,0,4,16,16,16,13,3,0
img_1352,0,0,5,16,8,0,0,0,0,0,10,5,12,6,0,0,0,4,14,0,2,13,0,0,0,4,10,0,0,9,8,0,0,5,8,0,0,8,8,0,0,2,11,0,0,9,6,0,0,0,15,6,8,15,1,0,0,0,4,13,12,3,0,0
img_1353,0,0,6,16,16,6,0,0,0,5,13,5,7,13,0,0,0,1,1,0,5,11,0,0,0,0,0,5,14,14,8,0,0,0,0,5,16,8,2,0,0,0,0,8,8,0,0,0,0,0,1,14,3,0,0,0,0,0,7,12,0,0,0,0
img_1354,0,0,2,12,12,12,9,2,0,0,9,15,12,13,16,5,0,0,12,8,0,8,10,0,0,1,16,3,3,15,2,0,0,1,3,0,12,7,0,0,0,0,0,4,13,0,0,0,0,0,0,13,9,0,0,0,0,0,3,15,3,0,0,0
img_1355,0,0,4,9,13,13,0,0,0,1,13,15,6,2,0,0,0,0,9,7,0,0,0,0,0,0,13,3,4,0,0,0,0,2,16,16,16,8,0,0,0,2,11,3,0,10,4,0,0,0,2,5,4,15,1,0,0,0,3,12,14,8,0,0
img_1356,0,0,0,5,14,0,0,0,0,0,0,13,14,12,0,0,0,0,7,13,6,13,0,0,0,2,16,3,10,11,0,0,0,6,16,13,16,16,5,0,0,2,8,9,16,11,2,0,0,0,0,3,16,0,0,0,0,0,0,7,12,0,0,0
img_1357,0,0,3,10,12,12,2,0,0,1,13,12,6,13,8,0,0,8,16,8,8,14,1,0,0,5,14,16,16,3,0,0,0,0,12,16,15,2,0,0,0,3,16,2,15,10,0,0,0,4,16,8,12,12,0,0,0,0,9,16,15,3,0,0
img_1358,0,0,2,11,16,12,2,0,0,0,11,7,4,7,8,0,0,5,14,4,0,8,4,0,0,2,15,9,6,11,0,0,0,0,3,16,11,0,0,0,0,0,9,13,11,0,0,0,0,0,12,10,16,1,0,0,0,0,2,12,16,3,0,0
img_1359,0,0,0,2,16,4,0,0,0,0,0,10,16,6,0,0,0,0,4,16,12,15,0,0,0,2,13,8,9,14,0,0,0,9,16,16,16,16,6,0,0,2,4,5,14,15,0,0,0,0,0,0,15,11,0,0,0,0,0,0,13,8,0,0
img_1360,0,0,0,8,13,0,0,0,0,0,0,14,6,0,0,0,0,0,6,12,0,0,0,0,0,0,8,13,8,2,0,0,0,0,13,16,13,14,4,0,0,0,11,8,2,3,13,0,0,0,7,11,5,12,11,0,0,0,1,11,12,4,0,0
img_1361,0,0,13,14,9,1,0,0,0,5,16,12,12,12,1,0,0,6,16,2,2,16,5,0,0,3,16,5,3,16,9,0,0,0,9,16,16,16,10,0,0,0,0,6,7,15,9,0,0,0,0,0,6,16,5,0,0,0,10,16,16,12,0,0
img_1362,0,0,3,13,13,3,0,0,0,2,14,12,12,11,0,0,0,4,16,8,5,15,3,0,0,1,13,14,16,7,0,0,0,0,11,16,13,1,0,0,0,1,16,12,13,14,1,0,0,0,13,13,9,16,7,0,0,0,3,13,16,10,1,0
img_1363,0,0,0,9,14,2,0,0,0,0,2,16,12,0,0,0,0,0,10,16,7,0,0,0,0,0,16,16,16,8,0,0,0,4,16,14,8,15,3,0,0,1,15,6,0,11,11,0,0,0,10,15,7,12,16,0,0,0,1,9,15,15,10,0
img_1364,0,0,1,14,14,2,0,0,0,0,1,14,16,3,0,0,0,0,0,10,16,2,0,0,0,0,0,11,16,5,0,0,0,0,0,15,16,5,0,0,0,0,0,15,16,5,0,0,0,0,0,10,16,12,1,0,0,0,0,14,16,11,0,0
img_1365,0,1,13,16,7,0,0,0,0,5,16,12,15,3,0,0,0,0,9,6,15,9,0,0,0,0,0,0,14,10,0,0,0,0,0,0,14,11,0,0,0,0,0,8,16,4,1,0,0,0,9,16,16,6,16,5,0,0,8,12,13,16,16,11
img_1366,0,0,2,12,16,10,0,0,0,0,12,7,1,13,4,0,0,3,16,0,8,12,0,0,0,4,16,11,14,1,0,0,0,0,7,16,6,0,0,0,0,0,6,12,15,2,0,0,0,0,8,7,13,4,0,0,0,0,3,13,16,3,0,0
img_1367,0,0,10,15,14,4,0,0,0,0,4,6,13,16,2,0,0,0,0,3,16,9,0,0,0,0,0,1,16,6,0,0,0,0,0,0,10,12,0,0,0,0,0,0,1,16,4,0,0,1,9,5,6,16,7,0,0,0,14,12,15,11,2,0
img_1368,0,0,0,6,16,4,0,0,0,0,1,13,15,1,0,0,0,1,11,16,5,0,0,0,0,8,16,10,0,10,6,0,0,12,16,8,9,16,12,0,0,2,15,16,16,16,7,0,0,0,0,4,16,11,0,0,0,0,0,7,16,3,0,0
img_1369,0,0,10,10,14,16,14,0,0,0,14,8,4,0,0,0,0,0,16,0,6,11,5,0,0,3,16,14,10,10,9,0,0,3,14,5,0,9,8,0,0,0,0,0,6,13,0,0,0,0,3,9,13,3,0,0,0,0,8,13,1,0,0,0
img_1370,0,0,0,8,7,0,0,0,0,0,4,16,11,0,0,0,0,0,9,16,1,0,0,0,0,0,11,14,11,13,2,0,0,0,13,16,14,14,10,0,0,0,10,15,1,5,13,0,0,0,6,16,8,14,12,0,0,0,0,5,14,16,4,0
img_1371,0,0,2,14,15,3,0,0,0,0,7,16,11,0,0,0,0,0,13,15,1,0,0,0,0,1,16,11,0,0,0,0,0,2,16,9,0,0,0,0,0,2,16,16,16,9,0,0,0,0,13,16,10,16,7,0,0,0,3,15,16,16,4,0
img_1372,0,0,0,6,12,0,0,0,0,0,5,16,7,0,0,0,0,0,12,9,0,0,0,0,0,1,16,5,0,0,0,0,0,1,16,10,12,9,2,0,0,0,13,8,2,5,13,0,0,0,6,11,1,2,16,3,0,0,0,8,11,14,11,2
img_1373,0,0,0,0,10,11,0,0,0,0,0,0,16,13,0,0,0,0,0,7,16,9,0,0,0,0,0,13,16,3,0,0,0,0,10,16,16,0,0,0,0,0,15,16,16,4,0,0,0,3,12,6,16,6,0,0,0,0,0,0,10,13,7,0
img_1374,0,0,5,12,16,9,0,0,0,7,16,10,3,0,0,0,0,8,13,0,0,0,0,0,0,9,14,4,6,0,0,0,0,4,14,12,13,13,1,0,0,0,0,0,0,15,4,0,0,0,0,0,4,15,7,0,0,0,4,12,13,8,0,0
img_1375,0,0,8,12,12,14,3,0,0,0,11,11,10,16,2,0,0,0,0,0,9,13,0,0,0,0,0,14,16,13,0,0,0,0,0,8,8,16,4,0,0,0,3,0,0,16,4,0,0,1,16,9,9,15,2,0,0,1,11,14,15,3,0,0
img_1376,0,0,9,13,16,16,4,0,0,2,12,5,4,14,4,0,0,0,0,0,5,13,0,0,0,0,0,3,13,12,5,0,0,0,0,13,14,12,8,0,0,0,0,13,6,0,0,0,0,0,4,14,1,0,0,0,0,0,14,7,0,0,0,0
img_1377,0,0,11,16,8,0,0,0,0,6,16,11,13,9,0,0,0,7,16,0,9,16,0,0,0,2,15,12,16,16,3,0,0,0,5,7,7,16,4,0,0,0,0,0,5,16,5,0,0,0,3,7,16,11,0,0,0,0,13,16,11,1,0,0
img_1378,0,0,4,16,16,4,0,0,0,0,12,11,7,11,0,0,0,0,9,2,5,12,0,0,0,0,0,0,7,11,0,0,0,0,0,0,13,6,0,0,0,0,0,2,16,1,0,0,0,0,1,15,15,10,1,0,0,0,5,16,8,11,11,0
img_1379,0,0,0,5,15,13,1,0,0,0,2,14,16,14,0,0,0,1,13,16,16,12,0,0,0,9,16,14,16,6,0,0,0,3,5,6,16,4,0,0,0,0,0,8,16,2,0,0,0,0,0,9,16,3,0,0,0,0,0,4,15,13,1,0
img_1380,0,0,2,13,15,8,0,0,0,0,10,14,10,11,8,0,0,0,16,1,0,0,9,0,0,3,13,0,0,0,8,0,0,4,12,0,0,1,8,0,0,5,12,0,0,10,0,0,0,0,15,8,7,10,0,0,0,0,4,14,14,1,0,0
img_1381,0,0,7,15,15,2,0,0,0,0,13,6,12,6,0,0,0,0,0,0,15,2,0,0,0,0,0,13,10,0,0,0,0,0,0,8,15,12,0,0,0,3,7,0,2,15,1,0,0,2,15,6,6,16,1,0,0,0,4,15,16,7,0,0
img_1382,0,0,9,16,5,0,0,0,0,6,16,16,15,0,0,0,0,7,16,14,16,2,0,0,0,3,6,12,16,0,0,0,0,0,0,15,12,0,0,0,0,0,7,16,6,1,3,0,0,0,9,16,13,15,8,0,0,0,7,16,16,8,1,0
img_1383,0,0,0,3,13,7,0,0,0,0,1,14,11,0,0,0,0,0,12,12,1,2,3,0,0,7,16,4,1,15,10,0,0,10,14,0,7,16,8,0,0,15,16,16,16,16,1,0,0,4,11,11,15,11,0,0,0,0,0,2,15,4,0,0
img_1384,0,0,0,12,15,1,0,0,0,0,4,16,13,1,0,0,0,1,14,15,2,0,0,0,0,4,16,15,10,7,0,0,0,7,16,16,12,16,6,0,0,3,16,13,0,16,12,0,0,0,11,16,13,16,12,0,0,0,1,9,13,12,4,0
img_1385,0,0,10,16,9,0,0,0,0,4,16,16,16,0,0,0,0,2,12,9,15,0,0,0,0,0,0,11,11,0,0,0,0,0,1,16,7,0,0,0,0,0,9,16,2,0,0,0,0,0,15,16,8,5,0,0,0,0,11,16,16,16,2,0
img_1386,0,0,9,14,8,1,0,0,0,0,12,14,14,12,0,0,0,0,9,10,0,15,4,0,0,0,3,16,12,14,2,0,0,0,4,16,16,2,0,0,0,3,16,8,10,13,2,0,0,1,15,1,3,16,8,0,0,0,11,16,15,11,1,0
img_1387,0,0,1,11,15,8,0,0,0,0,12,14,10,16,5,0,0,0,16,7,13,16,4,0,0,0,9,15,13,16,4,0,0,0,0,0,1,15,4,0,0,0,0,0,0,16,4,0,0,8,16,14,9,16,4,0,0,0,2,10,15,15,2,0
img_1388,0,1,7,13,16,13,0,0,0,7,16,16,16,14,0,0,0,1,7,16,10,1,0,0,0,1,16,15,0,0,0,0,0,0,8,15,14,3,0,0,0,0,0,1,14,15,3,0,0,0,1,5,13,16,7,0,0,0,8,15,10,6,0,0
img_1389,0,0,5,13,9,1,0,0,0,0,13,15,10,15,5,0,0,3,15,2,0,11,8,0,0,4,12,0,0,8,8,0,0,5,8,0,0,9,8,0,0,4,11,0,1,12,7,0,0,2,14,5,10,12,0,0,0,0,6,13,10,0,0,0
img_1390,0,0,0,16,11,0,0,0,0,0,6,16,10,0,0,0,0,0,11,11,0,0,0,0,0,0,12,15,11,5,0,0,0,0,14,15,12,15,11,0,0,0,12,13,0,0,16,5,0,0,6,15,4,11,16,4,0,0,0,13,16,14,9,0
img_1391,0,0,7,15,6,0,0,0,0,4,16,9,14,3,0,0,0,2,14,0,13,6,0,0,0,0,2,0,11,10,0,0,0,0,0,0,13,6,0,0,0,0,0,5,15,7,0,0,0,0,9,16,16,16,15,0,0,0,6,15,7,4,6,1
img_1392,0,0,3,15,12,2,0,0,0,0,1,16,16,6,0,0,0,0,4,16,16,2,0,0,0,0,3,16,16,6,0,0,0,0,4,16,16,0,0,0,0,0,1,15,16,6,0,0,0,0,4,16,16,4,0,0,0,0,4,16,16,6,0,0
img_1393,0,0,10,14,11,3,0,0,0,4,16,13,6,14,1,0,0,4,16,2,0,11,7,0,0,8,16,0,0,10,5,0,0,8,16,0,0,14,4,0,0,8,16,0,1,16,1,0,0,4,16,1,11,15,0,0,0,0,11,16,12,3,0,0
img_1394,0,0,8,16,13,2,0,0,0,2,16,8,11,14,1,0,0,3,16,1,12,16,5,0,0,0,12,16,16,13,9,0,0,0,0,4,2,9,14,0,0,0,4,5,0,8,13,0,0,1,16,11,1,13,7,0,0,0,8,15,16,15,1,0
img_1395,0,0,10,11,4,0,0,0,0,0,10,15,13,13,1,0,0,0,8,11,0,14,4,0,0,0,0,13,15,13,0,0,0,1,11,16,16,0,0,0,0,1,15,3,9,10,0,0,0,0,14,6,15,10,0,0,0,0,8,14,7,1,0,0
img_1396,0,0,2,13,16,8,0,0,0,0,13,7,7,13,0,0,0,1,7,0,7,13,2,0,0,0,1,10,16,16,13,0,0,0,6,13,16,2,0,0,0,0,1,5,11,0,0,0,0,0,0,12,4,0,0,0,0,0,2,14,0,0,0,0
img_1397,0,0,0,9,16,4,0,0,0,1,9,16,13,2,0,0,0,14,16,14,8,0,0,0,1,15,15,5,16,9,0,0,0,5,16,16,16,8,0,0,0,0,2,13,16,1,0,0,0,0,0,11,13,0,0,0,0,0,0,11,13,0,0,0
img_1398,0,1,11,15,13,2,0,0,0,8,13,5,14,9,0,0,0,3,15,1,10,12,0,0,0,0,7,15,14,16,3,0,0,0,0,0,0,13,8,0,0,0,0,0,0,12,8,0,0,2,8,4,5,16,7,0,0,1,15,16,15,8,1,0
img_1399,0,2,14,16,16,13,5,0,0,7,16,13,8,8,1,0,0,10,15,0,0,0,0,0,0,10,16,0,0,0,0,0,0,7,16,6,0,0,0,0,0,1,12,16,8,0,0,0,0,1,8,16,10,0,0,0,0,3,16,15,1,0,0,0
img_1400,0,0,1,9,15,15,1,0,0,0,13,14,8,12,4,0,0,5,11,1,2,13,1,0,0,1,4,0,11,6,0,0,0,0,0,0,15,14,1,0,0,0,0,0,3,13,6,0,0,0,0,4,10,16,2,0,0,0,0,12,13,4,0,0
img_1401,0,0,0,10,15,0,0,0,0,0,11,15,3,0,0,0,0,7,15,4,0,0,0,0,0,12,11,1,3,8,2,0,0,4,12,15,15,16,9,0,0,0,0,8,16,8,2,0,0,0,0,10,12,0,0,0,0,0,0,12,9,0,0,0
img_1402,0,1,13,16,16,8,0,0,0,11,13,4,13,7,0,0,0,7,1,7,16,1,0,0,0,0,5,16,15,9,0,0,0,0,3,6,8,15,8,0,0,0,6,1,0,7,13,0,0,4,16,5,2,13,10,0,0,1,12,16,16,11,1,0
img_1403,0,3,16,9,2,0,0,0,0,3,16,13,12,0,0,0,0,0,12,11,14,10,6,0,0,0,2,15,16,10,2,0,0,0,6,14,15,1,0,0,0,3,15,4,9,7,0,0,0,6,13,1,10,9,0,0,0,2,11,12,14,4,0,0
img_1404,0,1,10,16,15,2,0,0,0,1,12,13,16,4,0,0,0,0,0,0,16,8,0,0,0,0,7,11,16,13,8,0,0,8,16,16,16,16,6,0,0,2,10,16,9,0,0,0,0,0,3,16,4,0,0,0,0,0,10,15,2,0,0,0
img_1405,0,1,8,16,15,0,0,0,0,4,13,5,16,0,0,0,0,0,0,0,16,0,0,0,0,0,1,7,14,6,2,0,0,0,12,16,14,13,8,0,0,0,8,16,4,0,0,0,0,0,5,15,0,0,0,0,0,0,14,8,0,0,0,0
img_1406,0,0,3,16,12,1,0,0,0,0,3,16,16,5,0,0,0,0,2,16,16,5,0,0,0,0,0,16,16,5,0,0,0,0,4,16,16,2,0,0,0,0,4,16,14,0,0,0,0,0,6,16,14,0,0,0,0,0,2,16,14,0,0,0
img_1407,0,1,15,16,4,0,0,0,0,9,16,11,14,0,0,0,0,12,10,5,16,0,0,0,0,4,7,8,13,0,0,0,0,0,1,15,6,0,0,0,0,0,5,16,2,0,0,0,0,4,15,14,10,11,12,1,0,0,13,16,16,15,11,1
img_1408,0,0,12,15,3,0,0,0,0,6,15,12,14,0,0,0,0,7,5,1,16,2,0,0,0,0,0,0,11,7,0,0,0,0,0,2,15,3,0,0,0,0,0,8,14,1,0,0,0,0,12,16,12,8,5,0,0,0,9,8,13,15,7,0
img_1409,0,1,13,16,16,11,1,0,0,8,16,16,13,11,1,0,0,11,13,1,0,0,0,0,0,10,13,2,0,0,0,0,0,2,14,15,6,0,0,0,0,0,0,8,16,6,0,0,0,0,6,9,15,9,0,0,0,0,13,16,15,3,0,0
img_1410,0,0,5,11,16,16,8,0,0,0,15,14,8,12,15,0,0,0,0,0,2,14,9,0,0,0,0,0,11,12,1,0,0,0,0,1,16,5,0,0,0,0,0,1,14,9,0,0,0,0,1,4,15,9,0,0,0,0,7,16,11,2,0,0
img_1411,0,0,0,7,13,0,0,0,0,0,0,14,6,0,0,0,0,0,10,10,2,6,0,0,0,3,16,3,9,13,2,0,0,11,12,6,14,16,10,0,0,11,16,16,16,10,3,0,0,2,8,10,16,1,0,0,0,0,0,9,13,0,0,0
img_1412,0,0,1,14,6,0,0,0,0,0,7,15,1,0,0,0,0,0,13,7,0,0,0,0,0,0,13,5,0,0,0,0,0,0,14,7,5,4,1,0,0,0,10,16,13,14,14,0,0,0,9,14,1,4,16,3,0,0,1,12,13,16,9,1
img_1413,0,0,6,15,15,3,0,0,0,5,16,13,15,8,0,0,0,8,13,0,13,8,0,0,0,0,0,3,16,3,0,0,0,0,0,11,12,0,0,0,0,0,3,16,5,9,8,0,0,0,8,15,15,15,3,0,0,0,5,16,12,1,0,0
img_1414,0,0,7,12,1,0,0,0,0,0,15,16,15,4,0,0,0,2,16,9,10,11,0,0,0,6,12,0,0,12,3,0,0,8,12,0,0,6,8,0,0,6,13,0,0,9,8,0,0,1,16,13,15,16,3,0,0,0,6,15,9,3,0,0
img_1415,0,0,2,8,8,8,12,2,0,0,12,16,14,14,15,1,0,0,14,9,0,12,6,0,0,0,10,2,8,11,0,0,0,0,0,2,14,3,0,0,0,0,0,9,8,0,0,0,0,0,0,14,4,0,0,0,0,0,3,15,0,0,0,0
img_1416,0,1,8,8,9,13,8,0,0,2,16,16,16,14,9,0,0,3,16,2,0,0,0,0,0,5,16,16,15,1,0,0,0,5,10,8,15,5,0,0,0,0,0,0,13,7,0,0,0,0,15,12,16,2,0,0,0,0,11,16,9,0,0,0
img_1417,0,2,8,15,16,10,0,0,0,11,16,10,4,15,1,0,0,12,13,0,0,13,5,0,0,11,13,0,0,15,7,0,0,8,16,0,0,15,6,0,0,6,16,1,5,16,2,0,0,2,16,6,15,12,0,0,0,0,7,16,14,1,0,0
img_1418,0,0,8,12,12,1,0,0,0,3,16,16,14,9,0,0,0,6,15,9,3,12,2,0,0,7,9,0,0,9,7,0,0,7,8,0,0,7,8,0,0,5,10,0,0,7,9,0,0,0,14,13,10,16,6,0,0,0,5,13,11,4,0,0
img_1419,0,0,1,13,12,1,0,0,0,0,9,16,16,12,0,0,0,0,14,6,0,13,3,0,0,6,10,0,0,10,6,0,0,7,13,0,0,9,8,0,0,3,16,1,3,14,7,0,0,0,11,16,16,16,1,0,0,0,0,11,16,6,0,0
img_1420,0,2,11,16,15,2,0,0,0,12,16,15,16,4,0,0,0,2,3,2,16,4,0,0,0,0,0,10,14,0,0,0,0,0,4,16,5,0,0,0,0,0,12,12,3,11,9,0,0,0,16,16,16,16,6,0,0,0,14,15,12,5,0,0
img_1421,0,0,0,1,12,8,1,0,0,0,0,4,16,16,1,0,0,0,1,13,16,11,0,0,0,1,11,16,16,12,0,0,0,2,12,8,16,10,0,0,0,0,0,0,15,8,0,0,0,0,0,4,16,4,0,0,0,0,0,3,13,4,0,0
img_1422,0,2,15,15,3,0,0,0,0,11,15,11,12,0,0,0,0,8,10,0,16,0,0,0,0,1,3,2,16,0,0,0,0,0,0,4,12,0,0,0,0,0,1,12,9,0,0,0,0,0,14,16,13,13,15,3,0,2,13,14,12,12,8,1
img_1423,0,0,10,16,11,0,0,0,0,8,15,10,15,2,0,0,0,11,11,2,16,5,0,0,0,7,5,6,16,3,0,0,0,0,1,15,10,0,0,0,0,0,10,16,2,0,0,0,0,0,12,14,8,10,5,0,0,0,12,16,16,16,15,0
img_1424,0,0,2,13,12,0,0,0,0,0,8,16,7,0,0,0,0,0,13,16,4,0,0,0,0,4,16,16,16,11,0,0,0,3,16,10,3,15,8,0,0,0,16,8,0,13,10,0,0,0,12,15,1,15,9,0,0,0,2,11,16,16,2,0
img_1425,0,0,0,15,5,0,0,0,0,0,4,16,7,0,0,0,0,1,13,16,0,9,2,0,0,5,16,11,5,16,9,0,0,7,16,14,16,16,7,0,0,1,11,15,16,10,0,0,0,0,0,13,16,3,0,0,0,0,1,16,11,0,0,0
img_1426,0,2,13,16,10,0,0,0,0,6,13,10,16,0,0,0,0,0,0,8,14,0,0,0,0,0,1,14,9,0,0,0,0,0,9,14,1,0,0,0,0,1,14,7,0,0,1,0,0,4,16,5,7,12,14,0,0,3,15,16,16,10,1,0
img_1427,0,0,5,13,11,1,0,0,0,3,16,11,8,12,0,0,0,5,16,0,0,13,3,0,0,5,13,0,0,6,7,0,0,7,10,0,0,8,7,0,0,4,13,0,1,14,5,0,0,1,15,5,12,10,0,0,0,0,7,16,10,1,0,0
img_1428,0,0,12,16,16,12,0,0,0,0,6,4,10,13,1,0,0,0,0,0,13,9,0,0,0,0,5,9,16,16,12,0,0,3,16,16,11,3,0,0,0,0,7,13,0,0,0,0,0,0,11,8,0,0,0,0,0,0,16,3,0,0,0,0
img_1429,0,0,4,13,15,9,0,0,0,4,14,6,5,16,0,0,0,7,12,2,2,16,0,0,0,4,16,15,14,7,0,0,0,0,9,16,16,5,0,0,0,0,10,6,8,15,2,0,0,0,11,9,4,13,11,0,0,0,2,14,16,15,6,0
img_1430,0,0,7,14,11,1,0,0,0,6,15,6,7,10,0,0,0,11,7,0,2,12,0,0,0,5,4,0,1,12,0,0,0,0,0,0,3,9,0,0,0,0,0,0,11,3,0,0,0,0,0,9,13,2,3,0,0,0,7,16,16,16,16,6
img_1431,0,0,0,12,8,0,0,0,0,0,6,16,3,12,4,0,0,1,16,5,8,14,0,0,0,9,15,0,13,10,2,0,0,10,15,12,16,16,9,0,0,6,16,16,15,9,1,0,0,0,0,14,5,0,0,0,0,0,0,15,0,0,0,0
img_1432,0,0,10,16,16,8,0,0,0,5,16,6,7,14,0,0,0,3,16,3,13,9,0,0,0,0,13,15,9,0,0,0,0,0,10,16,1,0,0,0,0,0,16,15,6,0,0,0,0,1,15,12,11,0,0,0,0,0,5,16,10,0,0,0
img_1433,0,0,7,15,15,4,0,0,0,8,16,16,16,4,0,0,0,8,15,8,16,4,0,0,0,0,0,10,15,0,0,0,0,0,1,15,9,0,0,0,0,0,6,16,2,0,0,0,0,0,8,16,8,11,9,0,0,0,9,16,16,12,3,0
img_1434,0,0,5,15,9,0,0,0,0,0,15,6,11,6,0,0,0,7,9,0,0,14,0,0,0,5,9,0,0,8,6,0,0,4,13,0,0,4,8,0,0,1,16,0,0,4,11,0,0,0,15,7,5,16,4,0,0,0,2,15,15,5,0,0
img_1435,0,0,3,16,12,1,0,0,0,0,10,16,16,0,0,0,0,0,12,16,12,0,0,0,0,0,13,16,10,0,0,0,0,0,16,16,1,0,0,0,0,0,16,16,0,0,0,0,0,0,10,16,1,0,0,0,0,0,2,13,9,0,0,0
img_1436,0,0,3,14,10,1,0,0,0,2,14,12,15,14,1,0,0,6,13,0,3,14,8,0,0,5,12,0,0,11,8,0,0,4,14,0,0,12,7,0,0,1,14,4,3,16,3,0,0,0,8,12,12,12,0,0,0,0,2,15,10,3,0,0
img_1437,0,0,7,15,12,0,0,0,0,3,15,8,14,2,0,0,0,0,5,2,11,0,0,0,0,0,1,11,8,2,0,0,0,0,8,16,16,15,4,0,0,0,1,4,2,12,6,0,0,0,2,4,13,12,0,0,0,0,5,13,9,1,0,0
img_1438,0,1,12,15,10,2,0,0,0,4,14,1,6,12,2,0,0,7,15,0,1,14,4,0,0,3,15,12,15,10,0,0,0,0,3,15,1,0,0,0,0,0,0,3,13,1,0,0,0,0,0,0,10,6,0,0,0,0,11,12,13,4,0,0
img_1439,0,0,6,15,9,0,0,0,0,9,16,14,16,1,0,0,0,14,12,3,16,4,0,0,0,9,11,3,16,3,0,0,0,0,2,9,16,0,0,0,0,0,0,13,11,0,0,0,0,0,4,16,12,9,10,3,0,0,8,16,16,16,16,14
img_1440,0,0,0,0,12,5,0,0,0,0,0,2,16,12,0,0,0,0,1,12,16,11,0,0,0,2,12,16,16,10,0,0,0,6,11,5,15,6,0,0,0,0,0,1,16,9,0,0,0,0,0,2,16,11,0,0,0,0,0,3,16,8,0,0
img_1441,0,0,2,14,13,0,0,0,0,0,14,15,3,0,0,0,0,6,16,2,1,5,0,0,0,10,13,0,5,16,2,0,0,7,16,9,12,16,11,0,0,0,5,12,16,10,2,0,0,0,0,12,12,1,0,0,0,0,0,16,5,0,0,0
img_1442,0,1,13,16,16,11,0,0,0,10,16,7,0,0,0,0,0,5,15,4,0,0,0,0,0,2,16,14,5,0,0,0,0,3,15,16,16,3,0,0,0,0,1,0,11,11,0,0,0,0,1,5,15,9,0,0,0,0,13,16,13,1,0,0
img_1443,0,0,0,3,14,13,3,0,0,0,0,12,9,8,8,0,0,0,0,12,8,11,6,0,0,0,0,7,14,11,1,0,0,1,8,12,15,5,0,0,0,6,14,0,4,12,0,0,0,0,7,12,1,15,2,0,0,0,0,3,13,15,2,0
img_1444,0,0,1,13,16,14,4,0,0,2,11,8,4,11,7,0,0,6,16,3,3,13,2,0,0,0,9,14,14,4,0,0,0,0,7,16,10,0,0,0,0,0,12,10,16,1,0,0,0,0,11,10,15,4,0,0,0,0,1,14,15,1,0,0
img_1445,0,0,9,10,2,0,0,0,0,8,16,16,10,0,0,0,0,7,7,4,16,2,0,0,0,0,0,8,16,5,0,0,0,0,0,10,16,14,2,0,0,0,0,0,2,14,7,0,0,0,11,10,4,11,12,0,0,0,8,14,16,15,6,0
img_1446,0,0,0,2,9,13,6,0,0,0,11,15,8,9,10,0,0,3,16,10,4,13,5,0,0,1,15,16,15,15,7,0,0,0,0,0,1,14,1,0,0,0,0,0,11,6,0,0,0,0,0,1,13,0,0,0,0,0,0,5,4,0,0,0
img_1447,0,0,5,12,13,3,0,0,0,4,16,9,8,12,0,0,0,2,3,0,5,11,0,0,0,0,0,3,11,10,0,0,0,0,0,6,14,15,3,0,0,0,0,0,0,7,11,0,0,0,10,6,4,9,11,0,0,0,6,16,16,14,2,0
img_1448,0,0,13,16,16,5,0,0,0,5,15,6,11,13,0,0,0,0,2,2,13,8,0,0,0,0,4,16,15,2,0,0,0,0,3,11,15,16,5,0,0,0,0,0,2,15,11,0,0,0,3,4,9,16,6,0,0,0,15,16,16,10,0,0
img_1449,0,0,0,0,15,9,0,0,0,0,0,8,16,5,0,0,0,0,1,16,16,5,0,0,0,0,11,16,16,1,1,0,0,6,16,16,16,15,9,0,0,7,15,16,16,10,1,0,0,0,1,7,16,1,0,0,0,0,0,1,15,5,0,0
img_1450,0,0,9,13,16,5,0,0,0,3,16,8,4,13,0,0,0,6,10,1,0,9,2,0,0,5,4,0,0,4,8,0,0,8,4,0,0,4,8,0,0,6,6,0,0,4,9,0,0,0,13,2,0,7,8,0,0,0,8,12,13,15,2,0
img_1451,0,0,3,11,14,12,3,0,0,2,13,10,4,10,12,0,0,2,11,2,0,9,9,0,0,0,0,3,10,10,1,0,0,0,7,16,16,2,0,0,0,0,3,0,14,3,0,0,0,0,0,1,13,2,0,0,0,3,7,14,5,0,0,0
img_1452,0,1,12,16,16,16,4,0,0,4,16,10,4,1,1,0,0,6,13,0,0,0,0,0,0,6,16,12,5,0,0,0,0,7,11,11,15,0,0,0,0,0,0,4,16,2,0,0,0,0,2,13,10,0,0,0,0,2,16,11,0,0,0,0
img_1453,0,0,4,11,15,2,0,0,0,2,16,9,8,9,0,0,0,4,15,0,5,16,3,0,0,0,11,11,16,9,0,0,0,0,4,16,15,1,0,0,0,0,13,9,6,12,1,0,0,0,15,3,0,9,5,0,0,0,5,13,13,12,5,0
img_1454,0,0,7,16,11,1,0,0,0,1,15,12,12,12,0,0,0,2,16,2,6,16,2,0,0,1,16,6,6,16,6,0,0,0,7,16,15,16,9,0,0,0,0,0,0,12,11,0,0,0,3,3,6,16,5,0,0,0,8,16,14,6,0,0
img_1455,0,0,7,16,5,0,0,0,0,0,16,16,11,0,0,0,0,0,10,13,16,1,0,0,0,0,0,13,15,0,0,0,0,0,0,14,13,0,0,0,0,0,12,16,6,4,8,1,0,0,14,16,16,16,16,4,0,0,7,16,15,7,3,0
img_1456,0,0,8,16,6,3,0,0,0,2,13,5,10,14,0,0,0,4,14,1,9,16,0,0,0,0,12,13,8,13,0,0,0,0,0,3,0,11,2,0,0,0,0,0,0,12,2,0,0,0,4,1,0,14,1,0,0,0,6,15,16,10,0,0
img_1457,0,0,5,14,11,8,0,0,0,4,15,2,16,16,0,0,0,8,12,0,12,16,0,0,0,2,15,16,16,15,4,0,0,0,0,4,10,16,2,0,0,0,0,0,4,16,2,0,0,3,13,8,14,16,0,0,0,0,7,15,12,5,0,0
img_1458,0,0,0,8,14,4,0,0,0,0,7,16,7,0,0,0,0,0,14,10,0,0,0,0,0,1,16,6,0,0,0,0,0,3,16,16,10,0,0,0,0,2,16,12,14,6,0,0,0,0,12,15,11,10,0,0,0,0,0,10,13,8,0,0
img_1459,0,0,0,5,15,13,2,0,0,0,0,12,7,11,6,0,0,0,0,9,12,15,1,0,0,0,1,8,16,4,0,0,0,3,15,8,13,0,0,0,0,7,12,0,10,7,0,0,0,0,12,11,10,8,0,0,0,0,0,6,13,10,0,0
img_1460,0,0,5,13,4,0,0,0,0,0,15,14,14,5,0,0,0,0,12,7,8,16,1,0,0,0,4,13,16,16,1,0,0,0,0,0,0,15,2,0,0,0,0,0,0,14,6,0,0,0,2,7,8,16,4,0,0,0,6,12,13,10,0,0
img_1461,0,0,8,11,0,0,0,0,0,0,7,16,3,0,0,0,0,0,6,16,10,0,0,0,0,0,10,16,15,1,0,0,0,0,0,2,16,2,0,0,0,0,0,0,15,9,0,0,0,0,6,12,16,15,8,5,0,0,4,15,16,16,16,16
img_1462,0,1,11,12,1,0,0,0,0,8,16,12,9,0,0,0,0,7,8,7,12,0,0,0,0,1,1,4,14,0,0,0,0,0,0,5,11,0,0,0,0,0,0,11,9,0,0,0,0,1,14,16,16,15,10,0,0,0,13,11,8,12,8,0
img_1463,0,0,10,16,16,10,1,0,0,4,16,11,11,16,3,0,0,1,9,1,10,15,1,0,0,0,0,5,16,10,0,0,0,0,0,0,7,15,10,0,0,0,0,0,0,7,16,0,0,2,12,7,4,14,15,1,0,0,11,16,16,15,4,0
img_1464,0,0,5,13,7,0,0,0,0,0,12,12,14,2,0,0,0,0,12,0,12,6,0,0,0,0,6,1,15,3,0,0,0,0,0,6,11,0,0,0,0,0,5,14,3,0,0,0,0,0,11,16,8,2,6,3,0,0,4,8,10,16,12,1
img_1465,0,0,0,7,12,0,0,0,0,0,3,14,6,0,0,0,0,0,11,8,0,0,1,0,0,4,16,3,1,10,10,0,0,8,16,12,14,13,3,0,0,2,12,10,16,5,0,0,0,0,0,6,16,0,0,0,0,0,0,6,13,0,0,0
img_1466,0,1,12,15,16,13,1,0,0,4,16,15,7,15,4,0,0,0,16,6,11,15,2,0,0,0,9,16,15,4,0,0,0,0,8,16,8,0,0,0,0,0,15,15,11,0,0,0,0,2,16,10,12,0,0,0,0,2,13,16,10,0,0,0
img_1467,0,1,8,12,15,14,4,0,0,3,11,8,8,12,12,0,0,0,0,0,2,13,7,0,0,0,0,2,15,12,1,0,0,0,0,0,13,5,0,0,0,0,0,0,9,13,0,0,0,0,7,8,14,15,0,0,0,0,14,15,11,2,0,0
img_1468,0,0,10,16,9,1,0,0,0,7,16,9,14,11,0,0,0,8,14,1,7,14,2,0,0,2,14,14,14,15,3,0,0,0,2,4,4,16,4,0,0,0,3,0,0,13,9,0,0,2,15,8,8,14,8,0,0,0,8,15,13,10,0,0
img_1469,0,0,6,16,8,0,0,0,0,0,8,13,16,3,0,0,0,0,2,12,10,8,0,0,0,0,0,0,7,11,0,0,0,0,0,0,9,10,0,0,0,0,0,0,13,7,0,0,0,0,1,10,16,10,8,3,0,0,4,16,16,15,16,16
img_1470,0,0,1,5,12,13,0,0,0,0,11,13,15,16,1,0,0,2,14,0,10,12,4,0,0,5,13,12,3,12,0,0,0,0,5,6,0,12,4,0,0,0,0,0,0,15,2,0,0,0,4,5,0,16,3,0,0,0,0,4,14,13,0,0
img_1471,0,0,5,16,15,5,0,0,0,0,8,13,9,15,0,0,0,0,0,4,0,15,5,0,0,0,0,0,0,12,6,0,0,0,0,0,0,15,4,0,0,0,11,10,10,15,0,0,0,0,16,16,16,15,13,4,0,0,7,16,13,10,8,3
img_1472,0,0,6,15,5,0,0,0,0,1,15,15,15,3,0,0,0,2,16,6,11,14,0,0,0,0,15,14,15,16,1,0,0,0,3,8,10,16,5,0,0,0,0,0,3,16,8,0,0,0,0,4,10,16,8,0,0,0,7,12,13,12,1,0
img_1473,0,0,5,11,13,6,0,0,0,4,15,8,7,16,3,0,0,8,7,0,4,16,1,0,0,4,11,1,10,16,4,0,0,2,15,15,8,16,4,0,0,0,0,0,0,13,6,0,0,1,16,9,0,12,5,0,0,0,4,11,16,16,2,0
img_1474,0,1,12,15,5,0,0,0,0,4,15,8,15,3,0,0,0,0,3,1,14,4,0,0,0,0,4,14,16,1,0,0,0,0,1,10,14,15,4,0,0,0,0,0,0,12,8,0,0,4,8,4,10,16,4,0,0,2,12,16,13,6,0,0
img_1475,0,0,5,12,15,10,1,0,0,2,14,7,4,9,7,0,0,7,15,7,0,9,8,0,0,1,5,15,11,13,3,0,0,0,3,15,16,5,0,0,0,0,15,9,12,7,0,0,0,0,15,5,8,12,0,0,0,0,4,14,16,11,0,0
img_1476,0,0,10,10,12,7,0,0,0,0,15,13,5,12,5,0,0,4,13,4,0,2,8,0,0,8,4,0,0,3,8,0,0,8,4,0,0,7,5,0,0,6,6,0,0,11,2,0,0,1,13,3,3,12,0,0,0,0,7,15,16,7,0,0
img_1477,0,0,5,16,14,1,0,0,0,0,14,14,14,9,0,0,0,1,15,6,1,12,1,0,0,3,16,1,0,10,4,0,0,5,16,5,0,11,2,0,0,2,16,2,3,16,0,0,0,0,11,13,14,12,0,0,0,0,3,15,15,5,0,0
img_1478,0,0,1,12,10,3,0,0,0,0,7,16,16,7,0,0,0,0,12,16,16,3,0,0,0,0,14,16,16,2,0,0,0,1,15,16,16,5,0,0,0,0,15,16,15,2,0,0,0,0,11,16,16,8,0,0,0,0,1,7,12,10,0,0
img_1479,0,0,0,12,15,4,0,0,0,0,7,16,9,2,0,0,0,0,12,14,0,0,0,0,0,0,16,11,3,0,0,0,0,3,16,14,15,8,0,0,0,1,16,6,0,12,8,0,0,0,12,12,4,13,12,0,0,0,1,11,16,16,4,0
img_1480,0,0,1,10,13,12,5,0,0,0,13,13,4,4,12,0,0,3,16,7,4,12,6,0,0,2,15,16,15,5,0,0,0,0,1,9,16,0,0,0,0,0,0,2,15,0,0,0,0,0,0,11,6,0,0,0,0,0,0,15,0,0,0,0
img_1481,0,0,12,16,16,5,0,0,0,3,13,8,14,15,1,0,0,0,0,0,13,16,0,0,0,6,16,16,16,16,13,0,0,6,9,11,16,9,5,0,0,0,0,14,11,0,0,0,0,0,7,16,2,0,0,0,0,0,13,10,0,0,0,0
img_1482,0,0,3,13,14,4,0,0,0,0,13,12,14,16,0,0,0,1,16,3,14,16,4,0,0,1,14,9,16,16,6,0,0,0,2,8,4,11,9,0,0,0,2,2,0,12,10,0,0,0,14,14,4,11,9,0,0,0,4,8,11,16,9,0
img_1483,0,0,0,8,14,9,0,0,0,0,9,15,16,15,0,0,0,4,15,5,8,14,0,0,0,8,14,1,14,7,0,0,0,1,15,13,12,0,0,0,0,0,13,16,13,0,0,0,0,0,12,10,15,7,0,0,0,0,2,10,16,5,0,0
img_1484,0,0,7,14,11,0,0,0,0,1,16,13,2,2,1,0,0,3,16,9,4,13,4,0,0,0,7,16,16,14,0,0,0,0,11,16,16,9,0,0,0,0,16,9,10,15,0,0,0,1,16,2,5,16,4,0,0,0,7,15,16,16,3,0
img_1485,0,0,4,15,11,1,0,0,0,2,14,14,16,8,0,0,0,8,15,2,3,13,0,0,0,4,16,0,0,12,7,0,0,7,16,0,0,12,8,0,0,3,16,6,1,14,9,0,0,0,15,16,16,16,2,0,0,0,4,13,14,6,0,0
img_1486,0,0,10,13,8,1,0,0,0,0,16,16,16,8,0,0,0,0,6,1,11,9,0,0,0,0,0,0,13,8,0,0,0,0,0,5,15,4,0,0,0,0,8,16,10,0,0,0,0,8,16,16,16,15,4,0,0,2,10,11,7,2,0,0
img_1487,0,0,0,12,10,0,0,0,0,0,4,16,3,9,3,0,0,0,14,7,6,16,2,0,0,3,15,2,10,10,0,0,0,10,9,1,16,12,10,0,0,14,11,14,16,11,1,0,0,9,16,15,9,0,0,0,0,0,0,14,8,0,0,0
img_1488,0,0,11,16,10,0,0,0,0,6,15,16,16,6,0,0,0,0,0,2,11,12,0,0,0,0,0,0,9,8,0,0,0,0,0,4,15,2,0,0,0,1,9,15,9,3,0,0,0,0,16,16,16,16,7,0,0,0,10,13,8,4,1,0
img_1489,0,0,6,12,13,12,0,0,0,0,14,12,7,16,1,0,0,0,6,6,14,9,0,0,0,0,0,14,11,1,0,0,0,0,0,5,16,5,0,0,0,0,0,0,6,14,1,0,0,0,10,8,3,16,1,0,0,0,4,14,16,12,0,0
img_1490,0,0,0,0,6,16,7,0,0,1,5,11,16,16,8,0,0,11,16,16,13,16,8,0,0,3,7,1,4,16,8,0,0,0,0,0,5,16,8,0,0,0,0,0,5,16,7,0,0,0,0,0,7,16,9,0,0,0,0,0,8,16,8,0
img_1491,0,0,0,3,15,4,0,0,0,0,4,16,12,0,0,0,0,0,12,15,3,4,3,0,0,7,16,5,3,15,8,0,0,13,16,13,15,16,2,0,0,12,16,16,16,13,0,0,0,0,4,5,16,8,0,0,0,0,0,1,16,4,0,0
img_1492,0,0,8,15,9,0,0,0,0,1,16,10,16,9,0,0,0,2,6,2,16,16,1,0,0,3,9,9,16,14,0,0,0,0,7,5,12,5,0,0,0,0,0,0,7,12,1,0,0,0,0,0,2,16,4,0,0,0,9,13,12,10,1,0
img_1493,0,0,7,13,16,7,0,0,0,2,16,6,5,12,1,0,0,4,12,0,1,16,4,0,0,1,12,12,13,16,3,0,0,0,0,4,8,13,0,0,0,0,0,0,4,13,0,0,0,0,8,3,10,10,0,0,0,0,6,15,15,3,0,0
img_1494,0,0,13,16,12,7,0,0,0,4,16,15,12,12,3,0,0,4,16,5,0,0,0,0,0,3,16,9,0,0,0,0,0,0,15,16,2,0,0,0,0,0,4,16,14,0,0,0,0,1,9,14,16,0,0,0,0,1,13,16,10,0,0,0
img_1495,0,0,2,14,1,0,0,0,0,0,8,12,0,0,0,0,0,0,12,5,0,0,0,0,0,2,14,0,0,0,0,0,0,0,10,0,6,7,2,0,0,4,12,13,15,14,12,0,0,0,13,12,2,11,14,0,0,0,3,13,16,13,1,0
img_1496,0,1,8,16,16,16,10,0,0,8,16,14,8,5,1,0,0,9,16,2,0,0,0,0,0,2,16,15,2,0,0,0,0,0,3,15,4,0,0,0,0,1,3,12,4,0,0,0,0,5,14,15,4,0,0,0,0,1,13,12,0,0,0,0
img_1497,0,0,6,12,10,14,8,0,0,0,15,14,13,16,3,0,0,1,12,0,9,11,0,0,0,0,0,4,16,8,2,0,0,0,9,16,16,16,9,0,0,0,2,15,6,0,0,0,0,0,3,15,1,0,0,0,0,0,8,11,0,0,0,0
img_1498,0,0,0,13,9,0,0,0,0,0,6,16,2,0,0,0,0,0,12,9,0,2,0,0,0,7,15,1,5,15,1,0,0,14,10,4,11,12,3,0,2,16,16,16,16,13,2,0,0,3,4,11,14,0,0,0,0,0,0,15,4,0,0,0
img_1499,0,3,16,13,15,16,11,0,0,5,16,14,12,8,10,0,0,2,16,12,0,0,0,0,0,0,7,16,12,0,0,0,0,0,0,7,16,8,0,0,0,0,0,0,13,11,0,0,0,3,6,8,16,7,0,0,0,2,15,15,9,0,0,0
img_1500,0,0,0,5,8,0,0,0,0,0,1,15,10,5,0,0,0,0,9,11,10,10,0,0,0,2,15,2,14,6,0,0,0,8,13,5,14,13,4,0,0,11,16,16,16,14,3,0,0,0,0,3,16,0,0,0,0,0,0,7,10,0,0,0
img_1501,0,2,13,16,15,1,0,0,0,7,13,10,16,4,0,0,0,0,0,8,16,2,0,0,0,0,8,16,16,10,0,0,0,0,1,4,10,16,8,0,0,0,0,0,0,16,9,0,0,2,12,6,6,16,6,0,0,1,15,16,16,9,1,0
img_1502,0,0,6,16,12,1,0,0,0,3,16,5,9,13,0,0,0,5,12,0,0,12,6,0,0,8,14,2,0,7,8,0,0,7,12,2,0,4,8,0,0,4,12,0,0,9,7,0,0,3,16,5,7,14,2,0,0,0,7,16,13,3,0,0
img_1503,0,0,12,14,6,0,0,0,0,2,16,7,13,10,0,0,0,0,16,2,1,13,4,0,0,0,9,13,8,16,2,0,0,0,6,16,16,13,0,0,0,0,0,2,3,16,0,0,0,0,1,6,13,10,0,0,0,0,13,9,8,2,0,0
img_1504,0,1,12,16,13,7,0,0,0,12,11,4,4,15,0,0,0,8,3,0,6,14,2,0,0,0,0,9,16,8,0,0,0,0,0,1,5,13,3,0,0,0,0,0,0,7,8,0,0,0,0,0,0,9,10,0,0,0,10,10,13,14,1,0
img_1505,0,0,0,1,9,11,0,0,0,0,0,13,16,16,0,0,0,0,0,12,7,14,0,0,0,0,0,0,14,7,0,0,0,0,5,12,12,0,0,0,0,7,16,16,6,0,0,0,0,4,9,13,16,11,4,0,0,0,0,0,9,13,3,0
img_1506,0,5,16,16,16,11,1,0,0,4,16,15,10,8,1,0,0,4,16,12,0,0,0,0,0,1,13,16,5,0,0,0,0,0,6,16,13,0,0,0,0,0,0,10,16,4,0,0,0,0,4,13,16,2,0,0,0,2,15,16,9,0,0,0
img_1507,0,1,15,15,2,0,0,0,0,7,14,13,9,0,0,0,0,9,9,6,13,0,0,0,0,1,0,8,12,0,0,0,0,0,0,8,12,0,0,0,0,0,0,11,6,0,0,0,0,0,7,16,16,16,7,0,0,0,16,15,12,12,3,0
img_1508,0,0,2,7,15,13,1,0,0,0,14,12,9,14,8,0,0,0,2,0,0,12,8,0,0,0,0,0,0,13,6,0,0,5,16,16,16,16,5,0,0,2,5,7,13,14,2,0,0,0,0,1,15,5,0,0,0,0,0,11,9,0,0,0
img_1509,0,0,10,15,13,1,0,0,0,4,16,7,13,7,0,0,0,2,11,0,12,6,0,0,0,0,0,4,14,0,0,0,0,0,1,15,6,0,0,0,0,0,9,12,0,0,0,0,0,4,16,7,7,13,3,0,0,0,10,16,12,3,0,0
img_1510,0,0,10,16,16,10,0,0,0,8,15,7,6,14,0,0,0,1,3,0,15,8,0,0,0,0,0,12,13,1,0,0,0,0,0,7,15,4,0,0,0,0,0,0,8,12,0,0,0,0,6,0,12,10,0,0,0,0,13,16,15,3,0,0
img_1511,0,0,0,14,11,0,0,0,0,0,0,12,16,2,0,0,0,0,0,12,16,2,0,0,0,0,0,15,16,1,0,0,0,0,0,16,16,1,0,0,0,0,3,16,15,0,0,0,0,0,4,16,14,0,0,0,0,0,1,14,16,4,0,0
img_1512,0,0,2,10,16,6,0,0,0,0,10,16,16,14,0,0,0,0,15,10,16,16,2,0,0,0,12,16,12,13,8,0,0,0,1,7,1,10,11,0,0,5,5,0,0,8,12,0,0,3,15,10,2,11,12,0,0,0,3,10,16,16,10,0
img_1513,0,1,3,15,15,2,0,0,2,16,16,12,16,6,0,0,1,15,7,6,14,0,0,0,0,5,14,14,10,0,0,0,0,0,7,16,7,0,0,0,0,0,6,15,13,8,0,0,0,0,8,12,7,16,0,0,0,0,4,15,16,14,0,0
img_1514,0,0,6,13,10,4,0,0,0,4,16,15,13,13,0,0,0,4,16,14,16,16,1,0,0,2,10,16,16,16,5,0,0,0,0,0,3,16,5,0,0,0,0,0,0,16,8,0,0,0,0,2,8,16,8,0,0,0,7,16,14,9,1,0
img_1515,0,0,10,16,8,0,0,0,0,7,13,4,14,7,0,0,0,7,13,2,7,8,0,0,0,0,7,16,16,5,0,0,0,1,12,13,15,6,0,0,0,3,16,2,4,13,6,0,0,4,16,4,1,11,12,0,0,0,7,15,16,14,2,0
img_1516,0,0,0,0,9,16,4,0,0,0,0,5,15,16,2,0,0,3,12,16,16,14,0,0,0,10,16,15,16,15,0,0,0,1,4,0,16,13,0,0,0,0,0,0,15,13,0,0,0,0,0,0,12,16,12,0,0,0,0,0,12,16,6,0
img_1517,0,0,1,11,3,0,0,0,0,0,9,16,0,0,0,0,0,1,16,5,0,1,2,0,0,6,16,2,1,13,10,0,0,7,16,9,15,13,0,0,0,2,9,12,16,1,0,0,0,0,0,14,9,0,0,0,0,0,2,16,7,0,0,0
img_1518,0,0,4,11,14,4,0,0,0,5,13,4,9,7,0,0,0,7,10,10,13,2,0,0,0,1,9,16,15,2,0,0,0,0,8,7,9,12,0,0,0,0,12,0,1,14,5,0,0,0,11,6,0,7,8,0,0,0,2,15,16,15,4,0
img_1519,0,0,0,7,14,0,0,0,0,0,1,14,8,0,1,0,0,0,8,14,0,9,11,0,0,1,15,6,1,14,10,0,0,8,15,0,8,16,1,0,0,10,15,9,15,15,0,0,0,5,15,14,16,6,0,0,0,0,0,8,15,2,0,0
img_1520,0,4,16,15,1,0,0,0,0,8,14,16,4,0,0,0,0,5,8,16,4,0,0,0,0,0,0,12,8,0,0,0,0,0,1,15,7,0,0,0,0,0,5,16,3,6,9,0,0,3,15,15,8,13,15,0,0,4,15,16,16,16,7,0
img_1521,0,1,11,16,11,1,0,0,0,6,11,16,16,7,0,0,0,1,2,9,16,11,0,0,0,2,14,12,16,12,0,0,0,0,3,8,4,13,4,0,0,0,0,0,0,10,8,0,0,0,4,12,16,14,6,0,0,0,14,8,4,0,0,0
img_1522,0,0,1,10,0,0,0,0,0,0,4,15,0,0,0,0,0,0,10,11,0,0,0,0,0,0,13,9,3,2,0,0,0,0,13,16,16,15,4,0,0,0,13,13,6,4,12,0,0,0,9,11,5,9,15,2,0,0,2,12,16,12,6,0
img_1523,0,3,16,16,16,2,0,0,0,4,14,10,5,0,0,0,0,6,16,16,10,3,0,0,0,4,15,12,14,13,0,0,0,0,2,0,1,15,8,0,0,0,0,0,0,8,13,0,0,3,16,10,7,9,16,0,0,3,13,15,16,16,8,0
img_1524,0,0,2,13,16,13,4,0,0,0,9,11,9,16,7,0,0,2,15,2,2,15,2,0,0,3,3,0,8,13,2,0,0,0,1,13,16,16,10,0,0,0,0,11,13,5,1,0,0,0,0,11,6,0,0,0,0,0,3,15,2,0,0,0
img_1525,0,0,0,9,14,6,0,0,0,0,10,13,4,13,2,0,0,2,14,0,0,10,6,0,0,4,9,0,0,6,8,0,0,5,8,0,0,8,7,0,0,2,11,1,0,9,5,0,0,0,6,11,4,13,3,0,0,0,1,11,16,12,0,0
img_1526,0,0,1,10,13,13,1,0,0,1,13,10,4,14,4,0,0,8,13,0,7,12,0,0,0,2,12,14,15,2,0,0,0,0,5,15,15,2,0,0,0,0,8,7,3,13,3,0,0,0,8,8,0,13,4,0,0,0,1,11,16,16,2,0
img_1527,0,0,1,14,9,0,0,0,0,0,8,13,3,7,1,0,0,1,16,6,5,16,3,0,0,7,13,0,14,11,3,0,0,12,13,5,16,16,9,0,0,13,16,16,15,6,0,0,0,0,3,12,14,0,0,0,0,0,0,15,10,0,0,0
img_1528,0,2,14,16,16,7,0,0,0,6,15,5,6,13,0,0,0,4,15,0,9,16,6,0,0,2,13,16,16,15,9,0,0,0,1,4,2,15,8,0,0,0,0,0,1,16,6,0,0,0,0,1,12,15,2,0,0,1,14,16,16,6,0,0
img_1529,0,0,4,8,16,5,0,0,0,0,9,16,8,11,0,0,0,0,5,10,0,13,2,0,0,0,0,13,4,15,2,0,0,0,0,9,16,8,0,0,0,0,8,15,14,5,0,0,0,0,16,5,14,4,0,0,0,0,6,16,12,1,0,0
img_1530,0,0,1,15,13,1,0,0,0,0,7,16,14,8,0,0,0,8,12,9,2,13,2,0,0,7,9,1,0,6,6,0,0,5,9,0,0,3,9,0,0,0,15,2,0,8,12,0,0,0,9,15,13,16,6,0,0,0,0,13,14,8,0,0
img_1531,0,5,16,13,1,0,0,0,0,9,14,14,4,0,0,0,0,9,7,12,4,0,0,0,0,0,0,13,4,0,0,0,0,0,2,16,1,0,0,0,0,0,7,13,0,0,0,0,0,1,15,16,16,16,11,0,0,5,16,14,10,8,6,0
img_1532,0,0,0,6,14,3,0,0,0,0,5,15,7,1,0,0,0,0,10,10,0,0,0,0,0,0,12,5,0,0,0,0,0,0,14,16,16,11,2,0,0,2,16,13,3,8,12,0,0,0,8,15,5,4,16,2,0,0,0,4,14,16,13,0
img_1533,0,0,1,9,14,11,1,0,0,0,10,15,9,13,5,0,0,3,16,7,0,0,0,0,0,5,16,16,16,10,0,0,0,7,16,11,10,16,5,0,0,2,16,5,0,12,8,0,0,0,10,15,13,16,5,0,0,0,0,9,12,7,0,0
img_1534,0,0,7,15,13,0,0,0,0,9,16,15,16,5,0,0,0,12,16,5,15,6,0,0,0,0,7,2,13,9,0,0,0,0,0,1,16,7,0,0,0,0,0,6,16,4,0,0,0,0,1,15,16,12,15,7,0,0,5,16,14,12,12,11
img_1535,0,0,3,12,16,16,6,0,0,0,10,11,7,16,11,0,0,0,0,0,2,14,10,0,0,5,11,8,9,16,3,0,0,9,16,16,16,16,9,0,0,1,4,9,16,6,0,0,0,0,0,11,14,0,0,0,0,0,4,16,5,0,0,0
img_1536,0,0,0,10,6,0,10,14,0,0,7,15,2,7,14,1,0,0,15,9,1,15,12,2,0,4,16,10,11,16,12,1,0,2,16,16,16,9,0,0,0,0,5,12,10,0,0,0,0,0,0,13,5,0,0,0,0,0,0,15,3,0,0,0
img_1537,0,0,4,15,16,16,16,1,0,0,10,13,8,15,8,0,0,0,14,5,3,16,2,0,0,0,1,0,12,11,0,0,0,0,2,5,16,9,1,0,0,0,15,16,16,14,3,0,0,0,1,15,9,0,0,0,0,0,7,14,2,0,0,0
img_1538,0,0,0,9,15,1,0,0,0,0,10,13,4,0,0,0,0,2,15,1,0,0,0,0,0,5,11,4,4,0,0,0,0,4,16,16,16,16,4,0,0,0,16,2,0,10,8,0,0,0,8,12,4,13,7,0,0,0,1,9,16,11,1,0
img_1539,0,0,0,5,15,13,1,0,0,0,2,14,16,16,4,0,0,0,8,16,16,16,4,0,0,6,15,16,16,16,1,0,0,3,7,10,16,16,4,0,0,0,0,11,16,16,1,0,0,0,0,12,16,16,1,0,0,0,0,6,14,12,1,0
img_1540,0,0,1,13,2,0,0,0,0,0,8,15,1,0,0,0,0,0,14,7,0,0,0,0,0,0,14,6,0,0,0,0,0,0,16,5,9,9,3,0,0,0,12,16,13,9,14,1,0,0,8,15,0,1,14,5,0,0,1,11,16,16,13,1
img_1541,0,0,0,0,6,10,0,0,0,0,0,0,14,15,0,0,0,0,0,10,16,16,0,0,0,0,7,16,16,15,0,0,0,3,15,7,15,10,0,0,0,0,0,0,13,11,0,0,0,0,0,0,15,9,0,0,0,0,0,0,8,15,0,0
img_1542,0,0,2,13,13,0,0,0,0,0,9,16,6,0,0,0,0,0,14,16,2,0,4,0,0,5,16,10,1,13,15,0,0,7,16,16,16,16,4,0,0,0,8,15,16,8,0,0,0,0,0,14,10,0,0,0,0,0,1,16,11,0,0,0
img_1543,0,0,3,12,16,13,0,0,0,1,14,9,10,13,0,0,0,0,2,0,10,10,0,0,0,0,3,7,15,16,10,0,0,0,16,16,15,3,0,0,0,0,3,13,7,0,0,0,0,0,0,16,2,0,0,0,0,0,4,15,0,0,0,0
img_1544,0,0,6,13,2,0,0,0,0,4,16,16,16,11,0,0,0,0,12,11,1,6,1,0,0,0,12,14,10,2,0,0,0,0,1,8,12,12,0,0,0,0,0,0,9,14,0,0,0,0,4,9,16,5,0,0,0,0,9,14,4,0,0,0
img_1545,0,0,7,16,13,5,0,0,0,0,13,16,16,5,0,0,0,1,16,16,16,3,0,0,0,1,14,16,15,0,0,0,0,1,16,16,15,1,0,0,0,0,14,16,16,4,0,0,0,0,6,16,16,7,0,0,0,0,4,14,13,6,0,0
img_1546,0,0,6,14,13,1,0,0,0,3,16,10,5,11,0,0,0,5,16,0,0,13,0,0,0,6,12,0,0,12,3,0,0,7,12,0,0,13,3,0,0,3,11,0,5,12,0,0,0,0,13,4,15,4,0,0,0,0,5,16,6,0,0,0
img_1547,0,0,5,16,1,0,0,0,0,0,12,12,0,0,0,0,0,2,15,8,0,6,5,0,0,9,16,6,12,16,9,0,0,7,16,16,16,15,1,0,0,0,3,10,16,6,0,0,0,0,1,14,10,0,0,0,0,0,5,16,2,0,0,0
img_1548,0,0,4,13,16,16,7,0,0,0,15,10,7,16,1,0,0,7,12,0,12,7,0,0,0,9,5,3,16,2,0,0,0,2,11,16,16,12,7,0,0,5,10,16,12,8,3,0,0,0,3,15,2,0,0,0,0,0,6,14,0,0,0,0
img_1549,0,0,10,16,16,7,0,0,0,6,15,9,14,12,0,0,0,3,5,0,13,8,0,0,0,0,0,10,13,0,0,0,0,0,2,16,4,0,0,0,0,0,12,8,0,0,0,0,0,0,16,13,11,8,3,0,0,0,12,16,16,16,5,0
img_1550,0,0,9,15,16,2,0,0,0,0,13,9,16,4,0,0,0,0,2,6,16,16,12,0,0,0,14,16,14,8,7,0,0,0,3,14,9,0,0,0,0,0,3,16,3,0,0,0,0,0,10,16,0,0,0,0,0,0,12,11,0,0,0,0
img_1551,0,0,15,16,16,15,9,0,0,6,16,13,12,12,11,2,0,3,15,14,2,0,0,0,0,0,6,16,5,0,0,0,0,0,0,14,11,0,0,0,0,0,0,12,8,0,0,0,0,1,14,14,10,0,0,0,0,0,13,16,3,0,0,0
img_1552,0,0,2,15,16,15,0,0,0,0,12,9,11,12,0,0,0,5,15,0,13,7,0,0,0,5,6,3,14,5,2,0,0,0,0,9,16,16,9,0,0,0,7,16,9,2,0,0,0,0,1,15,3,0,0,0,0,0,3,16,0,0,0,0
img_1553,0,0,0,3,13,16,11,0,0,0,4,15,11,8,16,3,0,2,15,9,6,13,15,3,0,4,16,16,16,16,11,0,0,0,7,8,6,16,2,0,0,0,0,0,6,14,0,0,0,0,0,0,14,9,0,0,0,0,0,3,16,4,0,0
img_1554,0,0,10,13,9,1,0,0,0,2,16,7,10,8,0,0,0,0,12,12,7,11,0,0,0,3,16,16,16,7,0,0,0,0,5,8,12,10,1,0,0,0,0,0,0,11,7,0,0,0,0,0,0,3,15,0,0,0,11,16,16,16,8,0
img_1555,0,0,3,12,16,6,0,0,0,0,13,16,12,4,0,0,0,3,16,9,0,0,0,0,0,6,13,5,4,0,0,0,0,8,14,3,16,2,0,0,0,4,16,4,13,7,0,0,0,0,11,11,11,14,0,0,0,0,3,12,16,15,0,0
img_1556,0,0,3,10,16,16,4,0,0,0,0,0,1,14,7,0,0,0,0,0,2,15,4,0,0,0,4,4,12,15,5,0,0,1,15,16,16,9,4,0,0,0,2,11,13,0,0,0,0,0,1,16,5,0,0,0,0,0,3,12,0,0,0,0
img_1557,0,0,0,7,14,0,0,0,0,0,4,16,5,0,0,0,0,0,14,9,0,0,10,3,0,7,15,0,0,9,15,0,0,12,15,8,10,15,10,0,0,8,15,12,16,12,1,0,0,0,0,5,15,3,0,0,0,0,0,9,13,0,0,0
img_1558,0,2,10,14,11,1,0,0,0,7,15,8,16,4,0,0,0,1,1,6,15,1,0,0,0,0,0,15,9,0,0,0,0,0,1,16,15,9,1,0,0,0,0,1,6,15,8,0,0,2,8,4,6,15,7,0,0,2,13,16,15,9,0,0
img_1559,0,0,11,16,15,5,0,0,0,8,16,14,16,8,0,0,0,11,10,0,16,8,0,0,0,3,1,6,16,2,0,0,0,0,1,15,10,0,0,0,0,0,11,15,1,0,0,0,0,0,16,14,12,12,8,0,0,1,15,16,16,14,8,0
img_1560,0,2,16,16,16,12,0,0,0,1,9,5,12,16,2,0,0,0,0,6,15,14,2,0,0,0,1,16,16,1,0,0,0,0,0,12,16,1,0,0,0,0,0,6,16,6,0,0,0,0,0,12,16,5,0,0,0,1,16,16,13,1,0,0
img_1561,0,0,3,11,16,13,0,0,0,3,15,15,13,16,0,0,0,6,8,2,9,14,0,0,0,0,4,7,15,14,5,0,0,4,16,16,16,14,6,0,0,1,8,13,12,0,0,0,0,0,1,16,4,0,0,0,0,0,3,15,1,0,0,0
img_1562,0,0,0,8,14,0,0,0,0,0,2,16,10,0,0,0,0,0,12,16,1,3,5,0,0,5,16,6,2,16,9,0,0,11,16,0,8,16,7,0,0,10,16,16,16,11,1,0,0,1,7,9,16,4,0,0,0,0,0,10,11,0,0,0
img_1563,0,0,1,13,14,3,0,0,0,0,8,16,13,2,0,0,0,2,16,16,3,0,0,0,0,3,16,12,1,0,0,0,0,5,16,14,5,0,0,0,0,3,16,16,16,16,6,0,0,1,14,16,16,16,12,0,0,0,3,12,15,14,7,0
img_1564,0,0,7,16,16,8,0,0,0,0,14,12,11,14,0,0,0,0,11,15,16,12,0,0,0,0,5,15,15,4,0,0,0,0,0,3,12,14,0,0,0,1,10,0,7,15,0,0,0,1,14,6,13,12,0,0,0,0,7,16,16,11,0,0
img_1565,0,0,0,3,15,7,0,0,0,0,0,13,14,3,0,0,0,0,6,15,2,6,6,0,0,2,15,4,0,15,8,0,0,8,12,0,4,16,1,0,0,11,14,12,16,10,0,0,0,2,8,7,15,4,0,0,0,0,0,3,16,2,0,0
img_1566,0,0,0,13,3,0,0,0,0,0,6,15,0,0,0,0,0,0,12,7,0,0,0,0,0,0,16,10,7,1,0,0,0,6,16,12,13,16,6,0,0,0,16,4,0,6,12,0,0,0,12,10,2,11,9,0,0,0,1,13,16,15,3,0
img_1567,0,2,11,16,12,1,0,0,0,9,16,9,16,4,0,0,0,14,7,4,16,1,0,0,0,6,5,9,14,0,0,0,0,0,3,16,5,0,0,0,0,0,13,14,0,0,0,0,0,3,16,11,8,12,9,0,0,2,15,16,16,13,16,1
img_1568,0,0,0,5,16,3,0,0,0,0,1,15,16,4,0,0,0,0,10,16,16,1,0,0,0,3,16,16,15,4,2,0,0,10,16,16,16,16,12,0,0,1,7,14,13,6,5,0,0,0,0,11,12,0,0,0,0,0,0,4,10,0,0,0
img_1569,0,0,3,13,6,0,0,0,0,0,14,11,15,8,0,0,0,0,15,1,14,16,1,0,0,0,11,13,12,13,5,0,0,0,3,8,1,8,10,0,0,0,0,0,0,9,6,0,0,0,9,4,3,16,2,0,0,0,4,14,14,7,0,0
img_1570,0,0,0,1,9,16,9,0,0,0,1,11,13,14,12,1,0,1,15,13,4,16,16,3,0,2,16,16,16,15,12,0,0,0,7,8,4,14,5,0,0,0,0,0,5,14,0,0,0,0,0,0,8,9,0,0,0,0,0,0,12,6,0,0
img_1571,0,0,3,14,8,6,4,0,0,0,11,16,16,16,15,1,0,3,16,3,2,15,6,0,0,5,8,0,9,14,0,0,0,0,7,9,15,13,4,0,0,0,10,16,16,15,3,0,0,0,0,13,7,0,0,0,0,0,6,15,2,0,0,0
img_1572,0,0,7,11,15,9,0,0,0,0,15,15,4,11,4,0,0,3,11,5,0,2,10,0,0,7,8,0,0,3,8,0,0,6,8,0,0,4,8,0,0,5,8,0,0,8,5,0,0,1,12,2,1,13,0,0,0,0,5,16,14,3,0,0
img_1573,0,0,0,0,12,10,0,0,0,0,0,11,16,3,0,0,0,0,4,15,4,0,0,0,0,0,12,10,0,8,10,0,0,6,15,1,1,15,8,0,0,7,16,8,10,16,7,0,0,4,15,16,16,13,0,0,0,0,0,0,12,9,0,0
img_1574,0,0,0,9,14,1,0,0,0,0,2,16,8,0,0,0,0,0,12,14,1,0,0,0,0,5,16,4,2,1,0,0,0,12,13,1,14,8,1,0,1,16,16,16,16,15,3,0,0,5,8,11,15,1,0,0,0,0,0,10,16,3,0,0
img_1575,0,0,6,8,12,14,0,0,0,5,16,15,12,7,0,0,0,8,16,13,4,0,0,0,0,2,11,8,14,11,0,0,0,0,0,0,0,15,1,0,0,0,0,0,0,14,5,0,0,1,9,8,12,14,1,0,0,0,10,15,12,3,0,0
img_1576,0,0,0,6,16,6,0,0,0,0,3,16,9,0,0,0,0,1,13,13,1,2,1,0,0,7,16,5,1,14,10,0,0,12,16,8,12,16,2,0,0,2,12,15,16,11,0,0,0,0,0,8,16,4,0,0,0,0,0,8,15,0,0,0
img_1577,0,0,6,16,12,1,0,0,0,0,5,16,13,10,0,0,0,0,0,5,5,15,0,0,0,0,0,0,8,15,0,0,0,0,0,0,13,13,0,0,0,0,0,6,16,9,4,1,0,0,3,16,16,16,16,10,0,0,5,16,11,9,6,2
img_1578,0,0,2,12,10,0,0,0,0,0,11,14,14,9,0,0,0,3,15,1,10,9,0,0,0,2,7,0,10,8,0,0,0,0,0,2,16,2,0,0,0,0,0,10,16,6,0,0,0,0,7,16,13,14,16,4,0,0,4,15,0,0,5,4
img_1579,0,0,11,16,11,0,0,0,0,3,16,11,15,6,0,0,0,1,10,3,10,10,0,0,0,0,0,0,9,10,0,0,0,0,0,0,12,9,0,0,0,0,0,5,16,5,0,0,0,1,13,16,16,13,8,0,0,0,11,11,8,13,16,7
img_1580,0,0,9,15,16,5,0,0,0,0,16,16,16,13,0,0,0,0,0,3,16,11,0,0,0,0,2,7,16,13,10,0,0,2,15,16,16,12,4,0,0,3,13,16,10,0,0,0,0,0,7,16,2,0,0,0,0,0,12,13,0,0,0,0
img_1581,0,0,6,8,15,13,1,0,0,1,16,16,11,15,4,0,0,0,15,9,8,15,2,0,0,0,10,16,16,10,0,0,0,0,13,16,10,0,0,0,0,4,15,10,12,0,0,0,0,2,15,5,15,0,0,0,0,0,8,16,10,0,0,0
img_1582,0,0,3,13,16,7,0,0,0,1,12,16,8,0,0,0,0,2,16,8,0,0,0,0,0,8,16,4,0,0,0,0,0,9,16,10,11,4,0,0,0,6,16,14,13,16,3,0,0,1,11,11,2,14,10,0,0,0,2,15,16,15,6,0
img_1583,0,0,0,2,14,1,0,0,0,0,0,14,8,0,0,0,0,0,8,15,1,0,0,0,0,0,13,6,0,5,11,0,0,3,15,0,0,10,9,0,0,9,13,4,7,16,3,0,0,7,16,16,16,13,0,0,0,0,3,2,16,6,0,0
img_1584,0,0,0,5,11,0,0,0,0,0,0,10,13,0,0,0,0,0,0,16,16,6,0,0,0,0,9,12,16,5,0,0,0,2,16,4,16,7,0,0,0,9,16,14,16,16,3,0,0,3,8,11,16,8,1,0,0,0,0,5,13,0,0,0
img_1585,0,0,3,11,6,0,0,0,0,0,10,14,16,2,0,0,0,3,15,1,11,11,0,0,0,4,12,0,2,16,2,0,0,7,12,0,0,12,8,0,0,4,14,0,1,15,8,0,0,2,15,14,15,15,1,0,0,0,5,13,14,5,0,0
img_1586,0,0,3,15,1,0,0,0,0,0,12,8,0,0,0,0,0,3,13,0,0,0,0,0,0,4,12,0,0,0,0,0,0,5,10,11,16,14,1,0,0,2,16,10,4,7,10,0,0,0,15,8,2,12,8,0,0,0,3,12,16,8,0,0
img_1587,0,0,0,3,9,16,16,2,0,0,4,16,13,11,16,1,0,0,3,5,0,6,13,0,0,0,0,2,7,14,9,0,0,0,4,16,16,15,3,0,0,0,9,8,11,12,0,0,0,0,0,0,12,4,0,0,0,0,0,2,15,1,0,0
img_1588,0,0,5,14,11,1,0,0,0,0,16,10,14,13,0,0,0,0,14,2,8,16,6,0,0,0,12,7,10,16,8,0,0,0,5,16,16,15,8,0,0,1,3,1,2,11,9,0,0,1,15,6,4,12,11,0,0,0,6,16,14,12,3,0
img_1589,0,1,12,16,5,0,0,0,0,11,16,16,13,0,0,0,0,7,6,5,14,2,0,0,0,0,0,0,12,3,0,0,0,0,0,4,13,0,0,0,0,0,1,13,5,0,0,0,0,0,10,16,10,8,4,0,0,0,13,15,16,12,7,0
img_1590,0,0,1,13,4,0,0,0,0,0,12,13,1,0,0,0,0,1,16,2,0,0,0,0,0,5,16,8,4,2,0,0,0,5,16,14,16,15,3,0,0,3,13,1,0,9,9,0,0,0,11,12,4,11,11,0,0,0,2,13,16,13,1,0
img_1591,0,0,6,16,15,5,0,0,0,0,2,13,14,13,0,0,0,0,0,2,14,14,1,0,0,0,0,3,16,10,0,0,0,0,0,0,14,10,0,0,0,0,0,0,10,14,0,0,0,0,8,7,12,16,0,0,0,0,6,16,16,12,1,0
img_1592,0,0,1,13,1,0,0,0,0,0,7,15,1,0,0,0,0,1,14,6,0,0,0,0,0,0,16,3,0,1,0,0,0,1,16,6,15,15,5,0,0,1,16,14,4,3,12,0,0,0,7,7,0,9,12,0,0,0,0,11,16,9,2,0
img_1593,0,0,0,1,15,12,0,0,0,0,0,12,16,13,0,0,0,0,11,16,16,13,0,0,0,11,16,11,13,13,0,0,0,3,7,0,12,14,0,0,0,0,0,0,11,13,0,0,0,0,0,0,15,13,0,0,0,0,0,2,15,13,0,0
img_1594,0,0,12,10,0,0,0,0,0,0,14,16,16,14,0,0,0,0,13,16,15,10,1,0,0,0,11,16,16,7,0,0,0,0,0,4,7,16,7,0,0,0,0,0,4,16,9,0,0,0,5,4,12,16,4,0,0,0,9,16,16,10,0,0
img_1595,0,0,1,9,15,2,0,0,0,0,5,16,7,1,0,0,0,0,14,8,0,0,0,0,0,0,15,6,8,4,0,0,0,0,15,16,13,14,7,0,0,0,14,3,0,3,12,0,0,0,6,9,7,9,15,0,0,0,0,10,14,14,2,0
img_1596,0,0,4,15,8,0,0,0,0,0,15,14,15,5,0,0,0,8,16,5,3,14,0,0,0,5,11,0,0,10,5,0,0,5,9,0,0,8,8,0,0,0,14,0,0,10,8,0,0,0,14,13,13,16,1,0,0,0,2,14,14,7,0,0
img_1597,0,0,0,6,16,0,0,0,0,0,0,12,13,0,0,0,0,0,5,15,3,6,15,0,0,1,14,11,0,13,13,0,0,10,16,13,12,16,5,0,0,11,12,12,16,14,2,0,0,0,0,3,16,9,0,0,0,0,0,8,16,3,0,0
img_1598,0,2,16,12,12,14,7,0,0,3,16,9,8,8,4,0,0,2,16,10,4,0,0,0,0,4,16,13,16,4,0,0,0,0,3,0,12,10,0,0,0,6,3,0,9,11,0,0,0,11,11,9,16,3,0,0,0,3,12,15,7,0,0,0
img_1599,0,0,4,13,14,16,3,0,0,0,6,11,10,16,1,0,0,0,0,0,7,14,0,0,0,0,9,16,16,16,12,0,0,0,15,13,16,7,2,0,0,0,0,8,12,0,0,0,0,0,2,14,6,0,0,0,0,0,8,13,1,0,0,0
img_1600,0,0,0,1,12,16,14,0,0,0,3,14,13,15,13,0,0,4,16,15,13,16,4,0,0,3,16,16,16,16,3,0,0,0,7,7,14,14,0,0,0,0,0,0,12,11,0,0,0,0,0,0,13,10,0,0,0,0,0,0,13,12,0,0
img_1601,0,0,1,9,16,16,3,0,0,0,14,11,8,16,8,0,0,0,4,0,0,15,6,0,0,0,0,0,7,16,3,0,0,0,6,12,16,16,9,0,0,1,16,14,16,5,0,0,0,0,2,8,16,0,0,0,0,0,0,12,7,0,0,0
img_1602,0,0,7,12,9,0,0,0,0,0,12,16,16,1,0,0,0,0,11,16,16,0,0,0,0,0,12,16,16,0,0,0,0,0,13,16,16,0,0,0,0,0,13,16,16,0,0,0,0,1,14,16,16,1,0,0,0,0,4,12,12,9,0,0
img_1603,0,0,4,13,14,2,0,0,0,0,15,10,11,10,0,0,0,3,15,2,12,6,0,0,0,0,3,8,16,7,0,0,0,0,0,4,9,16,2,0,0,0,10,3,0,13,6,0,0,0,16,5,7,16,3,0,0,0,7,13,13,8,0,0
img_1604,0,0,10,16,5,0,0,0,0,1,10,14,12,0,0,0,0,0,0,9,11,0,0,0,0,0,2,11,13,3,0,0,0,0,11,16,16,16,7,0,0,0,3,16,4,5,1,0,0,0,7,13,0,0,0,0,0,0,13,6,0,0,0,0
img_1605,0,1,13,16,16,4,0,0,0,9,15,6,13,8,0,0,0,5,10,0,12,10,0,0,0,0,0,6,16,5,0,0,0,0,5,16,10,0,0,0,0,2,16,11,0,0,0,0,0,5,16,13,8,8,5,0,0,1,10,14,16,16,16,0
img_1606,0,0,2,14,10,0,0,0,0,0,12,10,0,0,0,0,0,2,15,2,0,0,0,0,0,7,12,1,4,6,0,0,0,7,16,16,15,15,8,0,0,0,16,13,0,4,12,0,0,0,10,12,4,8,15,0,0,0,2,11,16,15,5,0
img_1607,0,0,0,0,11,12,0,0,0,0,0,3,15,14,0,0,0,0,0,11,16,11,0,0,0,0,9,16,16,10,0,0,0,4,16,12,16,12,0,0,0,3,10,3,16,11,0,0,0,0,0,0,16,14,0,0,0,0,0,0,11,11,0,0
img_1608,0,0,0,9,13,10,1,0,0,0,9,12,4,15,5,0,0,0,16,4,0,12,4,0,0,3,15,9,3,14,1,0,0,0,2,9,16,10,0,0,0,0,0,4,14,15,2,0,0,0,0,10,8,14,3,0,0,0,0,10,16,12,0,0
img_1609,0,0,0,1,16,11,0,0,0,0,0,1,16,16,4,0,0,0,0,8,16,16,0,0,0,0,10,16,16,16,1,0,0,6,16,14,16,15,0,0,0,1,3,5,16,12,0,0,0,0,0,4,16,12,0,0,0,0,0,2,15,12,0,0
img_1610,0,1,13,16,16,10,0,0,0,8,15,8,15,15,0,0,0,3,8,5,16,6,0,0,0,0,0,4,16,9,0,0,0,0,0,0,6,16,5,0,0,0,0,0,0,5,16,0,0,0,8,6,6,13,12,0,0,1,15,16,16,14,3,0
img_1611,0,0,11,16,12,1,0,0,0,3,16,9,16,5,0,0,0,0,6,1,16,10,0,0,0,0,0,5,16,6,0,0,0,0,0,9,15,0,0,0,0,0,3,15,6,0,0,0,0,0,10,16,4,5,8,1,0,0,13,16,16,16,16,6
img_1612,0,4,13,16,16,15,3,0,0,10,12,7,8,16,8,0,0,0,0,1,12,15,2,0,0,0,0,4,16,10,0,0,0,0,0,8,16,4,0,0,0,0,0,1,16,10,0,0,0,5,7,4,15,13,0,0,0,5,16,16,16,7,0,0
img_1613,0,0,1,13,7,0,0,0,0,1,15,9,15,1,0,0,0,9,11,0,16,0,0,0,0,2,10,3,14,0,0,0,0,0,0,2,11,0,0,0,0,0,0,5,11,0,0,0,0,0,0,9,10,4,4,2,0,0,1,15,16,15,13,15
img_1614,0,0,7,16,16,5,0,0,0,1,15,11,14,11,0,0,0,0,0,0,12,8,0,0,0,0,3,8,14,12,5,0,0,0,14,16,16,10,5,0,0,0,2,8,14,0,0,0,0,0,1,15,8,0,0,0,0,0,8,14,1,0,0,0
img_1615,0,0,9,16,16,10,0,0,0,0,9,9,9,15,0,0,0,0,0,0,6,14,0,0,0,0,0,2,15,7,0,0,0,0,1,14,16,4,0,0,0,0,5,16,16,8,0,0,0,0,0,6,16,4,0,0,0,0,11,16,12,0,0,0
img_1616,0,0,2,16,8,0,0,0,0,0,8,16,6,0,0,0,0,0,15,10,0,0,0,0,0,4,16,2,0,0,0,0,0,8,16,16,16,14,2,0,0,8,16,7,4,16,8,0,0,1,16,9,6,16,4,0,0,0,3,12,16,12,0,0
img_1617,0,0,1,15,13,0,0,0,0,0,1,16,16,5,0,0,0,0,7,16,16,0,0,0,0,0,13,16,13,0,0,0,0,7,16,16,13,0,0,0,0,1,11,16,13,0,0,0,0,0,2,16,16,0,0,0,0,0,1,14,16,3,0,0
img_1618,0,0,9,15,13,3,0,0,0,2,14,2,6,5,0,0,0,4,9,0,0,15,4,0,0,1,13,5,7,16,6,0,0,0,2,7,7,14,3,0,0,0,0,0,1,14,1,0,0,0,3,1,10,9,0,0,0,0,11,15,9,1,0,0
img_1619,0,5,16,16,16,16,10,0,0,4,10,4,4,4,0,0,0,10,10,0,0,0,0,0,0,4,16,13,7,1,0,0,0,0,2,8,14,14,2,0,0,0,0,0,1,16,7,0,0,3,3,2,11,15,0,0,0,5,16,16,12,1,0,0
img_1620,0,0,3,12,16,16,3,0,0,2,16,16,11,16,4,0,0,8,14,2,10,16,1,0,0,5,5,3,16,4,0,0,0,0,0,11,12,0,0,0,0,0,3,16,5,2,3,0,0,0,3,16,12,15,6,0,0,0,0,15,16,8,0,0
img_1621,0,0,0,8,15,0,0,0,0,0,5,16,6,0,0,0,0,1,14,10,0,7,7,0,0,5,16,3,1,16,7,0,0,8,16,11,13,16,3,0,0,1,11,15,16,13,3,0,0,0,0,7,16,1,0,0,0,0,0,12,10,0,0,0
img_1622,0,1,11,10,8,1,1,0,0,3,15,11,3,12,6,0,0,0,4,16,16,12,0,0,0,0,0,11,16,5,0,0,0,0,5,13,12,12,0,0,0,0,13,7,1,16,4,0,0,1,15,4,7,14,0,0,0,1,14,14,8,1,0,0
img_1623,0,0,1,9,15,5,0,0,0,0,14,11,5,11,0,0,0,4,15,1,4,14,0,0,0,0,6,1,13,9,0,0,0,0,0,0,10,13,1,0,0,0,0,0,0,8,10,0,0,0,12,9,4,4,15,0,0,0,1,10,16,15,11,1
img_1624,0,0,0,3,16,8,0,0,0,0,0,11,16,9,0,0,0,3,12,16,16,8,0,0,0,13,16,9,16,8,0,0,0,1,2,0,16,8,0,0,0,0,0,2,16,4,0,0,0,0,0,2,16,6,0,0,0,0,0,1,16,9,0,0
img_1625,0,0,15,14,15,9,0,0,0,0,12,10,7,6,4,0,0,1,14,2,0,0,0,0,0,5,16,12,10,4,0,0,0,4,11,8,11,15,5,0,0,0,0,0,0,13,7,0,0,4,16,10,11,14,1,0,0,1,10,16,15,4,0,0
img_1626,0,0,4,13,16,11,0,0,0,9,16,9,10,15,0,0,0,5,4,0,12,11,0,0,0,0,0,5,16,12,1,0,0,0,0,1,9,15,8,0,0,0,0,0,0,8,12,0,0,0,1,6,8,16,8,0,0,0,5,16,15,9,1,0
img_1627,0,0,3,13,9,1,0,0,0,0,13,14,15,13,0,0,0,2,14,1,2,13,4,0,0,4,8,0,0,5,8,0,0,4,8,0,0,4,8,0,0,4,10,0,0,5,8,0,0,0,14,11,10,14,5,0,0,0,4,12,13,9,0,0
img_1628,0,0,1,15,11,1,0,0,0,0,2,16,16,7,0,0,0,0,6,16,16,5,0,0,0,0,8,16,16,4,0,0,0,0,9,16,13,0,0,0,0,0,11,16,13,0,0,0,0,0,11,16,11,0,0,0,0,0,1,14,16,3,0,0
img_1629,0,0,3,12,15,11,2,0,0,0,11,13,7,13,8,0,0,7,15,1,5,15,3,0,0,1,12,16,16,5,0,0,0,0,0,13,15,15,2,0,0,0,2,13,0,10,5,0,0,0,4,11,4,11,6,0,0,0,2,13,16,12,0,0
img_1630,0,0,4,10,12,7,0,0,0,0,8,16,16,15,0,0,0,0,9,16,16,12,0,0,0,0,7,16,16,9,0,0,0,0,2,14,16,11,1,0,0,0,0,16,16,16,0,0,0,0,2,16,16,12,0,0,0,0,1,9,10,0,0,0
img_1631,0,0,13,15,11,12,11,0,0,4,16,15,16,13,9,1,0,3,16,9,0,0,0,0,0,0,12,16,9,0,0,0,0,0,0,12,14,1,0,0,0,1,1,7,16,2,0,0,0,8,12,11,16,3,0,0,0,1,13,16,12,0,0,0
img_1632,0,0,10,16,14,1,0,0,0,0,14,16,16,7,0,0,0,0,1,5,16,7,0,0,0,0,2,10,16,11,6,0,0,7,16,16,15,12,7,0,0,11,10,15,10,0,0,0,0,0,6,16,2,0,0,0,0,0,13,9,0,0,0,0
img_1633,0,1,13,15,2,0,0,0,0,6,15,15,9,0,0,0,0,9,8,10,13,0,0,0,0,5,3,12,12,0,0,0,0,0,3,16,6,0,0,0,0,5,15,15,1,0,0,0,0,6,16,15,12,12,11,0,0,1,11,13,16,16,12,0
img_1634,0,0,1,15,13,2,0,0,0,0,0,8,14,10,0,0,0,0,0,0,5,15,1,0,0,0,0,0,2,16,5,0,0,0,0,0,8,15,1,0,0,0,3,10,13,13,0,0,0,0,8,16,16,12,4,0,0,0,1,13,15,14,16,7
img_1635,0,0,3,15,4,0,0,0,0,0,12,16,2,0,0,0,0,1,16,7,1,0,0,0,0,3,16,1,6,1,0,0,0,3,15,8,12,13,3,0,0,2,16,2,0,7,12,0,0,0,13,9,4,9,15,0,0,0,3,13,16,15,5,0
img_1636,0,0,1,11,16,16,7,0,0,0,7,13,8,16,5,0,0,0,0,1,1,16,4,0,0,0,2,7,13,16,15,0,0,1,15,16,16,12,3,0,0,1,8,4,16,2,0,0,0,0,0,9,11,0,0,0,0,0,1,14,4,0,0,0
img_1637,0,0,0,2,15,8,0,0,0,0,0,11,16,4,0,0,0,0,9,16,16,0,0,0,0,3,15,16,16,0,0,0,0,12,16,16,16,14,6,0,0,6,12,14,16,12,5,0,0,0,0,8,13,0,0,0,0,0,0,2,14,1,0,0
img_1638,0,0,0,9,13,0,0,0,0,0,3,15,4,0,0,0,0,0,12,11,0,0,0,0,0,0,16,11,8,4,0,0,0,0,15,16,8,12,5,0,0,0,14,13,0,1,15,1,0,0,8,12,0,4,16,2,0,0,0,8,12,13,10,1
img_1639,0,3,10,11,12,12,6,0,0,8,14,11,8,8,4,0,0,8,10,7,3,0,0,0,0,8,16,14,15,4,0,0,0,2,2,0,6,9,0,0,0,0,0,0,4,12,0,0,0,1,8,4,10,10,0,0,0,2,15,16,13,2,0,0
img_1640,0,0,7,14,13,8,0,0,0,1,15,13,14,14,0,0,0,0,13,13,13,16,3,0,0,0,4,14,13,16,4,0,0,0,0,0,0,12,4,0,0,0,0,0,0,14,4,0,0,7,16,9,10,15,2,0,0,1,8,13,15,8,0,0
img_1641,0,0,8,6,0,0,0,0,0,0,6,14,0,0,0,0,0,0,6,16,3,0,0,0,0,0,10,16,9,0,0,0,0,0,1,6,16,2,0,0,0,0,0,0,13,7,0,0,0,0,4,8,14,14,8,4,0,0,9,16,16,16,16,13
img_1642,0,0,0,11,16,5,0,0,0,0,0,10,16,5,0,0,0,0,4,16,16,5,0,0,0,11,16,16,16,3,0,0,0,5,8,14,16,2,0,0,0,0,0,14,16,2,0,0,0,0,0,11,16,2,0,0,0,0,0,8,16,8,0,0
img_1643,0,0,10,16,14,2,0,0,0,0,13,13,14,11,0,0,0,0,4,8,15,15,4,0,0,0,10,16,16,13,3,0,0,0,1,12,14,1,0,0,0,0,2,16,8,0,0,0,0,0,13,12,1,0,0,0,0,0,13,7,0,0,0,0
img_1644,0,2,15,16,16,13,2,0,0,1,10,8,14,16,8,0,0,0,0,0,16,15,1,0,0,0,0,0,16,8,0,0,0,0,0,0,14,14,0,0,0,0,0,0,11,16,1,0,0,2,14,13,16,16,3,0,0,2,15,16,14,5,0,0
img_1645,0,0,9,16,16,16,10,0,0,4,16,14,8,11,11,0,0,11,16,7,0,0,0,0,0,5,15,16,6,0,0,0,0,0,1,14,15,0,0,0,0,0,0,8,16,0,0,0,0,0,9,13,14,0,0,0,0,0,12,16,7,0,0,0
img_1646,0,0,0,6,13,3,0,0,0,0,1,14,11,0,0,0,0,0,7,15,2,0,0,0,0,0,10,12,0,0,0,0,0,0,13,15,16,13,5,0,0,0,10,16,5,11,14,0,0,0,7,15,5,10,14,0,0,0,0,3,14,16,9,0
img_1647,0,0,9,12,12,13,7,0,0,0,15,5,5,4,2,0,0,4,15,10,4,0,0,0,0,2,11,11,15,11,0,0,0,0,0,0,0,10,5,0,0,0,0,0,0,7,7,0,0,5,11,4,5,14,1,0,0,0,9,16,13,3,0,0
img_1648,0,0,5,12,16,12,4,0,0,1,12,7,5,16,5,0,0,2,9,0,8,9,0,0,0,0,2,3,12,1,0,0,0,4,12,14,15,12,4,0,0,5,4,16,1,0,0,0,0,0,1,12,0,0,0,0,0,0,3,12,0,0,0,0
img_1649,0,1,8,13,16,13,0,0,0,1,13,12,15,16,0,0,0,0,0,5,15,8,0,0,0,0,5,15,5,0,0,0,0,0,6,16,11,1,0,0,0,0,2,13,16,11,0,0,0,0,0,2,14,16,4,0,0,0,13,16,15,7,0,0
img_1650,0,0,5,12,1,0,0,0,0,0,15,14,7,0,0,0,0,0,13,1,12,0,0,0,0,2,10,0,14,0,0,0,0,0,2,0,16,1,0,0,0,0,0,6,15,0,0,0,0,0,9,16,15,9,8,2,0,0,3,11,8,13,12,4
img_1651,0,0,10,16,14,6,0,0,0,0,16,8,6,16,3,0,0,0,9,5,0,13,6,0,0,0,0,0,0,14,8,0,0,0,0,0,4,16,2,0,0,0,0,0,13,11,0,0,0,0,2,9,16,10,6,1,0,0,12,16,14,13,16,8
img_1652,0,0,9,16,15,14,1,0,0,1,15,15,5,10,7,0,0,6,16,1,0,1,8,0,0,8,13,0,0,4,8,0,0,7,6,0,0,6,6,0,0,5,9,0,0,13,1,0,0,0,16,5,12,12,0,0,0,0,8,15,10,1,0,0
img_1653,0,0,3,15,16,16,12,0,0,0,12,12,7,16,6,0,0,4,12,0,9,13,0,0,0,0,1,1,13,7,0,0,0,0,8,13,16,16,6,0,0,0,12,15,12,6,1,0,0,0,0,15,5,0,0,0,0,0,3,16,2,0,0,0
img_1654,0,0,1,9,15,12,5,0,0,0,8,16,16,16,13,0,0,0,3,1,1,14,10,0,0,0,3,10,13,16,15,0,0,2,16,16,16,15,3,0,0,3,8,2,13,6,0,0,0,0,0,5,13,0,0,0,0,0,0,11,5,0,0,0
img_1655,0,0,0,0,14,4,0,0,0,0,0,3,16,11,0,0,0,0,0,10,16,9,0,0,0,0,0,13,16,7,0,0,0,0,12,16,16,4,0,0,0,1,13,12,16,5,0,0,0,0,0,4,16,9,0,0,0,0,0,0,14,10,0,0
img_1656,0,0,1,10,16,15,5,0,0,0,12,12,9,9,10,0,0,4,16,1,0,7,7,0,0,4,14,13,8,11,0,0,0,0,1,6,16,14,1,0,0,0,0,8,11,14,5,0,0,0,0,12,8,15,2,0,0,0,0,10,15,5,0,0
img_1657,0,0,5,12,16,16,7,0,0,0,10,9,4,11,12,0,0,0,0,0,0,13,7,0,0,0,2,10,15,16,13,0,0,0,14,13,16,10,1,0,0,0,3,4,16,2,0,0,0,0,0,13,9,0,0,0,0,0,6,13,0,0,0,0
img_1658,0,0,6,14,10,2,0,0,0,0,15,15,13,15,3,0,0,2,16,10,0,13,9,0,0,1,16,5,0,12,5,0,0,0,16,3,0,13,6,0,0,1,15,5,6,13,1,0,0,0,16,11,14,10,0,0,0,0,7,16,11,1,0,0
img_1659,0,0,11,10,12,4,0,0,0,0,12,13,9,16,1,0,0,0,7,13,11,16,0,0,0,0,1,16,14,4,0,0,0,0,10,16,13,0,0,0,0,0,14,7,12,7,0,0,0,4,14,4,12,13,0,0,0,1,11,14,12,4,0,0
img_1660,0,0,9,9,12,12,0,0,0,0,14,10,8,3,0,0,0,0,13,6,3,0,0,0,0,0,13,16,15,12,2,0,0,0,0,0,0,5,9,0,0,0,0,0,0,2,12,0,0,0,5,1,2,11,8,0,0,0,10,16,16,11,1,0
img_1661,0,0,0,14,9,0,0,0,0,0,0,14,13,0,0,0,0,0,0,11,16,2,0,0,0,0,0,14,16,5,0,0,0,0,0,13,16,4,0,0,0,0,0,16,16,4,0,0,0,0,1,16,16,0,0,0,0,0,0,14,12,0,0,0
img_1662,0,0,2,13,8,6,0,0,0,0,7,14,14,16,0,0,0,0,7,9,3,16,4,0,0,0,5,14,15,16,4,0,0,0,0,3,2,13,5,0,0,0,3,0,0,12,6,0,0,1,12,6,0,11,7,0,0,0,3,12,16,16,1,0
img_1663,0,0,2,15,16,9,0,0,0,0,3,13,11,16,0,0,0,0,0,2,13,12,0,0,0,0,0,9,16,11,0,0,0,3,3,1,6,15,8,0,0,11,13,0,0,10,12,0,0,3,16,12,7,16,8,0,0,0,3,15,16,10,0,0
img_1664,0,2,12,14,3,0,0,0,0,7,16,1,0,4,1,0,0,0,13,16,16,15,1,0,0,0,7,16,14,1,0,0,0,0,15,14,16,0,0,0,0,2,16,1,15,7,0,0,0,5,16,6,15,7,0,0,0,1,16,14,9,0,0,0
img_1665,0,0,7,15,9,5,0,0,0,0,14,16,14,15,0,0,0,1,16,8,4,6,4,0,0,4,15,1,0,6,5,0,0,3,11,0,0,7,5,0,0,3,11,0,1,13,2,0,0,1,13,8,13,13,0,0,0,0,6,15,11,1,0,0
img_1666,0,0,0,1,8,16,2,0,0,0,5,13,16,16,0,0,0,11,16,15,12,16,0,0,0,3,8,1,8,16,0,0,0,0,0,0,8,16,3,0,0,0,0,0,8,16,4,0,0,0,0,0,7,16,7,0,0,0,0,0,10,16,8,0
img_1667,0,0,8,16,8,0,0,0,0,0,10,16,16,3,0,0,0,0,2,4,14,4,0,0,0,0,0,8,14,0,0,0,0,0,5,16,8,0,0,0,0,2,15,14,7,6,3,0,0,5,16,15,16,15,3,0,0,0,10,13,8,2,0,0
img_1668,0,0,0,8,13,0,0,0,0,0,1,16,16,0,0,0,0,0,7,16,16,0,0,0,0,1,15,16,16,0,0,0,0,6,16,15,16,9,2,0,0,6,15,16,16,16,11,0,0,0,0,11,16,0,0,0,0,0,0,10,14,0,0,0
img_1669,0,0,8,16,16,12,0,0,0,0,14,12,10,14,0,0,0,0,3,3,10,10,0,0,0,0,0,8,16,5,0,0,0,0,0,7,16,6,0,0,0,0,4,0,7,14,0,0,0,2,16,5,10,16,0,0,0,0,7,16,16,7,0,0
img_1670,0,0,0,12,15,2,0,0,0,0,0,13,16,8,0,0,0,0,0,14,16,9,0,0,0,0,0,13,16,6,0,0,0,0,7,16,16,3,0,0,0,1,16,16,16,1,0,0,0,0,8,16,16,2,0,0,0,0,0,9,16,7,0,0
img_1671,0,0,0,16,11,0,0,0,0,0,2,16,16,2,0,0,0,0,3,16,16,6,0,0,0,0,3,16,15,2,0,0,0,0,2,16,16,2,0,0,0,0,4,16,15,0,0,0,0,0,1,16,15,1,0,0,0,0,0,12,16,2,0,0
img_1672,0,0,13,16,16,15,2,0,0,0,14,13,11,16,2,0,0,0,11,13,15,6,0,0,0,0,5,16,10,0,0,0,0,0,10,14,15,0,0,0,0,1,14,3,15,7,0,0,0,6,11,0,15,6,0,0,0,1,13,16,15,3,0,0
img_1673,0,1,10,13,9,2,0,0,0,2,12,4,12,10,0,0,0,0,14,5,11,11,0,0,0,0,2,8,8,15,2,0,0,0,0,0,0,12,5,0,0,0,0,0,0,4,12,0,0,0,4,1,0,8,11,0,0,0,11,16,16,14,3,0
img_1674,0,0,4,15,1,0,0,0,0,0,9,10,0,0,0,0,0,1,15,2,0,0,0,0,0,4,12,0,0,0,0,0,0,8,14,9,8,6,1,0,0,7,14,7,5,12,8,0,0,2,16,4,1,12,6,0,0,0,5,14,16,11,0,0
img_1675,0,0,7,10,0,0,0,0,0,0,9,16,0,0,0,0,0,0,6,16,5,0,0,0,0,0,9,16,9,0,0,0,0,0,0,6,14,1,0,0,0,0,0,2,16,4,0,0,0,0,1,4,14,12,4,1,0,0,7,16,16,16,16,5
img_1676,0,0,4,12,13,1,0,0,0,0,4,16,16,5,0,0,0,0,9,16,10,0,0,0,0,8,16,16,11,4,0,0,0,0,4,8,16,16,7,0,0,0,0,0,2,14,14,0,0,0,0,4,15,16,11,0,0,0,5,16,14,8,0,0
img_1677,0,0,8,16,11,0,0,0,0,2,15,8,16,7,0,0,0,3,13,1,14,13,0,0,0,0,10,16,16,16,3,0,0,0,0,2,5,15,4,0,0,0,0,0,0,12,6,0,0,0,5,6,5,15,4,0,0,0,6,15,16,12,1,0
img_1678,0,0,11,16,12,2,0,0,0,7,16,6,10,13,0,0,0,0,2,0,3,16,0,0,0,0,0,3,12,9,0,0,0,0,0,10,16,12,0,0,0,0,3,0,3,15,7,0,0,3,16,7,6,14,8,0,0,1,9,15,16,12,1,0
img_1679,0,2,0,8,9,0,0,0,0,13,5,14,8,7,0,0,0,12,5,2,0,9,0,0,0,7,5,0,0,3,5,0,0,3,10,0,0,2,10,0,0,1,13,0,0,1,12,0,0,0,5,13,5,9,13,0,0,0,0,9,16,16,7,0
img_1680,0,0,7,13,8,6,0,0,0,0,16,15,16,14,10,0,0,4,16,13,1,0,0,0,0,1,10,16,9,0,0,0,0,0,0,5,13,0,0,0,0,0,0,5,15,0,0,0,0,0,8,11,8,0,0,0,0,0,9,16,3,0,0,0
img_1681,0,0,7,14,16,13,1,0,0,0,15,13,3,13,8,0,0,6,15,2,0,8,8,0,0,6,16,0,0,6,11,0,0,9,13,0,0,13,9,0,0,5,15,0,5,16,5,0,0,4,16,9,16,12,0,0,0,0,8,16,12,3,0,0
img_1682,0,0,5,14,11,0,0,0,0,0,15,16,15,0,0,0,0,0,10,8,16,1,0,0,0,0,0,6,14,0,0,0,0,0,0,12,9,0,0,0,0,0,1,16,3,0,0,0,0,0,8,16,12,11,0,0,0,0,7,16,12,7,0,0
img_1683,0,0,2,13,0,0,0,0,0,0,12,12,0,0,0,0,0,2,16,2,0,0,0,0,0,4,14,8,7,2,0,0,0,8,15,12,13,15,2,0,0,2,15,1,0,7,11,0,0,0,13,8,5,13,9,0,0,0,2,13,16,11,1,0
img_1684,0,0,3,11,13,15,3,0,0,4,16,14,11,16,8,0,0,2,5,0,14,15,1,0,0,0,0,0,16,11,0,0,0,0,0,0,11,10,0,0,0,0,0,0,8,12,0,0,0,0,8,11,15,8,0,0,0,0,2,12,14,3,0,0
img_1685,0,0,3,11,16,15,1,0,0,1,16,14,10,16,2,0,0,5,12,0,8,12,0,0,0,0,1,1,13,9,0,0,0,0,11,16,16,13,2,0,0,0,11,14,15,12,5,0,0,0,0,15,9,0,0,0,0,0,0,15,5,0,0,0
img_1686,0,0,0,3,12,12,2,0,0,0,7,15,16,16,0,0,0,4,15,9,14,16,3,0,0,2,0,0,14,16,0,0,0,0,0,0,14,16,0,0,0,0,0,0,15,13,0,0,0,0,0,0,16,14,1,0,0,0,0,3,16,13,2,0
img_1687,0,0,0,0,15,7,0,0,0,0,0,10,16,6,0,0,0,0,8,15,14,4,0,0,0,6,15,2,15,2,1,0,0,9,16,16,16,16,11,0,0,5,10,12,16,8,1,0,0,0,0,1,15,0,0,0,0,0,0,1,15,0,0,0
img_1688,0,0,0,1,8,13,14,2,0,0,2,13,9,4,14,4,0,0,13,9,0,9,14,1,0,4,16,14,14,16,6,0,0,1,11,10,7,14,0,0,0,0,0,0,8,8,0,0,0,0,0,0,11,5,0,0,0,0,0,0,11,3,0,0
img_1689,0,0,0,0,14,16,7,0,0,0,0,5,16,16,8,0,0,0,1,12,16,16,8,0,0,5,14,16,16,16,5,0,0,1,4,7,16,16,8,0,0,0,0,2,16,16,7,0,0,0,0,2,16,16,3,0,0,0,0,0,16,16,0,0
img_1690,0,0,4,13,12,1,0,0,0,2,15,14,16,13,0,0,0,6,16,4,6,16,5,0,0,8,15,1,0,12,8,0,0,8,12,0,0,12,8,0,0,5,13,0,1,13,8,0,0,1,15,10,12,16,3,0,0,0,6,16,13,4,0,0
img_1691,0,0,0,10,11,1,0,0,0,0,1,15,8,8,0,0,0,5,4,10,0,12,0,0,0,7,8,10,0,7,5,0,0,6,10,0,0,2,9,0,0,1,13,0,0,2,11,0,0,0,6,11,4,10,11,0,0,0,0,9,15,14,5,0
img_1692,0,0,0,11,16,2,0,0,0,0,7,16,8,2,0,0,0,0,15,7,0,0,0,0,0,0,16,4,3,1,0,0,0,1,16,16,16,16,4,0,0,0,14,12,4,6,12,0,0,0,10,16,5,10,15,0,0,0,2,11,16,12,8,0
img_1693,0,0,15,15,10,2,0,0,0,0,16,5,8,11,0,0,0,0,9,12,1,14,4,0,0,0,6,16,16,15,2,0,0,0,0,4,11,1,0,0,0,0,0,0,7,7,0,0,0,0,0,0,2,11,0,0,0,0,10,12,13,11,0,0
img_1694,0,0,12,15,13,2,0,0,0,1,16,5,5,13,0,0,0,1,7,13,0,8,4,0,0,6,11,13,13,15,4,0,0,1,9,12,12,13,1,0,0,0,0,0,0,11,6,0,0,0,0,0,0,5,14,0,0,0,10,13,12,15,6,0
img_1695,0,2,13,16,10,0,0,0,0,12,15,9,16,2,0,0,0,10,8,1,16,6,0,0,0,1,1,2,16,6,0,0,0,0,0,10,15,2,0,0,0,0,2,15,9,0,0,0,0,2,15,16,9,8,6,0,0,1,13,16,16,16,16,3
img_1696,0,0,10,16,8,0,0,0,0,4,16,13,16,3,0,0,0,0,12,1,11,6,0,0,0,0,0,0,12,8,0,0,0,0,0,0,14,5,0,0,0,0,0,7,16,6,4,0,0,0,5,16,16,16,16,4,0,0,11,15,9,8,6,0
img_1697,0,0,3,13,16,15,6,0,0,0,13,13,9,16,10,0,0,0,16,9,0,14,6,0,0,0,14,2,6,15,0,0,0,0,0,5,15,15,6,0,0,0,0,16,15,10,2,0,0,0,0,13,11,0,0,0,0,0,4,16,7,0,0,0
img_1698,0,0,0,0,13,1,0,0,0,0,0,7,15,3,0,0,0,0,0,16,11,2,0,0,0,0,4,16,16,14,1,0,0,0,5,16,8,8,10,0,0,0,9,16,4,0,15,0,0,0,2,9,11,13,14,0,0,0,0,0,10,16,10,0
img_1699,0,0,0,0,10,13,7,0,0,0,0,5,16,16,11,0,0,0,4,14,16,16,7,0,0,3,14,16,16,16,4,0,0,7,16,16,16,16,4,0,0,0,2,13,16,16,3,0,0,0,0,11,16,16,0,0,0,0,0,2,13,16,1,0
img_1700,0,1,13,16,15,6,0,0,0,10,15,9,11,15,0,0,0,7,9,0,12,12,0,0,0,0,0,0,15,6,0,0,0,0,0,8,15,1,0,0,0,0,2,15,10,0,0,0,0,0,10,16,10,9,16,2,0,0,13,16,15,11,4,0
img_1701,0,0,9,16,16,16,5,0,0,1,14,10,8,16,8,0,0,0,0,0,7,16,3,0,0,3,8,11,15,16,11,0,0,8,16,16,15,11,3,0,0,0,2,16,7,0,0,0,0,0,8,16,1,0,0,0,0,0,13,10,0,0,0,0
img_1702,0,0,0,8,15,4,0,0,0,0,3,16,10,11,0,0,0,0,6,12,11,13,0,0,0,0,10,16,16,9,0,0,0,1,16,12,11,5,0,0,0,2,13,0,2,9,0,0,0,0,8,6,2,12,0,0,0,0,1,9,14,9,0,0
img_1703,0,0,0,7,10,0,0,0,0,0,3,15,5,0,0,0,0,0,11,11,0,2,2,0,0,5,14,2,1,13,7,0,0,7,15,2,8,16,3,0,0,3,14,16,16,8,0,0,0,0,0,7,16,0,0,0,0,0,0,6,16,2,0,0
img_1704,0,1,9,15,16,9,0,0,0,6,12,1,2,16,0,0,0,0,1,0,8,14,0,0,0,0,0,10,15,3,0,0,0,0,0,7,15,5,0,0,0,0,0,0,4,13,2,0,0,2,7,4,4,14,3,0,0,0,9,16,16,10,0,0
img_1705,0,0,6,15,15,4,0,0,0,6,16,16,16,14,0,0,0,7,16,14,16,13,0,0,0,0,3,7,16,6,0,0,0,0,0,2,16,9,0,0,0,0,0,0,14,15,0,0,0,0,7,10,16,14,0,0,0,0,7,15,15,4,0,0
img_1706,0,0,7,16,16,15,5,0,0,0,9,12,15,16,7,0,0,0,0,0,9,15,1,0,0,0,7,12,15,15,8,0,0,1,16,16,16,13,5,0,0,0,0,14,10,0,0,0,0,0,5,16,2,0,0,0,0,0,8,14,1,0,0,0
img_1707,0,0,7,16,16,14,0,0,0,0,16,12,10,15,1,0,0,0,10,4,16,10,0,0,0,0,0,9,16,11,1,0,0,0,0,0,7,16,8,0,0,0,0,0,0,16,7,0,0,0,8,4,10,15,2,0,0,0,12,16,16,6,0,0
img_1708,0,0,4,16,14,3,0,0,2,14,16,12,10,11,0,0,0,13,12,9,15,10,0,0,0,3,14,14,16,4,0,0,0,0,9,16,8,0,0,0,0,0,12,15,14,1,0,0,0,0,12,12,16,4,0,0,0,0,4,15,16,3,0,0
img_1709,0,2,13,13,11,9,0,0,0,10,16,16,16,15,10,0,0,11,16,9,0,0,0,0,0,3,15,16,8,0,0,0,0,0,2,11,14,0,0,0,0,0,0,8,16,0,0,0,0,0,1,11,11,0,0,0,0,1,16,15,4,0,0,0
img_1710,0,0,9,15,16,15,2,0,0,4,16,5,3,1,0,0,0,4,14,0,0,0,0,0,0,5,14,9,14,15,2,0,0,5,13,9,8,15,8,0,0,0,0,0,0,13,5,0,0,0,0,5,11,14,0,0,0,0,11,12,7,1,0,0
img_1711,0,1,12,16,14,8,0,0,0,4,16,8,10,15,3,0,0,0,0,0,5,16,3,0,0,0,0,1,12,15,0,0,0,0,0,10,16,5,0,0,0,0,5,16,10,0,0,0,0,1,14,15,6,10,11,0,0,0,13,16,16,14,8,1
img_1712,0,0,0,6,15,1,0,0,0,0,3,16,9,15,3,0,0,1,15,7,5,15,0,0,0,9,16,4,11,14,10,0,0,9,16,16,16,16,9,0,0,0,2,4,16,2,0,0,0,0,0,6,14,0,0,0,0,0,0,7,10,0,0,0
img_1713,0,0,8,15,15,2,0,0,0,2,16,13,12,10,0,0,0,3,15,1,9,11,0,0,0,0,0,1,15,8,0,0,0,0,0,10,13,1,0,0,0,0,8,16,7,0,0,0,0,6,16,16,13,7,6,1,0,0,7,5,12,16,15,2
img_1714,0,0,0,4,14,2,0,0,0,0,1,15,7,0,0,0,0,0,8,14,0,2,8,0,0,1,15,5,0,10,11,0,0,6,14,1,6,16,5,0,0,12,16,16,16,14,2,0,0,3,12,13,16,3,0,0,0,0,0,6,10,0,0,0
img_1715,0,0,3,8,11,13,14,0,0,2,13,16,13,13,13,0,0,1,16,0,0,0,0,0,0,3,16,11,10,1,0,0,0,3,16,14,14,10,0,0,0,0,8,3,9,11,0,0,0,0,7,15,14,11,0,0,0,0,2,12,13,2,0,0
img_1716,0,0,0,12,14,5,0,0,0,0,6,11,4,15,0,0,0,0,8,9,8,16,3,0,0,0,3,14,13,13,4,0,0,0,0,0,0,10,7,0,0,0,0,0,0,7,8,0,0,0,13,6,1,7,9,0,0,0,1,10,14,15,2,0
img_1717,0,0,0,0,3,15,6,0,0,0,0,0,11,16,7,0,0,0,0,9,16,16,4,0,0,0,10,16,16,16,4,0,0,4,16,7,8,16,4,0,0,1,4,0,10,16,2,0,0,0,0,0,7,16,1,0,0,0,0,0,3,16,1,0
img_1718,0,0,4,15,16,13,13,10,0,0,12,13,10,15,14,2,0,2,16,6,2,14,6,0,0,1,5,0,9,11,0,0,0,0,7,12,16,14,6,0,0,0,8,15,15,11,2,0,0,0,2,16,8,0,0,0,0,0,7,15,4,0,0,0
img_1719,0,0,12,16,15,6,0,0,0,0,15,12,7,15,1,0,0,1,15,15,7,16,4,0,0,1,12,16,16,14,1,0,0,0,0,4,10,13,0,0,0,0,0,0,1,15,3,0,0,0,3,0,2,16,6,0,0,0,13,16,16,15,1,0
img_1720,0,0,0,9,16,10,0,0,0,0,1,15,5,16,3,0,0,0,13,4,0,15,5,0,0,0,15,11,14,16,2,0,0,8,16,16,13,5,0,0,0,3,15,15,1,0,0,0,0,0,9,16,10,0,0,0,0,0,0,10,15,0,0,0
img_1721,0,0,14,12,12,13,0,0,0,1,16,8,8,6,0,0,0,4,15,8,4,0,0,0,0,2,12,12,15,13,1,0,0,0,0,0,1,13,8,0,0,0,0,0,0,11,7,0,0,5,14,4,7,15,2,0,0,1,10,16,15,5,0,0
img_1722,0,0,0,5,13,16,8,0,0,0,8,15,6,7,14,0,0,2,16,1,1,11,10,0,0,4,16,15,16,16,6,0,0,0,4,4,5,15,1,0,0,0,0,0,9,8,0,0,0,0,0,2,15,1,0,0,0,0,0,6,10,0,0,0
img_1723,0,0,2,12,15,12,1,0,0,1,14,14,14,11,8,0,0,5,16,3,0,2,8,0,0,8,14,0,0,6,8,0,0,4,12,0,0,9,4,0,0,1,16,1,1,14,1,0,0,0,11,9,11,8,0,0,0,0,2,13,14,1,0,0
img_1724,0,0,3,15,5,0,0,0,0,0,5,16,10,0,0,0,0,0,6,16,7,0,0,0,0,2,12,16,9,0,0,0,0,8,16,15,14,0,0,0,0,0,6,3,16,6,0,0,0,0,6,8,12,15,12,10,0,0,2,13,16,16,15,11
img_1725,0,0,2,13,16,13,0,0,0,0,14,15,14,16,0,0,0,0,5,0,10,15,0,0,0,0,0,0,13,13,0,0,0,0,7,14,16,16,7,0,0,0,14,16,14,10,3,0,0,0,3,15,5,0,0,0,0,0,4,15,0,0,0,0
img_1726,0,0,5,15,12,4,0,0,0,2,15,8,11,16,4,0,0,8,9,0,6,16,4,0,0,8,8,0,2,10,8,0,0,8,7,0,0,13,5,0,0,2,14,0,0,16,2,0,0,0,14,8,11,10,0,0,0,0,4,13,14,0,0,0
img_1727,0,0,0,4,11,15,15,2,0,1,10,16,13,14,14,2,0,5,16,16,16,16,14,0,0,0,9,8,8,15,9,0,0,0,0,0,1,16,2,0,0,0,0,0,10,10,0,0,0,0,0,1,16,6,0,0,0,0,0,3,16,2,0,0
img_1728,0,0,10,12,13,16,2,0,0,4,15,6,4,4,0,0,0,5,10,0,0,0,0,0,0,5,16,16,16,9,0,0,0,2,11,3,3,12,0,0,0,0,0,0,2,13,0,0,0,0,4,1,9,10,0,0,0,0,16,16,13,1,0,0
img_1729,0,0,8,15,11,1,0,0,0,0,10,4,10,6,0,0,0,0,0,1,13,6,0,0,0,0,0,15,16,2,0,0,0,0,0,4,8,15,1,0,0,1,1,0,0,9,7,0,0,4,13,5,3,10,8,0,0,0,7,14,16,15,2,0
img_1730,0,0,0,2,16,15,3,0,0,0,0,8,16,16,4,0,0,0,9,16,16,14,0,0,0,7,16,16,16,12,0,0,0,0,0,8,16,12,0,0,0,0,0,7,16,12,0,0,0,0,0,4,16,16,7,0,0,0,0,0,13,16,7,0
img_1731,0,2,12,13,16,16,4,0,0,11,16,13,7,4,1,0,0,13,14,0,0,0,0,0,0,1,15,12,0,0,0,0,0,0,6,16,3,0,0,0,0,0,0,13,7,0,0,0,0,3,5,16,7,0,0,0,0,3,13,15,0,0,0,0
img_1732,0,0,6,12,12,15,16,6,0,2,15,16,14,16,15,3,0,3,16,6,6,16,6,0,0,7,15,4,14,11,0,0,0,1,2,8,15,3,0,0,0,0,1,16,9,0,0,0,0,0,6,16,4,0,0,0,0,0,8,16,3,0,0,0
img_1733,0,0,0,11,8,0,0,0,0,0,6,15,2,0,0,0,0,0,13,8,0,4,7,0,0,5,16,2,2,13,9,0,0,10,15,12,15,14,1,0,0,6,16,9,16,5,0,0,0,0,0,6,14,1,0,0,0,0,0,14,7,0,0,0
img_1734,0,0,0,13,9,0,0,0,0,0,4,15,3,0,0,0,0,0,11,9,6,4,0,0,0,5,16,3,13,8,1,0,0,14,16,9,16,16,9,0,0,12,16,16,16,11,3,0,0,0,4,12,14,0,0,0,0,0,0,12,10,0,0,0
img_1735,0,0,12,16,16,13,1,0,0,4,15,9,12,16,2,0,0,0,2,0,11,15,0,0,0,0,0,12,16,4,0,0,0,0,0,8,16,13,1,0,0,0,0,0,6,16,6,0,0,0,4,6,6,16,6,0,0,0,12,16,16,9,0,0
img_1736,0,0,11,12,13,14,4,0,0,0,13,8,4,4,2,0,0,0,11,0,0,0,0,0,0,5,12,6,3,0,0,0,0,5,12,12,13,11,0,0,0,0,2,0,0,13,0,0,0,4,11,0,3,15,0,0,0,0,9,16,16,6,0,0
img_1737,0,0,0,9,16,6,0,0,0,0,4,15,6,15,0,0,0,0,8,11,9,11,0,0,0,0,8,16,14,2,0,0,0,0,11,16,13,0,0,0,0,6,14,2,12,9,0,0,0,5,16,11,5,13,4,0,0,0,3,8,13,16,9,0
img_1738,0,5,15,16,6,0,0,0,0,11,16,16,11,0,0,0,0,6,10,11,14,0,0,0,0,0,0,7,15,0,0,0,0,0,0,11,11,0,0,0,0,0,3,16,6,0,0,0,0,0,13,16,15,12,11,0,0,6,16,16,16,13,3,0
img_1739,0,0,6,14,9,5,2,0,0,7,15,6,2,12,8,0,0,5,15,2,8,15,1,0,0,1,12,14,16,4,0,0,0,0,1,16,11,0,0,0,0,0,4,10,16,3,0,0,0,0,9,2,13,8,0,0,0,0,5,14,11,3,0,0
img_1740,0,3,16,15,1,0,0,0,0,10,16,15,6,0,0,0,0,13,10,13,8,0,0,0,0,1,3,11,10,0,0,0,0,0,0,15,8,0,0,0,0,0,4,16,10,5,7,0,0,1,13,16,16,16,16,0,0,2,14,15,11,8,3,0
img_1741,0,0,2,14,9,1,0,0,0,1,12,12,11,8,0,0,0,4,14,1,0,13,3,0,0,8,13,0,0,10,6,0,0,5,16,1,0,8,9,0,0,0,16,0,0,11,9,0,0,0,13,11,10,15,4,0,0,0,3,15,16,5,0,0
img_1742,0,0,2,12,16,6,0,0,0,0,5,16,12,4,0,0,0,0,15,14,0,0,0,0,0,2,16,14,8,8,0,0,0,4,16,16,13,15,8,0,0,4,16,11,1,12,12,0,0,0,11,16,12,14,15,0,0,0,1,8,12,12,6,0
img_1743,0,0,9,9,4,0,0,0,0,0,15,15,14,12,0,0,0,3,10,1,0,12,5,0,0,5,8,0,0,8,6,0,0,8,8,0,0,8,8,0,0,5,8,0,0,10,6,0,0,4,13,4,6,13,0,0,0,0,6,16,14,3,0,0
img_1744,0,0,0,1,16,3,0,0,0,0,0,10,11,0,0,0,0,0,1,14,3,0,0,0,0,0,7,12,0,3,9,0,0,0,14,2,0,10,7,0,0,6,13,5,11,14,1,0,0,11,16,16,16,9,0,0,0,1,2,1,14,1,0,0
img_1745,0,1,10,9,11,5,0,0,1,14,8,1,2,11,0,0,0,14,3,0,11,5,0,0,0,2,12,12,11,0,0,0,0,0,2,15,14,4,0,0,0,0,11,5,1,12,2,0,0,0,13,0,0,14,2,0,0,0,9,13,16,9,0,0
img_1746,0,0,4,14,16,5,0,0,0,4,16,16,16,8,0,0,0,10,15,9,16,4,0,0,0,1,2,13,14,0,0,0,0,0,2,16,6,0,0,0,0,0,7,16,0,5,7,0,0,0,8,16,13,16,6,0,0,0,2,15,16,6,0,0
img_1747,0,0,2,9,15,12,5,0,0,0,12,11,11,12,11,0,0,1,16,1,0,8,11,0,0,3,15,12,10,15,2,0,0,0,1,11,16,9,0,0,0,0,0,11,15,12,0,0,0,0,0,12,15,8,0,0,0,0,0,10,13,2,0,0
img_1748,0,0,3,11,7,1,0,0,0,0,10,15,14,14,0,0,0,2,16,10,1,12,4,0,0,2,16,3,0,4,8,0,0,5,12,0,0,6,8,0,0,1,12,0,0,11,9,0,0,0,15,9,14,15,1,0,0,0,4,15,15,4,0,0
img_1749,0,0,0,4,9,0,0,0,0,0,0,12,11,0,0,0,0,0,4,13,16,4,0,0,0,0,12,6,14,4,0,0,0,4,16,9,15,13,3,0,0,4,12,12,16,14,6,0,0,0,0,0,16,4,0,0,0,0,0,2,16,3,0,0
img_1750,0,0,5,12,0,0,0,0,0,0,14,10,14,12,0,0,0,2,16,16,8,11,2,0,0,3,16,11,0,9,3,0,0,5,12,2,0,12,4,0,0,1,12,0,0,13,3,0,0,0,13,6,8,13,0,0,0,0,3,14,12,3,0,0
img_1751,0,0,0,10,8,0,0,0,0,0,6,14,3,0,0,0,0,0,11,8,0,0,0,0,0,3,16,8,2,0,0,0,0,6,16,16,16,15,3,0,0,0,16,2,0,8,12,0,0,0,11,12,5,11,12,0,0,0,1,8,16,15,2,0
img_1752,0,0,10,14,0,0,0,0,0,1,16,7,1,7,0,0,0,0,15,7,12,16,2,0,0,0,10,16,16,4,0,0,0,0,0,9,14,0,0,0,0,0,0,14,10,0,0,0,0,0,5,16,2,0,0,0,0,0,11,12,0,0,0,0
img_1753,0,0,0,7,12,13,1,0,0,0,8,11,1,10,8,0,0,0,12,2,1,11,7,0,0,0,10,10,14,8,0,0,0,1,7,16,9,0,0,0,0,7,16,7,14,3,0,0,0,0,7,13,5,14,0,0,0,0,0,6,15,14,2,0
img_1754,0,0,5,13,14,5,0,0,0,2,15,6,11,15,1,0,0,1,16,5,8,16,4,0,0,0,4,12,9,13,8,0,0,0,0,0,0,8,8,0,0,0,0,0,0,11,7,0,0,0,7,7,5,15,2,0,0,0,5,15,16,7,0,0
img_1755,0,0,0,6,14,8,0,0,0,0,8,16,12,8,0,0,0,3,16,14,3,0,0,0,0,6,16,16,16,11,1,0,0,8,16,13,4,14,5,0,0,2,16,9,0,8,12,0,0,0,10,15,6,13,9,0,0,0,0,8,14,16,9,0
img_1756,0,0,2,12,4,0,0,0,0,1,12,16,16,3,0,0,0,7,16,6,4,13,0,0,0,8,16,6,0,13,5,0,0,1,16,5,0,7,9,0,0,0,16,8,0,8,12,0,0,0,13,14,14,16,10,0,0,0,4,14,15,7,0,0
img_1757,0,0,3,15,13,2,0,0,0,0,10,16,12,13,0,0,0,0,13,13,9,14,0,0,0,0,6,15,15,11,0,0,0,0,4,16,14,1,0,0,0,0,11,14,15,5,0,0,0,0,9,10,14,9,0,0,0,0,4,16,15,2,0,0
img_1758,0,1,7,15,16,9,0,0,1,13,14,7,14,14,0,0,0,6,1,8,16,8,0,0,0,0,3,16,9,0,0,0,0,0,0,11,15,6,1,0,0,0,0,0,7,15,11,0,0,0,5,1,0,11,16,2,0,0,10,16,16,16,7,0
img_1759,0,0,0,7,13,2,0,0,0,0,0,14,14,2,0,0,0,0,5,16,4,0,0,0,0,1,11,16,4,0,0,0,0,5,16,16,15,12,0,0,0,0,9,16,1,13,7,0,0,0,4,16,6,15,5,0,0,0,0,6,14,14,1,0
img_1760,0,2,14,16,6,0,0,0,0,12,14,12,15,0,0,0,0,11,2,8,12,0,0,0,0,0,0,11,11,0,0,0,0,0,2,16,4,0,0,0,0,0,7,13,0,0,0,0,0,1,14,13,8,8,7,0,0,2,15,16,16,15,8,0
img_1761,0,0,0,1,13,7,0,0,0,0,0,10,14,1,0,0,0,0,3,16,5,0,0,0,0,0,13,11,0,3,8,0,0,6,15,2,0,14,7,0,0,8,16,12,13,16,4,0,0,3,11,11,15,12,0,0,0,0,0,0,16,9,0,0
img_1762,0,0,0,9,16,3,0,0,0,0,7,16,7,0,0,0,0,2,15,8,0,1,7,0,0,9,14,0,2,13,14,0,0,8,16,14,15,16,6,0,0,1,7,8,16,12,0,0,0,0,0,7,16,5,0,0,0,0,0,12,12,0,0,0
img_1763,0,0,0,2,13,13,0,0,0,0,0,12,10,16,0,0,0,0,7,13,8,11,0,0,0,0,5,16,16,4,0,0,0,0,3,16,16,4,0,0,0,2,14,9,7,13,1,0,0,1,11,8,3,9,8,0,0,0,0,5,10,15,16,0
img_1764,0,0,2,12,16,16,7,0,0,0,10,13,7,8,3,0,0,2,15,6,0,0,0,0,0,11,14,7,5,1,0,0,0,5,16,16,16,15,6,0,0,0,4,4,4,14,8,0,0,0,0,4,7,14,5,0,0,0,2,15,15,5,0,0
img_1765,0,0,10,15,7,0,0,0,0,4,16,13,11,11,0,0,0,10,16,12,15,16,4,0,0,3,12,12,14,16,4,0,0,0,0,0,10,16,4,0,0,0,0,0,9,16,4,0,0,0,4,4,15,15,0,0,0,1,12,15,12,3,0,0
img_1766,0,0,4,16,16,16,12,0,0,0,4,12,11,14,13,0,0,0,0,0,0,15,9,0,0,0,2,8,10,16,9,0,0,0,7,13,16,14,5,0,0,0,0,3,16,5,0,0,0,0,0,10,15,0,0,0,0,0,3,16,9,0,0,0
img_1767,0,0,3,12,16,9,0,0,0,0,12,9,13,16,9,0,0,3,16,5,0,8,12,0,0,0,9,16,10,13,2,0,0,0,0,4,16,12,0,0,0,0,0,11,9,16,0,0,0,0,1,15,2,12,0,0,0,0,2,16,16,6,0,0
img_1768,0,1,14,16,12,0,0,0,0,5,16,9,16,6,0,0,0,3,11,0,14,9,0,0,0,0,0,0,10,10,0,0,0,0,0,0,14,10,0,0,0,0,0,10,16,5,0,0,0,2,15,16,14,8,12,2,0,0,11,16,16,16,15,5
img_1769,0,1,9,15,13,4,0,0,0,5,12,4,10,6,0,0,0,0,0,3,15,2,0,0,0,0,0,15,13,1,0,0,0,0,0,2,9,14,2,0,0,0,0,0,0,11,8,0,0,0,10,6,4,11,7,0,0,0,8,15,16,9,1,0
img_1770,0,0,2,12,12,1,0,0,0,2,12,12,6,11,0,0,0,10,13,0,0,10,2,0,0,8,11,0,0,6,6,0,0,7,9,0,0,4,9,0,0,3,13,0,0,8,12,0,0,0,12,12,9,16,7,0,0,0,1,12,16,9,1,0
img_1771,0,0,11,16,15,3,0,0,0,5,16,12,11,13,0,0,0,3,13,1,5,15,0,0,0,0,0,0,12,11,0,0,0,0,0,1,16,7,0,0,0,0,0,10,15,0,0,0,0,0,12,16,16,11,1,0,0,0,13,13,8,13,16,8
img_1772,0,0,9,16,13,6,0,0,0,0,6,5,16,16,0,0,0,0,0,8,15,5,0,0,0,0,0,5,14,3,0,0,0,0,0,0,9,15,2,0,0,0,0,0,0,11,12,0,0,0,4,8,11,15,12,0,0,0,11,14,12,8,0,0
img_1773,0,0,14,16,15,3,0,0,0,0,6,5,13,8,0,0,0,0,0,8,16,5,0,0,0,0,0,11,16,10,0,0,0,1,3,0,4,15,8,0,0,6,15,0,0,9,15,0,0,5,16,5,6,14,14,0,0,1,11,16,16,14,2,0
img_1774,0,0,3,10,15,8,0,0,0,0,12,14,8,1,0,0,0,1,16,3,0,0,0,0,0,2,16,9,11,16,3,0,0,4,16,14,9,15,7,0,0,1,4,0,0,15,3,0,0,0,0,3,12,8,0,0,0,0,2,10,8,0,0,0
img_1775,0,0,4,12,1,0,0,0,0,0,14,13,0,0,0,0,0,2,16,3,0,0,0,0,0,7,13,0,0,0,0,0,0,7,12,7,12,6,2,0,0,4,15,15,12,13,11,0,0,1,13,16,5,11,12,0,0,0,5,13,16,11,1,0
img_1776,0,0,0,6,11,0,0,0,0,0,0,15,10,0,0,0,0,0,7,15,2,0,0,0,0,0,16,6,0,0,0,0,0,3,16,7,5,5,0,0,0,2,16,13,9,13,11,0,0,0,8,13,7,5,15,3,0,0,0,5,11,13,12,2
img_1777,0,0,3,14,13,0,0,0,0,2,16,9,16,2,0,0,0,4,12,3,16,0,0,0,0,2,9,15,16,10,1,0,0,0,0,11,8,16,6,0,0,0,6,0,0,12,8,0,0,0,14,10,5,16,7,0,0,0,3,13,16,11,1,0
img_1778,0,2,10,15,16,16,14,0,0,7,11,4,6,15,9,0,0,0,0,6,15,12,0,0,0,0,3,16,9,0,0,0,0,0,5,16,8,0,0,0,0,0,0,11,15,2,0,0,0,0,1,6,16,2,0,0,0,1,16,16,6,0,0,0
img_1779,0,0,13,9,0,0,0,0,0,8,16,15,0,0,0,0,0,9,9,13,2,0,0,0,0,0,0,11,3,0,0,0,0,0,1,13,0,0,0,0,0,0,4,13,0,0,0,0,0,1,13,15,8,12,11,0,0,0,12,16,16,12,2,0
img_1780,0,0,6,11,16,16,3,0,0,5,16,15,5,0,0,0,0,11,16,15,2,0,0,0,0,12,15,12,12,0,0,0,0,2,1,4,16,0,0,0,0,0,0,0,16,4,0,0,0,0,0,2,16,3,0,0,0,0,5,16,13,0,0,0
img_1781,0,0,3,16,12,12,7,0,0,0,12,13,13,16,6,0,0,0,2,0,6,14,0,0,0,0,1,4,13,10,1,0,0,0,9,16,16,16,8,0,0,0,4,12,12,7,1,0,0,0,0,14,6,0,0,0,0,0,4,16,2,0,0,0
img_1782,0,0,6,15,4,0,0,0,0,1,14,7,0,0,0,0,0,4,15,1,0,0,0,0,0,5,11,0,2,1,0,0,0,4,13,12,16,13,3,0,0,1,16,2,1,8,10,0,0,0,12,4,0,11,12,0,0,0,4,13,12,14,2,0
img_1783,0,0,9,16,16,13,1,0,0,0,12,13,14,16,7,0,0,0,0,0,6,16,4,0,0,0,0,0,13,14,1,0,0,0,1,10,16,6,0,0,0,0,7,16,8,0,0,0,0,2,15,16,12,7,0,0,0,0,9,14,16,16,2,0
img_1784,0,0,0,2,16,3,0,0,0,0,0,12,13,0,0,0,0,0,8,15,2,1,0,0,0,1,15,8,1,13,11,0,0,9,16,7,12,16,4,0,0,5,13,16,16,11,0,0,0,0,0,2,16,5,0,0,0,0,0,4,16,2,0,0
img_1785,0,0,2,15,15,16,11,0,0,0,8,16,11,3,0,0,0,0,13,9,0,0,0,0,0,5,16,3,9,11,3,0,0,10,15,15,16,16,11,0,0,6,16,10,7,16,5,0,0,0,3,4,15,8,0,0,0,0,4,15,7,0,0,0
img_1786,0,0,0,14,4,0,0,0,0,0,6,13,1,0,0,0,0,0,15,4,0,0,0,0,0,4,16,7,4,2,0,0,0,8,16,11,9,15,5,0,0,5,14,1,0,10,9,0,0,0,11,12,5,13,5,0,0,0,1,13,16,9,0,0
img_1787,0,0,4,10,16,16,7,0,0,3,16,13,11,16,2,0,0,1,3,0,10,9,0,0,0,0,5,8,14,15,13,0,0,0,15,16,14,12,8,0,0,0,3,12,7,0,0,0,0,0,0,15,4,0,0,0,0,0,3,14,1,0,0,0
img_1788,0,0,0,8,10,14,3,0,0,1,13,13,9,12,8,0,0,6,16,8,8,16,4,0,0,5,16,16,16,9,0,0,0,0,5,8,14,12,0,0,0,0,0,3,16,5,0,0,0,0,0,15,8,0,0,0,0,0,1,12,2,0,0,0
img_1789,0,1,12,16,10,1,0,0,0,8,12,3,11,8,0,0,0,12,13,6,12,8,0,0,0,3,15,16,16,16,1,0,0,0,0,0,0,13,6,0,0,0,0,0,0,6,11,0,0,0,13,0,0,5,12,0,0,0,12,16,16,16,8,0
img_1790,0,0,3,13,16,11,0,0,0,0,14,12,14,16,1,0,0,0,6,0,7,15,0,0,0,0,0,0,12,11,0,0,0,0,8,13,16,14,4,0,0,5,16,16,14,12,4,0,0,0,3,16,3,0,0,0,0,0,8,13,0,0,0,0
img_1791,0,0,0,0,6,15,2,0,0,0,0,5,16,16,2,0,0,0,4,16,12,16,0,0,0,4,15,6,7,13,0,0,0,11,15,15,16,16,9,0,0,9,13,12,13,14,3,0,0,0,0,0,9,8,0,0,0,0,0,0,8,8,0,0
img_1792,0,0,0,0,9,15,0,0,0,0,1,10,16,16,1,0,0,5,16,15,14,16,0,0,0,1,8,0,10,16,0,0,0,0,0,0,11,16,0,0,0,0,0,0,10,15,0,0,0,0,0,0,12,16,3,0,0,0,0,0,8,16,3,0
img_1793,0,0,3,10,14,3,0,0,0,4,16,13,15,11,0,0,0,8,13,1,13,16,2,0,0,6,16,14,14,14,6,0,0,0,5,7,1,11,8,0,0,1,8,1,0,8,8,0,0,2,16,11,8,14,7,0,0,0,5,12,14,9,1,0
img_1794,0,0,3,4,10,0,0,0,0,3,15,8,14,3,0,0,0,8,7,0,10,6,0,0,0,3,11,8,15,11,0,0,0,0,1,7,3,13,3,0,0,0,0,0,0,6,9,0,0,0,9,6,1,0,16,0,0,0,0,3,11,16,16,3
img_1795,0,0,9,11,2,0,0,0,0,8,16,14,12,0,0,0,0,9,10,5,15,0,0,0,0,5,10,4,16,1,0,0,0,0,0,5,15,0,0,0,0,0,2,13,9,2,1,0,0,0,10,16,15,14,15,0,0,0,7,9,9,12,4,0
img_1796,0,0,11,16,16,10,0,0,1,14,16,9,11,16,1,0,1,14,3,0,12,14,0,0,0,0,0,6,16,7,0,0,0,0,0,0,8,16,5,0,0,0,0,0,0,12,10,0,0,0,2,4,5,14,13,0,0,0,11,16,16,16,4,0
